date,ticker,nav,close,aum,shares_outstanding,daily_share_change,estimated_flow,price_effect,aum_change,residual,premium_discount,quality_flag
2000-05-10,EWY,20.3022,,5075560,250000.0,,,,,,,normal
2000-05-11,EWY,20.2399,,5059980,250000.0,0.0,0.0,-15580.0,-15580.0,-0.0,,normal
2000-05-12,EWY,19.6346,19.6875,4908650,250000.0,0.0,0.0,-151330.0,-151330.0,0.0,0.269,normal
2000-05-15,EWY,19.505,19.4375,4876260,250000.0,0.0,0.0,-32390.0,-32390.0,-0.0,-0.346,normal
2000-05-16,EWY,19.9534,19.8125,19953360,1000000.0,750000.0,14965020.0,112080.0,15077100.0,0.0,-0.706,normal
2000-05-17,EWY,19.4304,19.4375,19430380,1000000.0,0.0,0.0,-522980.0,-522980.0,0.0,0.037,normal
2000-05-18,EWY,19.1084,19.25,19108420,1000000.0,0.0,0.0,-321960.0,-321960.0,0.0,0.741,normal
2000-05-19,EWY,19.3673,19.3125,19367300,1000000.0,0.0,0.0,258880.0,258880.0,-0.0,-0.283,normal
2000-05-22,EWY,18.3043,17.4375,18304270,1000000.0,0.0,0.0,-1063030.0,-1063030.0,0.0,-4.735,normal
2000-05-23,EWY,17.9006,17.875,17900630,1000000.0,0.0,0.0,-403640.0,-403640.0,-0.0,-0.143,normal
2000-05-24,EWY,17.813,17.6875,17813040,1000000.0,0.0,0.0,-87590.0,-87590.0,-0.0,-0.705,normal
2000-05-25,EWY,18.37,17.875,18369960,1000000.0,0.0,0.0,556920.0,556920.0,0.0,-2.694,normal
2000-05-26,EWY,17.1514,16.9375,17151360,1000000.0,0.0,0.0,-1218600.0,-1218600.0,-0.0,-1.247,normal
2000-05-30,EWY,18.1494,17.9375,18149430,1000000.0,0.0,0.0,998070.0,998070.0,0.0,-1.168,normal
2000-05-31,EWY,19.2483,19.25,19248260,1000000.0,0.0,0.0,1098830.0,1098830.0,0.0,0.009,normal
2000-06-01,EWY,19.4747,19.1875,19474660,1000000.0,0.0,0.0,226400.0,226400.0,-0.0,-1.474,normal
2000-06-02,EWY,20.2022,20.5,20202250,1000000.0,0.0,0.0,727590.0,727590.0,0.0,1.474,normal
2000-06-05,EWY,21.217,21.0,21217020,1000000.0,0.0,0.0,1014770.0,1014770.0,-0.0,-1.023,normal
2000-06-06,EWY,21.2354,20.75,21235400,1000000.0,0.0,0.0,18380.0,18380.0,0.0,-2.286,normal
2000-06-07,EWY,21.7679,21.25,21767930,1000000.0,0.0,0.0,532530.0,532530.0,-0.0,-2.379,normal
2000-06-08,EWY,20.9085,20.25,20908460,1000000.0,0.0,0.0,-859470.0,-859470.0,-0.0,-3.149,normal
2000-06-09,EWY,22.1954,22.125,22195370,1000000.0,0.0,0.0,1286910.0,1286910.0,0.0,-0.317,normal
2000-06-12,EWY,22.636,22.0,22635990,1000000.0,0.0,0.0,440620.0,440620.0,0.0,-2.81,normal
2000-06-13,EWY,21.4931,21.125,21493150,1000000.0,0.0,0.0,-1142840.0,-1142840.0,-0.0,-1.713,normal
2000-06-14,EWY,21.6921,21.625,21692060,1000000.0,0.0,0.0,198910.0,198910.0,-0.0,-0.309,normal
2000-06-15,EWY,20.4027,20.0,20402730,1000000.0,0.0,0.0,-1289330.0,-1289330.0,0.0,-1.974,normal
2000-06-16,EWY,20.2078,19.5,20207840,1000000.0,0.0,0.0,-194890.0,-194890.0,-0.0,-3.503,normal
2000-06-19,EWY,20.0348,19.6875,20034840,1000000.0,0.0,0.0,-173000.0,-173000.0,0.0,-1.734,normal
2000-06-20,EWY,20.9599,20.625,20959880,1000000.0,0.0,0.0,925040.0,925040.0,0.0,-1.598,normal
2000-06-21,EWY,20.8613,20.375,20861320,1000000.0,0.0,0.0,-98560.0,-98560.0,-0.0,-2.331,normal
2000-06-22,EWY,20.7972,20.125,20797240,1000000.0,0.0,0.0,-64080.0,-64080.0,0.0,-3.232,normal
2000-06-23,EWY,20.7171,20.25,20717090,1000000.0,0.0,0.0,-80150.0,-80150.0,-0.0,-2.255,normal
2000-06-26,EWY,21.0812,20.75,21081150,1000000.0,0.0,0.0,364060.0,364060.0,-0.0,-1.571,normal
2000-06-27,EWY,21.4898,20.8125,21489790,1000000.0,0.0,0.0,408640.0,408640.0,0.0,-3.152,normal
2000-06-28,EWY,21.7482,21.1875,21748250,1000000.0,0.0,0.0,258460.0,258460.0,0.0,-2.578,normal
2000-06-29,EWY,21.8119,20.9375,21811880,1000000.0,0.0,0.0,63630.0,63630.0,0.0,-4.009,normal
2000-06-30,EWY,21.8194,21.0,21819430,1000000.0,0.0,0.0,7550.0,7550.0,-0.0,-3.756,normal
2000-07-03,EWY,22.2561,21.6875,22256110,1000000.0,0.0,0.0,436680.0,436680.0,0.0,-2.555,normal
2000-07-05,EWY,22.0101,21.375,22010060,1000000.0,0.0,0.0,-246050.0,-246050.0,0.0,-2.885,normal
2000-07-06,EWY,22.1967,21.375,22196660,1000000.0,0.0,0.0,186600.0,186600.0,-0.0,-3.702,normal
2000-07-07,EWY,22.1917,22.0,22191730,1000000.0,0.0,0.0,-4930.0,-4930.0,0.0,-0.864,normal
2000-07-10,EWY,22.3978,21.75,22397820,1000000.0,0.0,0.0,206090.0,206090.0,0.0,-2.892,normal
2000-07-11,EWY,21.9334,21.0,21933380,1000000.0,0.0,0.0,-464440.0,-464440.0,-0.0,-4.255,normal
2000-07-12,EWY,22.0837,21.5625,22083660,1000000.0,0.0,0.0,150280.0,150280.0,0.0,-2.36,normal
2000-07-13,EWY,22.3668,21.9375,22366840,1000000.0,0.0,0.0,283180.0,283180.0,-0.0,-1.919,normal
2000-07-14,EWY,21.9106,21.25,21910580,1000000.0,0.0,0.0,-456260.0,-456260.0,0.0,-3.015,normal
2000-07-17,EWY,21.9079,21.5,21907870,1000000.0,0.0,0.0,-2710.0,-2710.0,0.0,-1.862,normal
2000-07-18,EWY,21.5217,20.875,21521710,1000000.0,0.0,0.0,-386160.0,-386160.0,0.0,-3.005,normal
2000-07-19,EWY,21.0511,20.6875,21051050,1000000.0,0.0,0.0,-470660.0,-470660.0,-0.0,-1.727,normal
2000-07-20,EWY,20.7198,20.375,20719760,1000000.0,0.0,0.0,-331290.0,-331290.0,-0.0,-1.664,normal
2000-07-21,EWY,20.7304,20.5,20730400,1000000.0,0.0,0.0,10640.0,10640.0,0.0,-1.111,normal
2000-07-24,EWY,19.5478,19.5,19547790,1000000.0,0.0,0.0,-1182610.0,-1182610.0,0.0,-0.244,normal
2000-07-25,EWY,19.5622,19.5625,19562160,1000000.0,0.0,0.0,14370.0,14370.0,0.0,0.002,normal
2000-07-26,EWY,19.7163,19.4375,19716290,1000000.0,0.0,0.0,154130.0,154130.0,-0.0,-1.414,normal
2000-07-27,EWY,19.2669,19.0,19266880,1000000.0,0.0,0.0,-449410.0,-449410.0,0.0,-1.385,normal
2000-07-28,EWY,18.1546,17.9375,18154590,1000000.0,0.0,0.0,-1112290.0,-1112290.0,0.0,-1.196,normal
2000-07-31,EWY,18.55,18.4375,13912510,750000.0,-250000.0,-4637503.0,395423.0,-4242080.0,0.0,-0.607,normal
2000-08-01,EWY,19.1321,18.75,14349070,750000.0,0.0,0.0,436560.0,436560.0,-0.0,-1.997,normal
2000-08-02,EWY,19.2037,18.875,14402740,750000.0,0.0,0.0,53670.0,53670.0,0.0,-1.711,normal
2000-08-03,EWY,19.0127,18.875,14259540,750000.0,0.0,0.0,-143200.0,-143200.0,-0.0,-0.724,normal
2000-08-04,EWY,18.607,18.625,13955280,750000.0,0.0,0.0,-304260.0,-304260.0,0.0,0.097,normal
2000-08-07,EWY,17.6014,18.0,13201020,750000.0,0.0,0.0,-754260.0,-754260.0,0.0,2.265,normal
2000-08-08,EWY,17.3463,17.375,13009760,750000.0,0.0,0.0,-191260.0,-191260.0,-0.0,0.165,normal
2000-08-09,EWY,18.6574,18.5,13993030,750000.0,0.0,0.0,983269.0,983270.0,1.0,-0.844,normal
2000-08-10,EWY,19.2764,19.1875,14457310,750000.0,0.0,0.0,464280.0,464280.0,-0.0,-0.461,normal
2000-08-11,EWY,19.0909,18.875,14318200,750000.0,0.0,0.0,-139110.0,-139110.0,0.0,-1.131,normal
2000-08-14,EWY,19.2419,19.4375,14431400,750000.0,0.0,0.0,113200.0,113200.0,-0.0,1.017,normal
2000-08-15,EWY,19.2474,19.25,14435540,750000.0,0.0,0.0,4140.0,4140.0,-0.0,0.014,normal
2000-08-16,EWY,19.6751,19.9375,14756350,750000.0,0.0,0.0,320809.0,320810.0,1.0,1.333,normal
2000-08-17,EWY,19.5549,20.3125,14666140,750000.0,0.0,0.0,-90210.0,-90210.0,-0.0,3.874,normal
2000-08-18,EWY,19.1,19.0,14325010,750000.0,0.0,0.0,-341130.0,-341130.0,0.0,-0.524,normal
2000-08-21,EWY,18.9827,19.0625,14237050,750000.0,0.0,0.0,-87960.0,-87960.0,0.0,0.42,normal
2000-08-22,EWY,19.4361,19.5,14577060,750000.0,0.0,0.0,340010.0,340010.0,-0.0,0.329,normal
2000-08-23,EWY,18.9091,18.8125,14181800,750000.0,0.0,0.0,-395260.0,-395260.0,-0.0,-0.511,normal
2000-08-24,EWY,18.8316,19.125,14123710,750000.0,0.0,0.0,-58090.0,-58090.0,0.0,1.558,normal
2000-08-25,EWY,19.1733,19.0,14379980,750000.0,0.0,0.0,256271.0,256270.0,-1.0,-0.904,normal
2000-08-28,EWY,19.2963,19.6875,14472250,750000.0,0.0,0.0,92269.0,92270.0,1.0,2.027,normal
2000-08-29,EWY,19.3062,19.8125,14479640,750000.0,0.0,0.0,7391.0,7390.0,-1.0,2.623,normal
2000-08-30,EWY,18.9605,19.8125,14220360,750000.0,0.0,0.0,-259280.0,-259280.0,0.0,4.494,normal
2000-08-31,EWY,18.1583,18.75,13618690,750000.0,0.0,0.0,-601670.0,-601670.0,0.0,3.259,normal
2000-09-01,EWY,18.3398,18.8125,13754820,750000.0,0.0,0.0,136130.0,136130.0,-0.0,2.578,normal
2000-09-05,EWY,17.9917,18.4375,13493790,750000.0,0.0,0.0,-261030.0,-261030.0,-0.0,2.478,normal
2000-09-06,EWY,17.8918,17.875,13418820,750000.0,0.0,0.0,-74970.0,-74970.0,-0.0,-0.094,normal
2000-09-07,EWY,17.303,17.5,12977230,750000.0,0.0,0.0,-441590.0,-441590.0,0.0,1.139,normal
2000-09-08,EWY,17.2376,17.25,12928230,750000.0,0.0,0.0,-49000.0,-49000.0,-0.0,0.072,normal
2000-09-11,EWY,17.2363,17.4375,12927220,750000.0,0.0,0.0,-1010.0,-1010.0,0.0,1.167,normal
2000-09-12,EWY,17.2359,17.5,12926920,750000.0,0.0,0.0,-300.0,-300.0,-0.0,1.532,normal
2000-09-13,EWY,17.2277,17.25,12920790,750000.0,0.0,0.0,-6130.0,-6130.0,-0.0,0.129,normal
2000-09-14,EWY,17.0077,17.25,12755810,750000.0,0.0,0.0,-164980.0,-164980.0,-0.0,1.424,normal
2000-09-15,EWY,16.4083,16.875,12306240,750000.0,0.0,0.0,-449570.0,-449570.0,0.0,2.844,normal
2000-09-18,EWY,14.8864,15.0,11164810,750000.0,0.0,0.0,-1141430.0,-1141430.0,0.0,0.763,normal
2000-09-19,EWY,14.6758,15.125,11006830,750000.0,0.0,0.0,-157980.0,-157980.0,-0.0,3.061,normal
2000-09-20,EWY,15.5507,15.875,11663030,750000.0,0.0,0.0,656200.0,656200.0,-0.0,2.085,normal
2000-09-21,EWY,15.3782,15.375,11533640,750000.0,0.0,0.0,-129390.0,-129390.0,-0.0,-0.021,normal
2000-09-22,EWY,14.1642,14.75,10623120,750000.0,0.0,0.0,-910520.0,-910520.0,0.0,4.136,normal
2000-09-25,EWY,15.1504,15.25,11362770,750000.0,0.0,0.0,739650.0,739650.0,0.0,0.658,normal
2000-09-26,EWY,15.2634,15.5,11447570,750000.0,0.0,0.0,84800.0,84800.0,-0.0,1.55,normal
2000-09-27,EWY,15.6982,15.8125,11773660,750000.0,0.0,0.0,326090.0,326090.0,0.0,0.728,normal
2000-09-28,EWY,15.899,16.3125,11924220,750000.0,0.0,0.0,150560.0,150560.0,-0.0,2.601,normal
2000-09-29,EWY,16.1061,16.375,12079610,750000.0,0.0,0.0,155390.0,155390.0,-0.0,1.669,normal
2000-10-02,EWY,15.3478,15.3125,11510830,750000.0,0.0,0.0,-568780.0,-568780.0,0.0,-0.23,normal
2000-10-03,EWY,15.3411,15.3125,11505850,750000.0,0.0,0.0,-4980.0,-4980.0,0.0,-0.187,normal
2000-10-04,EWY,15.572,15.75,11678980,750000.0,0.0,0.0,173130.0,173130.0,-0.0,1.143,normal
2000-10-05,EWY,15.8367,15.8125,11877520,750000.0,0.0,0.0,198540.0,198540.0,-0.0,-0.153,normal
2000-10-06,EWY,15.871,15.875,11903280,750000.0,0.0,0.0,25760.0,25760.0,-0.0,0.025,normal
2000-10-09,EWY,15.2741,15.0,11455540,750000.0,0.0,0.0,-447740.0,-447740.0,0.0,-1.794,normal
2000-10-10,EWY,15.2065,15.3125,11404910,750000.0,0.0,0.0,-50629.0,-50630.0,-1.0,0.697,normal
2000-10-11,EWY,14.2923,14.5625,10719210,750000.0,0.0,0.0,-685700.0,-685700.0,0.0,1.891,normal
2000-10-12,EWY,13.7515,13.75,10313590,750000.0,0.0,0.0,-405620.0,-405620.0,0.0,-0.011,normal
2000-10-13,EWY,13.3753,14.0,10031490,750000.0,0.0,0.0,-282100.0,-282100.0,-0.0,4.67,normal
2000-10-16,EWY,14.128,14.0,10595980,750000.0,0.0,0.0,564490.0,564490.0,0.0,-0.906,normal
2000-10-17,EWY,13.0149,13.3125,9761190,750000.0,0.0,0.0,-834790.0,-834790.0,-0.0,2.287,normal
2000-10-18,EWY,12.9871,13.25,9740290,750000.0,0.0,0.0,-20900.0,-20900.0,0.0,2.025,normal
2000-10-19,EWY,13.1034,13.6875,9827540,750000.0,0.0,0.0,87251.0,87250.0,-1.0,4.458,normal
2000-10-20,EWY,14.1815,14.5625,10636120,750000.0,0.0,0.0,808580.0,808580.0,0.0,2.687,normal
2000-10-23,EWY,13.6,14.4375,10200000,750000.0,0.0,0.0,-436120.0,-436120.0,-0.0,6.158,normal
2000-10-24,EWY,14.12,14.4375,10589970,750000.0,0.0,0.0,389970.0,389970.0,-0.0,2.249,normal
2000-10-25,EWY,14.0115,13.875,10508600,750000.0,0.0,0.0,-81370.0,-81370.0,-0.0,-0.974,normal
2000-10-26,EWY,13.4592,13.6875,10094400,750000.0,0.0,0.0,-414200.0,-414200.0,0.0,1.696,normal
2000-10-27,EWY,13.2169,13.5,9912690,750000.0,0.0,0.0,-181710.0,-181710.0,-0.0,2.142,normal
2000-10-30,EWY,12.9292,13.1875,9696920,750000.0,0.0,0.0,-215770.0,-215770.0,-0.0,1.998,normal
2000-10-31,EWY,13.3529,13.6875,10014660,750000.0,0.0,0.0,317740.0,317740.0,0.0,2.506,normal
2000-11-01,EWY,14.351,14.3125,10763270,750000.0,0.0,0.0,748610.0,748610.0,-0.0,-0.269,normal
2000-11-02,EWY,14.6108,14.9375,10958090,750000.0,0.0,0.0,194820.0,194820.0,0.0,2.236,normal
2000-11-03,EWY,14.6586,15.1875,10993930,750000.0,0.0,0.0,35840.0,35840.0,0.0,3.608,normal
2000-11-06,EWY,14.5226,15.0,10891970,750000.0,0.0,0.0,-101960.0,-101960.0,-0.0,3.287,normal
2000-11-07,EWY,14.4329,14.75,10824650,750000.0,0.0,0.0,-67320.0,-67320.0,0.0,2.197,normal
2000-11-08,EWY,14.6845,14.5,11013370,750000.0,0.0,0.0,188719.0,188720.0,1.0,-1.256,normal
2000-11-09,EWY,14.8311,14.875,11123350,750000.0,0.0,0.0,109980.0,109980.0,0.0,0.296,normal
2000-11-10,EWY,14.888,15.0,11166030,750000.0,0.0,0.0,42680.0,42680.0,-0.0,0.752,normal
2000-11-13,EWY,14.065,14.375,10548780,750000.0,0.0,0.0,-617250.0,-617250.0,0.0,2.204,normal
2000-11-14,EWY,14.4233,14.875,10817460,750000.0,0.0,0.0,268680.0,268680.0,-0.0,3.132,normal
2000-11-15,EWY,14.6226,14.875,10966930,750000.0,0.0,0.0,149470.0,149470.0,0.0,1.726,normal
2000-11-16,EWY,14.4488,14.75,10836590,750000.0,0.0,0.0,-130339.0,-130340.0,-1.0,2.085,normal
2000-11-17,EWY,14.3174,14.75,10738020,750000.0,0.0,0.0,-98570.0,-98570.0,0.0,3.022,normal
2000-11-20,EWY,13.7472,14.125,10310390,750000.0,0.0,0.0,-427630.0,-427630.0,-0.0,2.748,normal
2000-11-21,EWY,13.4299,13.5,10072440,750000.0,0.0,0.0,-237950.0,-237950.0,0.0,0.522,normal
2000-11-22,EWY,13.0596,13.5625,9794700,750000.0,0.0,0.0,-277740.0,-277740.0,-0.0,3.851,normal
2000-11-24,EWY,13.2038,13.5,9902880,750000.0,0.0,0.0,108180.0,108180.0,0.0,2.243,normal
2000-11-27,EWY,13.8964,14.125,10422270,750000.0,0.0,0.0,519390.0,519390.0,0.0,1.645,normal
2000-11-28,EWY,13.4501,13.625,10087580,750000.0,0.0,0.0,-334690.0,-334690.0,-0.0,1.3,normal
2000-11-29,EWY,12.7548,12.75,9566130,750000.0,0.0,0.0,-521450.0,-521450.0,0.0,-0.038,normal
2000-11-30,EWY,12.4124,12.625,16756690,1350000.0,600000.0,7447418.0,-256858.0,7190560.0,-0.0,1.713,normal
2000-12-01,EWY,12.584,12.8125,16988409,1350000.0,0.0,0.0,231719.0,231719.0,-0.0,1.816,normal
2000-12-04,EWY,12.1666,12.4375,16424930,1350000.0,0.0,0.0,-563479.0,-563479.0,0.0,2.227,normal
2000-12-05,EWY,12.7462,13.25,17207330,1350000.0,0.0,0.0,782399.0,782400.0,1.0,3.953,normal
2000-12-06,EWY,12.8469,12.875,17343270,1350000.0,0.0,0.0,135941.0,135940.0,-1.0,0.219,normal
2000-12-07,EWY,13.0162,13.25,17571890,1350000.0,0.0,0.0,228620.0,228620.0,0.0,1.796,normal
2000-12-08,EWY,13.4061,13.75,18098300,1350000.0,0.0,0.0,526410.0,526410.0,0.0,2.565,normal
2000-12-11,EWY,14.0881,14.125,19018900,1350000.0,0.0,0.0,920600.0,920600.0,-0.0,0.262,normal
2000-12-12,EWY,13.689,13.5,18480141,1350000.0,0.0,0.0,-538759.0,-538759.0,0.0,-1.381,normal
2000-12-13,EWY,14.1209,14.0625,19063150,1350000.0,0.0,0.0,583010.0,583009.0,-1.0,-0.413,normal
2000-12-14,EWY,13.7107,13.75,18509440,1350000.0,0.0,0.0,-553711.0,-553710.0,1.0,0.287,normal
2000-12-15,EWY,13.2844,13.1875,17933980,1350000.0,0.0,0.0,-575459.0,-575460.0,-1.0,-0.73,normal
2000-12-18,EWY,13.471,13.75,18185859,1350000.0,0.0,0.0,251879.0,251879.0,0.0,2.071,normal
2000-12-19,EWY,13.2845,13.25,17934101,1350000.0,0.0,0.0,-251759.0,-251758.0,1.0,-0.26,normal
2000-12-20,EWY,12.7715,12.875,17241560,1350000.0,0.0,0.0,-692541.0,-692541.0,-0.0,0.81,normal
2000-12-21,EWY,12.6279,12.75,17047660,1350000.0,0.0,0.0,-193900.0,-193900.0,0.0,0.967,normal
2000-12-22,EWY,12.2483,12.375,16535190,1350000.0,0.0,0.0,-512469.0,-512470.0,-1.0,1.034,normal
2000-12-26,EWY,12.15,12.25,16402509,1350000.0,0.0,0.0,-132681.0,-132681.0,-0.0,0.823,normal
2000-12-27,EWY,12.0894,12.0,16320730,1350000.0,0.0,0.0,-81779.0,-81779.0,-0.0,-0.74,normal
2000-12-28,EWY,12.1469,12.3125,16398360,1350000.0,0.0,0.0,77629.0,77630.0,1.0,1.363,normal
2000-12-29,EWY,12.0261,12.25,16235230,1350000.0,0.0,0.0,-163130.0,-163130.0,-0.0,1.862,normal
2001-01-02,EWY,12.442,12.4375,16796660,1350000.0,0.0,0.0,561430.0,561430.0,0.0,-0.036,normal
2001-01-03,EWY,12.5055,13.8125,16882420,1350000.0,0.0,0.0,85760.0,85760.0,-0.0,10.451,normal
2001-01-04,EWY,13.4946,13.4375,18217730,1350000.0,0.0,0.0,1335311.0,1335310.0,-1.0,-0.423,normal
2001-01-05,EWY,14.1992,13.9375,19168870,1350000.0,0.0,0.0,951140.0,951140.0,0.0,-1.843,normal
2001-01-08,EWY,14.293,14.5,19295541,1350000.0,0.0,0.0,126670.0,126671.0,1.0,1.448,normal
2001-01-09,EWY,14.4234,14.625,19471570,1350000.0,0.0,0.0,176029.0,176029.0,-0.0,1.398,normal
2001-01-10,EWY,13.5258,13.75,18259870,1350000.0,0.0,0.0,-1211699.0,-1211700.0,-1.0,1.657,normal
2001-01-11,EWY,13.4487,14.0,18155690,1350000.0,0.0,0.0,-104181.0,-104180.0,1.0,4.1,normal
2001-01-12,EWY,14.0883,14.5,19019150,1350000.0,0.0,0.0,863460.0,863460.0,-0.0,2.923,normal
2001-01-16,EWY,14.4198,14.1875,19466671,1350000.0,0.0,0.0,447521.0,447521.0,0.0,-1.611,normal
2001-01-17,EWY,14.3808,14.75,19414060,1350000.0,0.0,0.0,-52611.0,-52611.0,-0.0,2.567,normal
2001-01-18,EWY,14.5786,15.0,19681160,1350000.0,0.0,0.0,267100.0,267100.0,-0.0,2.89,normal
2001-01-19,EWY,15.107,15.25,20394400,1350000.0,0.0,0.0,713240.0,713240.0,-0.0,0.947,normal
2001-01-22,EWY,15.251,15.3125,20588909,1350000.0,0.0,0.0,194509.0,194509.0,-0.0,0.403,normal
2001-01-23,EWY,15.2506,15.875,20588360,1350000.0,0.0,0.0,-549.0,-549.0,0.0,4.094,normal
2001-01-24,EWY,15.2347,15.9375,20566830,1350000.0,0.0,0.0,-21530.0,-21530.0,-0.0,4.613,normal
2001-01-25,EWY,15.2212,15.5,20548640,1350000.0,0.0,0.0,-18190.0,-18190.0,-0.0,1.832,normal
2001-01-26,EWY,14.2232,14.1875,19201350,1350000.0,0.0,0.0,-1347291.0,-1347290.0,1.0,-0.251,normal
2001-01-29,EWY,14.4283,14.65,19478250,1350000.0,0.0,0.0,276900.0,276900.0,0.0,1.536,normal
2001-01-30,EWY,14.3318,14.41,19347939,1350000.0,0.0,0.0,-130310.0,-130311.0,-1.0,0.546,normal
2001-01-31,EWY,15.206,15.1,20528159,1350000.0,0.0,0.0,1180220.0,1180220.0,0.0,-0.697,normal
2001-02-01,EWY,15.0499,14.96,20317400,1350000.0,0.0,0.0,-210759.0,-210759.0,0.0,-0.598,normal
2001-02-02,EWY,15.0124,15.03,20266681,1350000.0,0.0,0.0,-50719.0,-50719.0,0.0,0.117,normal
2001-02-05,EWY,14.0995,14.15,19034280,1350000.0,0.0,0.0,-1232400.0,-1232401.0,-1.0,0.358,normal
2001-02-06,EWY,14.3548,14.39,19378950,1350000.0,0.0,0.0,344670.0,344670.0,0.0,0.245,normal
2001-02-07,EWY,14.0394,14.15,18953150,1350000.0,0.0,0.0,-425801.0,-425800.0,1.0,0.788,normal
2001-02-08,EWY,14.4232,14.53,19471300,1350000.0,0.0,0.0,518150.0,518150.0,-0.0,0.741,normal
2001-02-09,EWY,14.5735,14.64,19674280,1350000.0,0.0,0.0,202981.0,202980.0,-1.0,0.456,normal
2001-02-12,EWY,14.6367,14.69,19759560,1350000.0,0.0,0.0,85279.0,85280.0,1.0,0.364,normal
2001-02-13,EWY,14.7712,14.57,19941120,1350000.0,0.0,0.0,181560.0,181560.0,-0.0,-1.362,normal
2001-02-14,EWY,14.9504,15.04,20183060,1350000.0,0.0,0.0,241940.0,241940.0,-0.0,0.599,normal
2001-02-15,EWY,14.9561,15.27,20190750,1350000.0,0.0,0.0,7690.0,7690.0,0.0,2.099,normal
2001-02-16,EWY,15.1223,14.65,20415060,1350000.0,0.0,0.0,224311.0,224310.0,-1.0,-3.123,normal
2001-02-20,EWY,15.3112,15.1,20670129,1350000.0,0.0,0.0,255069.0,255069.0,0.0,-1.379,normal
2001-02-21,EWY,14.8138,14.72,19998600,1350000.0,0.0,0.0,-671529.0,-671529.0,0.0,-0.633,normal
2001-02-22,EWY,14.4673,14.3,19530850,1350000.0,0.0,0.0,-467751.0,-467750.0,1.0,-1.156,normal
2001-02-23,EWY,14.3357,14.25,19353130,1350000.0,0.0,0.0,-177719.0,-177720.0,-1.0,-0.598,normal
2001-02-26,EWY,14.4163,14.58,19461950,1350000.0,0.0,0.0,108819.0,108820.0,1.0,1.136,normal
2001-02-27,EWY,14.1846,14.2,19149260,1350000.0,0.0,0.0,-312690.0,-312690.0,-0.0,0.108,normal
2001-02-28,EWY,14.1084,13.77,19046290,1350000.0,0.0,0.0,-102970.0,-102970.0,-0.0,-2.398,normal
2001-03-01,EWY,14.0256,14.0,18934530,1350000.0,0.0,0.0,-111760.0,-111760.0,-0.0,-0.182,normal
2001-03-02,EWY,13.5426,13.52,18282540,1350000.0,0.0,0.0,-651991.0,-651990.0,1.0,-0.167,normal
2001-03-05,EWY,13.6919,13.75,18484000,1350000.0,0.0,0.0,201461.0,201460.0,-1.0,0.425,normal
2001-03-06,EWY,13.8425,14.0,18687390,1350000.0,0.0,0.0,203390.0,203390.0,0.0,1.138,normal
2001-03-07,EWY,13.7874,13.85,18613040,1350000.0,0.0,0.0,-74350.0,-74350.0,-0.0,0.454,normal
2001-03-08,EWY,14.0885,13.95,19019440,1350000.0,0.0,0.0,406400.0,406400.0,0.0,-0.983,normal
2001-03-09,EWY,13.6824,13.27,18471270,1350000.0,0.0,0.0,-548170.0,-548170.0,0.0,-3.014,normal
2001-03-12,EWY,12.987,12.55,17532459,1350000.0,0.0,0.0,-938810.0,-938811.0,-1.0,-3.365,normal
2001-03-13,EWY,12.6474,12.85,17074040,1350000.0,0.0,0.0,-458420.0,-458419.0,1.0,1.602,normal
2001-03-14,EWY,13.0785,12.7,17655949,1350000.0,0.0,0.0,581909.0,581909.0,-0.0,-2.894,normal
2001-03-15,EWY,12.9959,12.99,17544400,1350000.0,0.0,0.0,-111549.0,-111549.0,0.0,-0.045,normal
2001-03-16,EWY,12.8763,12.99,17382950,1350000.0,0.0,0.0,-161451.0,-161450.0,1.0,0.883,normal
2001-03-19,EWY,12.725,12.7,17178730,1350000.0,0.0,0.0,-204220.0,-204220.0,-0.0,-0.196,normal
2001-03-20,EWY,12.6898,12.0,17131270,1350000.0,0.0,0.0,-47459.0,-47460.0,-1.0,-5.436,normal
2001-03-21,EWY,12.5577,12.12,16952860,1350000.0,0.0,0.0,-178411.0,-178410.0,1.0,-3.485,normal
2001-03-22,EWY,12.3127,12.24,16622119,1350000.0,0.0,0.0,-330741.0,-330741.0,-0.0,-0.59,normal
2001-03-23,EWY,12.7849,12.93,17259570,1350000.0,0.0,0.0,637451.0,637451.0,-0.0,1.135,normal
2001-03-26,EWY,12.949,12.97,17481150,1350000.0,0.0,0.0,221580.0,221580.0,0.0,0.162,normal
2001-03-27,EWY,12.59,12.73,16996550,1350000.0,0.0,0.0,-484600.0,-484600.0,0.0,1.112,normal
2001-03-28,EWY,12.5968,12.2,17005720,1350000.0,0.0,0.0,9171.0,9170.0,-1.0,-3.15,normal
2001-03-29,EWY,12.2509,12.29,16538700,1350000.0,0.0,0.0,-467020.0,-467020.0,0.0,0.319,normal
2001-03-30,EWY,12.2075,12.24,16480140,1350000.0,0.0,0.0,-58560.0,-58560.0,0.0,0.266,normal
2001-04-02,EWY,11.8211,11.85,15958511,1350000.0,0.0,0.0,-521629.0,-521629.0,0.0,0.244,normal
2001-04-03,EWY,11.5483,11.31,15590260,1350000.0,0.0,0.0,-368250.0,-368251.0,-1.0,-2.064,normal
2001-04-04,EWY,11.0812,11.01,14959611,1350000.0,0.0,0.0,-630650.0,-630649.0,1.0,-0.642,normal
2001-04-05,EWY,11.0809,11.6,14959220,1350000.0,0.0,0.0,-390.0,-391.0,-1.0,4.685,normal
2001-04-06,EWY,11.6687,11.6,15752700,1350000.0,0.0,0.0,793480.0,793480.0,-0.0,-0.589,normal
2001-04-09,EWY,11.4235,11.41,15421670,1350000.0,0.0,0.0,-331031.0,-331030.0,1.0,-0.118,normal
2001-04-10,EWY,11.325,11.55,15288750,1350000.0,0.0,0.0,-132920.0,-132920.0,-0.0,1.987,normal
2001-04-11,EWY,11.8731,11.99,16028650,1350000.0,0.0,0.0,739900.0,739900.0,0.0,0.985,normal
2001-04-12,EWY,12.1894,12.34,16455720,1350000.0,0.0,0.0,427070.0,427070.0,0.0,1.235,normal
2001-04-16,EWY,11.8828,11.85,16041839,1350000.0,0.0,0.0,-413880.0,-413881.0,-1.0,-0.276,normal
2001-04-17,EWY,12.0546,12.43,16273690,1350000.0,0.0,0.0,231850.0,231851.0,1.0,3.114,normal
2001-04-18,EWY,12.8511,13.81,17348930,1350000.0,0.0,0.0,1075240.0,1075240.0,0.0,7.462,normal
2001-04-19,EWY,13.7174,13.8,18518460,1350000.0,0.0,0.0,1169531.0,1169530.0,-1.0,0.602,normal
2001-04-20,EWY,13.3318,13.27,17997989,1350000.0,0.0,0.0,-520471.0,-520471.0,-0.0,-0.464,normal
2001-04-23,EWY,13.4486,13.1,18155650,1350000.0,0.0,0.0,157661.0,157661.0,-0.0,-2.592,normal
2001-04-24,EWY,13.4025,13.5,18093380,1350000.0,0.0,0.0,-62270.0,-62270.0,0.0,0.727,normal
2001-04-25,EWY,13.6987,13.85,18493200,1350000.0,0.0,0.0,399820.0,399820.0,-0.0,1.105,normal
2001-04-26,EWY,13.5017,13.6,18227321,1350000.0,0.0,0.0,-265880.0,-265879.0,1.0,0.728,normal
2001-04-27,EWY,13.2457,13.16,17881760,1350000.0,0.0,0.0,-345561.0,-345561.0,-0.0,-0.647,normal
2001-04-30,EWY,13.8912,14.01,18753170,1350000.0,0.0,0.0,871410.0,871410.0,-0.0,0.855,normal
2001-05-01,EWY,13.8909,14.27,18752670,1350000.0,0.0,0.0,-500.0,-500.0,-0.0,2.729,normal
2001-05-02,EWY,14.2546,14.29,19243719,1350000.0,0.0,0.0,491049.0,491049.0,0.0,0.248,normal
2001-05-03,EWY,14.3684,14.4,20115710,1400000.0,50000.0,718418.0,153572.0,871991.0,1.0,0.22,normal
2001-05-04,EWY,14.3985,14.5,20157960,1400000.0,0.0,0.0,42251.0,42250.0,-1.0,0.705,normal
2001-05-07,EWY,14.6503,14.55,21975420,1500000.0,100000.0,1465028.0,352432.0,1817460.0,0.0,-0.684,normal
2001-05-08,EWY,14.3854,14.52,21578050,1500000.0,0.0,0.0,-397369.0,-397370.0,-1.0,0.936,normal
2001-05-09,EWY,14.1243,14.1,21186480,1500000.0,0.0,0.0,-391570.0,-391570.0,0.0,-0.172,normal
2001-05-10,EWY,14.1001,14.1,21150140,1500000.0,0.0,0.0,-36341.0,-36340.0,1.0,-0.001,normal
2001-05-11,EWY,14.2096,14.28,21314470,1500000.0,0.0,0.0,164331.0,164330.0,-1.0,0.495,normal
2001-05-14,EWY,14.2044,14.1,21306550,1500000.0,0.0,0.0,-7920.0,-7920.0,0.0,-0.735,normal
2001-05-15,EWY,14.0056,13.87,21008340,1500000.0,0.0,0.0,-298211.0,-298210.0,1.0,-0.968,normal
2001-05-16,EWY,13.7098,14.24,20564710,1500000.0,0.0,0.0,-443629.0,-443630.0,-1.0,3.867,normal
2001-05-17,EWY,14.4764,14.66,21714610,1500000.0,0.0,0.0,1149900.0,1149900.0,-0.0,1.268,normal
2001-05-18,EWY,14.6105,14.63,21915700,1500000.0,0.0,0.0,201090.0,201090.0,0.0,0.134,normal
2001-05-21,EWY,15.0734,15.36,22610070,1500000.0,0.0,0.0,694370.0,694370.0,0.0,1.901,normal
2001-05-22,EWY,15.0875,15.0,27157450,1800000.0,300000.0,4526242.0,21138.0,4547380.0,0.0,-0.58,normal
2001-05-23,EWY,15.3351,15.24,27603239,1800000.0,0.0,0.0,445790.0,445789.0,-1.0,-0.62,normal
2001-05-24,EWY,15.2863,15.29,27515410,1800000.0,0.0,0.0,-87829.0,-87829.0,0.0,0.024,normal
2001-05-25,EWY,15.2403,15.05,27432500,1800000.0,0.0,0.0,-82910.0,-82910.0,-0.0,-1.248,normal
2001-05-29,EWY,15.4359,15.27,27784651,1800000.0,0.0,0.0,352150.0,352151.0,1.0,-1.075,normal
2001-05-30,EWY,15.3525,14.85,27634579,1800000.0,0.0,0.0,-150071.0,-150072.0,-1.0,-3.273,normal
2001-05-31,EWY,14.9604,15.07,26928670,1800000.0,0.0,0.0,-705910.0,-705909.0,1.0,0.733,normal
2001-06-01,EWY,14.771,14.82,26587741,1800000.0,0.0,0.0,-340929.0,-340929.0,-0.0,0.332,normal
2001-06-04,EWY,14.8293,14.91,26692690,1800000.0,0.0,0.0,104949.0,104949.0,0.0,0.544,normal
2001-06-05,EWY,14.4329,14.54,25979141,1800000.0,0.0,0.0,-713549.0,-713549.0,-0.0,0.742,normal
2001-06-06,EWY,14.4437,14.5,25998590,1800000.0,0.0,0.0,19449.0,19449.0,-0.0,0.39,normal
2001-06-07,EWY,14.5499,14.78,26189899,1800000.0,0.0,0.0,191309.0,191309.0,-0.0,1.581,normal
2001-06-08,EWY,15.1062,15.07,27191090,1800000.0,0.0,0.0,1001191.0,1001191.0,0.0,-0.239,normal
2001-06-11,EWY,14.7225,14.79,26500441,1800000.0,0.0,0.0,-690649.0,-690649.0,0.0,0.459,normal
2001-06-12,EWY,14.6237,14.56,26322750,1800000.0,0.0,0.0,-177691.0,-177691.0,-0.0,-0.436,normal
2001-06-13,EWY,14.788,14.95,26618420,1800000.0,0.0,0.0,295670.0,295670.0,0.0,1.095,normal
2001-06-14,EWY,14.7446,14.45,26540291,1800000.0,0.0,0.0,-78129.0,-78129.0,-0.0,-1.998,normal
2001-06-15,EWY,14.8337,14.82,26700700,1800000.0,0.0,0.0,160409.0,160409.0,0.0,-0.092,normal
2001-06-18,EWY,14.5474,14.61,26185300,1800000.0,0.0,0.0,-515399.0,-515400.0,-1.0,0.43,normal
2001-06-19,EWY,14.4268,14.15,25968251,1800000.0,0.0,0.0,-217049.0,-217049.0,0.0,-1.919,normal
2001-06-20,EWY,14.2008,14.25,25561420,1800000.0,0.0,0.0,-406831.0,-406831.0,-0.0,0.346,normal
2001-06-21,EWY,14.1367,14.3,25446119,1800000.0,0.0,0.0,-115301.0,-115301.0,-0.0,1.155,normal
2001-06-22,EWY,14.1499,14.2,25469879,1800000.0,0.0,0.0,23760.0,23760.0,-0.0,0.354,normal
2001-06-25,EWY,14.0989,14.2,25378099,1800000.0,0.0,0.0,-91780.0,-91780.0,0.0,0.717,normal
2001-06-26,EWY,13.9339,13.95,25080970,1800000.0,0.0,0.0,-297130.0,-297129.0,1.0,0.116,normal
2001-06-27,EWY,13.9054,13.81,25029630,1800000.0,0.0,0.0,-51340.0,-51340.0,-0.0,-0.686,normal
2001-06-28,EWY,13.8227,14.65,24880891,1800000.0,0.0,0.0,-148739.0,-148739.0,0.0,5.985,normal
2001-06-29,EWY,14.1603,14.29,25488520,1800000.0,0.0,0.0,607630.0,607629.0,-1.0,0.916,normal
2001-07-02,EWY,14.1745,14.26,25514069,1800000.0,0.0,0.0,25549.0,25549.0,-0.0,0.603,normal
2001-07-03,EWY,14.1879,14.12,25538161,1800000.0,0.0,0.0,24091.0,24092.0,1.0,-0.478,normal
2001-07-05,EWY,14.1339,14.12,25441020,1800000.0,0.0,0.0,-97141.0,-97141.0,-0.0,-0.098,normal
2001-07-06,EWY,13.7316,13.75,24716950,1800000.0,0.0,0.0,-724070.0,-724070.0,-0.0,0.134,normal
2001-07-09,EWY,13.2944,13.36,23929841,1800000.0,0.0,0.0,-787109.0,-787109.0,0.0,0.494,normal
2001-07-10,EWY,13.2153,13.25,23787509,1800000.0,0.0,0.0,-142331.0,-142332.0,-1.0,0.263,normal
2001-07-11,EWY,12.9968,13.14,23394200,1800000.0,0.0,0.0,-393309.0,-393309.0,-0.0,1.102,normal
2001-07-12,EWY,13.2785,13.4,23901260,1800000.0,0.0,0.0,507060.0,507060.0,0.0,0.915,normal
2001-07-13,EWY,12.932,13.1,23277640,1800000.0,0.0,0.0,-623621.0,-623620.0,1.0,1.299,normal
2001-07-16,EWY,12.8739,12.91,23172989,1800000.0,0.0,0.0,-104650.0,-104651.0,-1.0,0.281,normal
2001-07-17,EWY,12.85,13.0,23130000,1800000.0,0.0,0.0,-42989.0,-42989.0,0.0,1.167,normal
2001-07-18,EWY,12.68,12.72,22824000,1800000.0,0.0,0.0,-306000.0,-306000.0,-0.0,0.316,normal
2001-07-19,EWY,12.95,12.94,23310000,1800000.0,0.0,0.0,486000.0,486000.0,0.0,-0.077,normal
2001-07-20,EWY,12.76,12.86,22968000,1800000.0,0.0,0.0,-342000.0,-342000.0,-0.0,0.784,normal
2001-07-23,EWY,12.44,12.54,22392000,1800000.0,0.0,0.0,-576000.0,-576000.0,0.0,0.804,normal
2001-07-24,EWY,12.45,12.3,22410000,1800000.0,0.0,0.0,18000.0,18000.0,0.0,-1.205,normal
2001-07-25,EWY,12.5,12.78,22500000,1800000.0,0.0,0.0,90000.0,90000.0,-0.0,2.24,normal
2001-07-26,EWY,12.78,12.97,23004000,1800000.0,0.0,0.0,504000.0,504000.0,0.0,1.487,normal
2001-07-27,EWY,13.01,13.18,23418000,1800000.0,0.0,0.0,414000.0,414000.0,-0.0,1.307,normal
2001-07-30,EWY,12.8142,12.89,23065639,1800000.0,0.0,0.0,-352361.0,-352361.0,-0.0,0.591,normal
2001-07-31,EWY,13.0745,13.1,23534010,1800000.0,0.0,0.0,468371.0,468371.0,0.0,0.195,normal
2001-08-01,EWY,13.6334,13.83,24540210,1800000.0,0.0,0.0,1006200.0,1006200.0,0.0,1.442,normal
2001-08-02,EWY,13.8676,14.03,24961649,1800000.0,0.0,0.0,421439.0,421439.0,-0.0,1.171,normal
2001-08-03,EWY,13.9269,14.09,34817230,2500000.0,700000.0,9748824.0,106756.0,9855581.0,0.0,1.171,normal
2001-08-06,EWY,13.9134,13.71,34783570,2500000.0,0.0,0.0,-33660.0,-33660.0,0.0,-1.462,normal
2001-08-07,EWY,13.8364,13.82,34591010,2500000.0,0.0,0.0,-192560.0,-192560.0,-0.0,-0.119,normal
2001-08-08,EWY,13.8228,13.91,34556940,2500000.0,0.0,0.0,-34070.0,-34070.0,0.0,0.631,normal
2001-08-09,EWY,13.3405,13.48,33351280,2500000.0,0.0,0.0,-1205660.0,-1205660.0,-0.0,1.046,normal
2001-08-10,EWY,13.5474,13.45,33868620,2500000.0,0.0,0.0,517340.0,517340.0,0.0,-0.719,normal
2001-08-13,EWY,13.6674,13.87,34168490,2500000.0,0.0,0.0,299870.0,299870.0,-0.0,1.482,normal
2001-08-14,EWY,13.9954,13.97,34988450,2500000.0,0.0,0.0,819960.0,819960.0,-0.0,-0.181,normal
2001-08-15,EWY,13.995,14.02,34987520,2500000.0,0.0,0.0,-930.0,-930.0,0.0,0.179,normal
2001-08-16,EWY,14.1335,14.23,35333670,2500000.0,0.0,0.0,346150.0,346150.0,-0.0,0.683,normal
2001-08-17,EWY,14.0625,13.84,35156300,2500000.0,0.0,0.0,-177370.0,-177370.0,0.0,-1.582,normal
2001-08-20,EWY,13.7068,13.94,34266880,2500000.0,0.0,0.0,-889420.0,-889420.0,-0.0,1.702,normal
2001-08-21,EWY,13.7085,13.61,34271280,2500000.0,0.0,0.0,4400.0,4400.0,-0.0,-0.719,normal
2001-08-22,EWY,13.905,13.94,34762610,2500000.0,0.0,0.0,491330.0,491330.0,0.0,0.251,normal
2001-08-23,EWY,13.8077,13.8,34519250,2500000.0,0.0,0.0,-243360.0,-243360.0,-0.0,-0.056,normal
2001-08-24,EWY,13.753,13.89,39196130,2850000.0,350000.0,4813560.0,-136680.0,4676880.0,0.0,0.996,normal
2001-08-27,EWY,14.0484,13.96,40037920,2850000.0,0.0,0.0,841790.0,841790.0,-0.0,-0.629,normal
2001-08-28,EWY,13.9899,14.03,39871081,2850000.0,0.0,0.0,-166839.0,-166839.0,0.0,0.287,normal
2001-08-29,EWY,13.7769,13.58,39264031,2850000.0,0.0,0.0,-607050.0,-607050.0,0.0,-1.429,normal
2001-08-30,EWY,13.6872,13.54,39008500,2850000.0,0.0,0.0,-255531.0,-255531.0,-0.0,-1.075,normal
2001-08-31,EWY,13.2503,13.2,37763264,2850000.0,0.0,0.0,-1245236.0,-1245236.0,0.0,-0.379,normal
2001-09-04,EWY,13.5621,13.4,38651942,2850000.0,0.0,0.0,888678.0,888678.0,-0.0,-1.195,normal
2001-09-05,EWY,13.3266,13.43,37980804,2850000.0,0.0,0.0,-671138.0,-671138.0,-0.0,0.776,normal
2001-09-06,EWY,13.3115,13.2,37937878,2850000.0,0.0,0.0,-42927.0,-42926.0,1.0,-0.838,normal
2001-09-07,EWY,13.348,13.21,38041794,2850000.0,0.0,0.0,103917.0,103916.0,-1.0,-1.034,normal
2001-09-10,EWY,13.1988,13.53,37616503,2850000.0,0.0,0.0,-425291.0,-425291.0,0.0,2.51,normal
2001-09-17,EWY,11.2874,11.3,32169150,2850000.0,0.0,0.0,-5447353.0,-5447353.0,0.0,0.111,normal
2001-09-18,EWY,11.6167,11.53,33107629,2850000.0,0.0,0.0,938479.0,938479.0,-0.0,-0.746,normal
2001-09-19,EWY,11.5765,11.56,32993071,2850000.0,0.0,0.0,-114559.0,-114558.0,1.0,-0.143,normal
2001-09-20,EWY,11.3008,10.81,32207417,2850000.0,0.0,0.0,-785654.0,-785654.0,-0.0,-4.343,normal
2001-09-21,EWY,10.9876,10.95,31314597,2850000.0,0.0,0.0,-892820.0,-892820.0,-0.0,-0.342,normal
2001-09-24,EWY,11.1365,11.49,31738897,2850000.0,0.0,0.0,424299.0,424300.0,1.0,3.175,normal
2001-09-25,EWY,10.8796,10.95,31006977,2850000.0,0.0,0.0,-731920.0,-731920.0,-0.0,0.647,normal
2001-09-26,EWY,10.9018,10.96,31070013,2850000.0,0.0,0.0,63036.0,63036.0,-0.0,0.534,normal
2001-09-27,EWY,10.8901,10.85,31036870,2850000.0,0.0,0.0,-33143.0,-33143.0,-0.0,-0.368,normal
2001-09-28,EWY,11.0546,11.01,31505499,2850000.0,0.0,0.0,468628.0,468629.0,1.0,-0.403,normal
2001-10-01,EWY,11.0543,11.07,31504821,2850000.0,0.0,0.0,-678.0,-678.0,0.0,0.142,normal
2001-10-02,EWY,10.9975,11.13,31342878,2850000.0,0.0,0.0,-161943.0,-161943.0,-0.0,1.205,normal
2001-10-03,EWY,10.9785,11.5,31288702,2850000.0,0.0,0.0,-54176.0,-54176.0,-0.0,4.75,normal
2001-10-04,EWY,11.5453,11.73,32903971,2850000.0,0.0,0.0,1615269.0,1615269.0,0.0,1.6,normal
2001-10-05,EWY,11.5719,11.59,32979898,2850000.0,0.0,0.0,75927.0,75927.0,0.0,0.157,normal
2001-10-08,EWY,11.4183,11.44,32542107,2850000.0,0.0,0.0,-437791.0,-437791.0,0.0,0.19,normal
2001-10-09,EWY,11.751,11.61,33490478,2850000.0,0.0,0.0,948372.0,948371.0,-1.0,-1.2,normal
2001-10-10,EWY,11.6662,11.8,33248582,2850000.0,0.0,0.0,-241897.0,-241896.0,1.0,1.147,normal
2001-10-11,EWY,12.0766,12.3,34418170,2850000.0,0.0,0.0,1169589.0,1169588.0,-1.0,1.85,normal
2001-10-12,EWY,12.1766,12.25,34703441,2850000.0,0.0,0.0,285271.0,285271.0,0.0,0.602,normal
2001-10-15,EWY,12.1175,12.22,34534989,2850000.0,0.0,0.0,-168452.0,-168452.0,0.0,0.846,normal
2001-10-16,EWY,12.301,12.42,35057924,2850000.0,0.0,0.0,522935.0,522935.0,-0.0,0.967,normal
2001-10-17,EWY,12.4501,12.31,35482888,2850000.0,0.0,0.0,424964.0,424964.0,0.0,-1.126,normal
2001-10-18,EWY,12.3942,12.43,35323404,2850000.0,0.0,0.0,-159483.0,-159484.0,-1.0,0.289,normal
2001-10-19,EWY,12.5083,12.3,35648775,2850000.0,0.0,0.0,325370.0,325371.0,1.0,-1.666,normal
2001-10-22,EWY,12.4873,12.3,35588908,2850000.0,0.0,0.0,-59867.0,-59867.0,0.0,-1.5,normal
2001-10-23,EWY,12.5468,12.41,35758294,2850000.0,0.0,0.0,169387.0,169386.0,-1.0,-1.09,normal
2001-10-24,EWY,13.0547,13.09,37205992,2850000.0,0.0,0.0,1447697.0,1447698.0,1.0,0.27,normal
2001-10-25,EWY,13.0836,13.11,37288157,2850000.0,0.0,0.0,82166.0,82165.0,-1.0,0.202,normal
2001-10-26,EWY,13.0996,13.23,37333792,2850000.0,0.0,0.0,45634.0,45635.0,1.0,0.996,normal
2001-10-29,EWY,13.2063,13.1,37637972,2850000.0,0.0,0.0,304180.0,304180.0,-0.0,-0.805,normal
2001-10-30,EWY,12.7603,12.73,36366980,2850000.0,0.0,0.0,-1270992.0,-1270992.0,-0.0,-0.238,normal
2001-10-31,EWY,12.8699,12.82,36679110,2850000.0,0.0,0.0,312129.0,312130.0,1.0,-0.387,normal
2001-11-01,EWY,13.0103,13.53,37079446,2850000.0,0.0,0.0,400337.0,400336.0,-1.0,3.994,normal
2001-11-02,EWY,13.2052,13.49,37634814,2850000.0,0.0,0.0,555368.0,555368.0,-0.0,2.157,normal
2001-11-05,EWY,13.4498,13.69,38331967,2850000.0,0.0,0.0,697153.0,697153.0,0.0,1.786,normal
2001-11-06,EWY,13.6067,13.7,38779141,2850000.0,0.0,0.0,447174.0,447174.0,0.0,0.686,normal
2001-11-07,EWY,13.5714,13.8,38678362,2850000.0,0.0,0.0,-100779.0,-100779.0,-0.0,1.685,normal
2001-11-08,EWY,13.9081,14.05,39638170,2850000.0,0.0,0.0,959809.0,959808.0,-1.0,1.02,normal
2001-11-09,EWY,14.4352,14.34,41140203,2850000.0,0.0,0.0,1502033.0,1502033.0,0.0,-0.659,normal
2001-11-12,EWY,14.5637,14.63,41506648,2850000.0,0.0,0.0,366444.0,366445.0,1.0,0.455,normal
2001-11-13,EWY,14.5875,15.03,41574255,2850000.0,0.0,0.0,67608.0,67607.0,-1.0,3.034,normal
2001-11-14,EWY,15.1204,15.42,43093223,2850000.0,0.0,0.0,1518967.0,1518968.0,1.0,1.981,normal
2001-11-15,EWY,15.1243,15.34,49910174,3300000.0,450000.0,6805933.0,11018.0,6816951.0,0.0,1.426,normal
2001-11-16,EWY,15.2453,15.27,56407440,3700000.0,400000.0,6098102.0,399165.0,6497266.0,-0.0,0.162,normal
2001-11-19,EWY,15.616,15.84,57779070,3700000.0,0.0,0.0,1371631.0,1371630.0,-1.0,1.435,normal
2001-11-20,EWY,15.356,15.38,56817159,3700000.0,0.0,0.0,-961911.0,-961911.0,0.0,0.156,normal
2001-11-21,EWY,15.3784,15.46,56899958,3700000.0,0.0,0.0,82799.0,82799.0,0.0,0.531,normal
2001-11-23,EWY,16.3516,16.37,60500853,3700000.0,0.0,0.0,3600895.0,3600895.0,-0.0,0.113,normal
2001-11-26,EWY,17.2594,17.27,63859728,3700000.0,0.0,0.0,3358875.0,3358875.0,0.0,0.061,normal
2001-11-27,EWY,17.0725,17.18,63168417,3700000.0,0.0,0.0,-691312.0,-691311.0,1.0,0.629,normal
2001-11-28,EWY,15.9581,15.76,59044966,3700000.0,0.0,0.0,-4123450.0,-4123451.0,-1.0,-1.241,normal
2001-11-29,EWY,15.8244,15.9,58550247,3700000.0,0.0,0.0,-494720.0,-494719.0,1.0,0.478,normal
2001-11-30,EWY,16.2506,16.26,60127246,3700000.0,0.0,0.0,1576999.0,1576999.0,-0.0,0.058,normal
2001-12-03,EWY,16.4911,16.45,61016963,3700000.0,0.0,0.0,889717.0,889717.0,0.0,-0.249,normal
2001-12-04,EWY,16.4401,16.7,60828263,3700000.0,0.0,0.0,-188700.0,-188700.0,0.0,1.581,normal
2001-12-05,EWY,17.7078,18.33,72602033,4100000.0,400000.0,7083125.0,4690645.0,11773770.0,-1.0,3.514,normal
2001-12-06,EWY,17.7141,17.84,72627908,4100000.0,0.0,0.0,25875.0,25875.0,-0.0,0.711,normal
2001-12-07,EWY,18.2105,18.36,74662857,4100000.0,0.0,0.0,2034949.0,2034949.0,0.0,0.821,normal
2001-12-10,EWY,17.0252,17.38,69803275,4100000.0,0.0,0.0,-4859582.0,-4859582.0,0.0,2.084,normal
2001-12-11,EWY,17.0901,17.42,70069533,4100000.0,0.0,0.0,266258.0,266258.0,-0.0,1.93,normal
2001-12-12,EWY,17.5556,17.73,71978161,4100000.0,0.0,0.0,1908628.0,1908628.0,0.0,0.993,normal
2001-12-13,EWY,17.4678,17.67,71618078,4100000.0,0.0,0.0,-360082.0,-360083.0,-1.0,1.157,normal
2001-12-14,EWY,16.9294,17.01,69410659,4100000.0,0.0,0.0,-2207420.0,-2207419.0,1.0,0.476,normal
2001-12-17,EWY,16.3096,16.73,66869561,4100000.0,0.0,0.0,-2541098.0,-2541098.0,-0.0,2.577,normal
2001-12-18,EWY,16.3523,16.85,67044582,4100000.0,0.0,0.0,175021.0,175021.0,0.0,3.043,normal
2001-12-19,EWY,16.4541,16.41,67461896,4100000.0,0.0,0.0,417314.0,417314.0,-0.0,-0.268,normal
2001-12-20,EWY,16.8135,16.71,68935432,4100000.0,0.0,0.0,1473536.0,1473536.0,0.0,-0.616,normal
2001-12-21,EWY,16.1775,16.46,66327828,4100000.0,0.0,0.0,-2607604.0,-2607604.0,0.0,1.746,normal
2001-12-24,EWY,16.2104,16.33,66462661,4100000.0,0.0,0.0,134833.0,134833.0,0.0,0.738,normal
2001-12-26,EWY,16.2787,16.53,66742801,4100000.0,0.0,0.0,280141.0,280140.0,-1.0,1.544,normal
2001-12-27,EWY,16.6554,16.89,68286943,4100000.0,0.0,0.0,1544142.0,1544142.0,0.0,1.409,normal
2001-12-28,EWY,17.3998,17.36,71339352,4100000.0,0.0,0.0,3052409.0,3052409.0,0.0,-0.229,normal
2001-12-31,EWY,17.5231,17.71,71844894,4100000.0,0.0,0.0,505542.0,505542.0,-0.0,1.066,normal
2002-01-02,EWY,18.3761,18.43,75342047,4100000.0,0.0,0.0,3497152.0,3497153.0,1.0,0.293,normal
2002-01-03,EWY,18.5078,18.69,75882009,4100000.0,0.0,0.0,539962.0,539962.0,0.0,0.984,normal
2002-01-04,EWY,19.2193,19.57,78799179,4100000.0,0.0,0.0,2917170.0,2917170.0,-0.0,1.825,normal
2002-01-07,EWY,19.4048,19.32,79559705,4100000.0,0.0,0.0,760525.0,760526.0,1.0,-0.437,normal
2002-01-08,EWY,18.7845,18.99,77016552,4100000.0,0.0,0.0,-2543152.0,-2543153.0,-1.0,1.094,normal
2002-01-09,EWY,19.2394,19.39,78881335,4100000.0,0.0,0.0,1864783.0,1864783.0,0.0,0.783,normal
2002-01-10,EWY,18.5068,18.64,75878028,4100000.0,0.0,0.0,-3003307.0,-3003307.0,0.0,0.72,normal
2002-01-11,EWY,18.3775,18.49,75347668,4100000.0,0.0,0.0,-530360.0,-530360.0,-0.0,0.612,normal
2002-01-14,EWY,19.0385,19.03,78057739,4100000.0,0.0,0.0,2710071.0,2710071.0,-0.0,-0.044,normal
2002-01-15,EWY,18.2184,18.55,74695366,4100000.0,0.0,0.0,-3362373.0,-3362373.0,0.0,1.82,normal
2002-01-16,EWY,18.0021,18.0,73808512,4100000.0,0.0,0.0,-886855.0,-886854.0,1.0,-0.011,normal
2002-01-17,EWY,18.0404,18.33,73965652,4100000.0,0.0,0.0,157141.0,157140.0,-1.0,1.605,normal
2002-01-18,EWY,17.9055,18.1,73412394,4100000.0,0.0,0.0,-553258.0,-553258.0,0.0,1.087,normal
2002-01-22,EWY,18.1663,18.29,74481826,4100000.0,0.0,0.0,1069432.0,1069432.0,0.0,0.681,normal
2002-01-23,EWY,18.6499,18.74,76464541,4100000.0,0.0,0.0,1982715.0,1982715.0,0.0,0.483,normal
2002-01-24,EWY,19.0668,19.34,78173913,4100000.0,0.0,0.0,1709372.0,1709372.0,-0.0,1.433,normal
2002-01-25,EWY,19.5868,19.79,80305917,4100000.0,0.0,0.0,2132004.0,2132004.0,-0.0,1.037,normal
2002-01-28,EWY,19.7664,20.12,81042433,4100000.0,0.0,0.0,736516.0,736516.0,0.0,1.789,normal
2002-01-29,EWY,19.6474,19.43,80554332,4100000.0,0.0,0.0,-488101.0,-488101.0,-0.0,-1.107,normal
2002-01-30,EWY,18.9727,19.34,81582485,4300000.0,200000.0,3794534.0,-2766381.0,1028153.0,-0.0,1.936,normal
2002-01-31,EWY,18.8923,19.19,81236748,4300000.0,0.0,0.0,-345737.0,-345737.0,0.0,1.576,normal
2002-02-01,EWY,18.7844,18.97,80772782,4300000.0,0.0,0.0,-463966.0,-463966.0,-0.0,0.988,normal
2002-02-04,EWY,18.5534,18.36,79779616,4300000.0,0.0,0.0,-993167.0,-993166.0,1.0,-1.042,normal
2002-02-05,EWY,18.8887,18.83,81221582,4300000.0,0.0,0.0,1441966.0,1441966.0,-0.0,-0.311,normal
2002-02-06,EWY,18.8464,18.9,81039692,4300000.0,0.0,0.0,-181890.0,-181890.0,-0.0,0.284,normal
2002-02-07,EWY,18.5351,18.6,79701020,4300000.0,0.0,0.0,-1338672.0,-1338672.0,-0.0,0.35,normal
2002-02-08,EWY,18.7891,18.93,80793194,4300000.0,0.0,0.0,1092174.0,1092174.0,-0.0,0.75,normal
2002-02-11,EWY,18.7201,19.18,80496366,4300000.0,0.0,0.0,-296829.0,-296828.0,1.0,2.457,normal
2002-02-12,EWY,18.7206,19.11,80498477,4300000.0,0.0,0.0,2111.0,2111.0,-0.0,2.08,normal
2002-02-13,EWY,18.7216,19.3,80502798,4300000.0,0.0,0.0,4321.0,4321.0,-0.0,3.09,normal
2002-02-14,EWY,20.5214,20.55,88242153,4300000.0,0.0,0.0,7739355.0,7739355.0,0.0,0.139,normal
2002-02-15,EWY,20.1963,20.05,86844163,4300000.0,0.0,0.0,-1397990.0,-1397990.0,0.0,-0.725,normal
2002-02-19,EWY,20.0716,19.92,86308022,4300000.0,0.0,0.0,-536141.0,-536141.0,0.0,-0.755,normal
2002-02-20,EWY,19.9508,20.15,85788294,4300000.0,0.0,0.0,-519728.0,-519728.0,0.0,0.999,normal
2002-02-21,EWY,20.1494,20.1,86642566,4300000.0,0.0,0.0,854272.0,854272.0,-0.0,-0.245,normal
2002-02-22,EWY,20.2119,20.65,86911282,4300000.0,0.0,0.0,268716.0,268716.0,0.0,2.167,normal
2002-02-25,EWY,20.1624,20.94,86698118,4300000.0,0.0,0.0,-213164.0,-213164.0,-0.0,3.857,normal
2002-02-26,EWY,20.3768,20.99,87620090,4300000.0,0.0,0.0,921972.0,921972.0,0.0,3.01,normal
2002-02-27,EWY,20.8224,21.21,89536531,4300000.0,0.0,0.0,1916441.0,1916441.0,-0.0,1.861,normal
2002-02-28,EWY,20.8531,21.28,89668360,4300000.0,0.0,0.0,131829.0,131829.0,-0.0,2.047,normal
2002-03-01,EWY,20.8634,21.8,90755986,4350000.0,50000.0,1043172.0,44453.0,1087626.0,0.0,4.489,normal
2002-03-04,EWY,21.3095,21.93,92696529,4350000.0,0.0,0.0,1940544.0,1940543.0,-1.0,2.912,normal
2002-03-05,EWY,21.6484,21.74,94170357,4350000.0,0.0,0.0,1473828.0,1473828.0,0.0,0.423,normal
2002-03-06,EWY,21.5946,21.98,95016231,4400000.0,50000.0,1079730.0,-233856.0,845874.0,0.0,1.785,normal
2002-03-07,EWY,21.3052,21.54,93743021,4400000.0,0.0,0.0,-1273210.0,-1273210.0,0.0,1.102,normal
2002-03-08,EWY,21.1397,21.51,93014618,4400000.0,0.0,0.0,-728402.0,-728403.0,-1.0,1.752,normal
2002-03-11,EWY,21.1959,21.55,93262162,4400000.0,0.0,0.0,247544.0,247544.0,0.0,1.67,normal
2002-03-12,EWY,21.7897,21.9,95874552,4400000.0,0.0,0.0,2612390.0,2612390.0,0.0,0.506,normal
2002-03-13,EWY,21.8149,21.91,95985366,4400000.0,0.0,0.0,110814.0,110814.0,-0.0,0.436,normal
2002-03-14,EWY,21.9444,22.26,96555554,4400000.0,0.0,0.0,570187.0,570188.0,1.0,1.438,normal
2002-03-15,EWY,21.9313,22.42,100884127,4600000.0,200000.0,4386266.0,-57693.0,4328573.0,-1.0,2.228,normal
2002-03-18,EWY,22.0296,22.44,107944883,4900000.0,300000.0,6608870.0,451886.0,7060756.0,-0.0,1.863,normal
2002-03-19,EWY,22.5974,23.15,110727069,4900000.0,0.0,0.0,2782186.0,2782186.0,0.0,2.446,normal
2002-03-20,EWY,22.535,22.3,110421275,4900000.0,0.0,0.0,-305794.0,-305794.0,0.0,-1.043,normal
2002-03-21,EWY,22.418,22.4,109848195,4900000.0,0.0,0.0,-573080.0,-573080.0,-0.0,-0.08,normal
2002-03-22,EWY,22.7224,22.78,113611770,5000000.0,100000.0,2272235.0,1491340.0,3763575.0,0.0,0.254,normal
2002-03-25,EWY,22.2887,22.25,111443445,5000000.0,0.0,0.0,-2168325.0,-2168325.0,-0.0,-0.174,normal
2002-03-26,EWY,22.3423,22.59,111711740,5000000.0,0.0,0.0,268295.0,268295.0,0.0,1.108,normal
2002-03-27,EWY,22.9709,23.19,114854635,5000000.0,0.0,0.0,3142895.0,3142895.0,0.0,0.954,normal
2002-03-28,EWY,22.7602,22.95,113800935,5000000.0,0.0,0.0,-1053700.0,-1053700.0,0.0,0.834,normal
2002-04-01,EWY,22.3975,22.56,111987710,5000000.0,0.0,0.0,-1813225.0,-1813225.0,-0.0,0.725,normal
2002-04-02,EWY,23.1998,23.02,115998950,5000000.0,0.0,0.0,4011240.0,4011240.0,0.0,-0.775,normal
2002-04-03,EWY,23.4891,23.15,117445645,5000000.0,0.0,0.0,1446695.0,1446695.0,0.0,-1.444,normal
2002-04-04,EWY,23.4399,23.29,117199720,5000000.0,0.0,0.0,-245925.0,-245925.0,-0.0,-0.64,normal
2002-04-05,EWY,23.4223,23.53,117111735,5000000.0,0.0,0.0,-87985.0,-87985.0,0.0,0.46,normal
2002-04-08,EWY,22.9162,22.81,114581005,5000000.0,0.0,0.0,-2530730.0,-2530730.0,-0.0,-0.463,normal
2002-04-09,EWY,22.5197,21.92,112598480,5000000.0,0.0,0.0,-1982525.0,-1982525.0,0.0,-2.663,normal
2002-04-10,EWY,21.6615,21.49,108307270,5000000.0,0.0,0.0,-4291210.0,-4291210.0,0.0,-0.791,normal
2002-04-11,EWY,21.8718,21.1,109359005,5000000.0,0.0,0.0,1051735.0,1051735.0,-0.0,-3.529,normal
2002-04-12,EWY,22.1994,21.75,110997175,5000000.0,0.0,0.0,1638170.0,1638170.0,0.0,-2.025,normal
2002-04-15,EWY,22.8302,22.63,114151225,5000000.0,0.0,0.0,3154050.0,3154050.0,-0.0,-0.877,normal
2002-04-16,EWY,23.0168,23.45,115083835,5000000.0,0.0,0.0,932610.0,932610.0,-0.0,1.882,normal
2002-04-17,EWY,24.0437,24.2,120218445,5000000.0,0.0,0.0,5134610.0,5134610.0,0.0,0.65,normal
2002-04-18,EWY,24.3373,24.0,121686475,5000000.0,0.0,0.0,1468030.0,1468030.0,-0.0,-1.386,normal
2002-04-19,EWY,24.0702,23.91,120350965,5000000.0,0.0,0.0,-1335510.0,-1335510.0,0.0,-0.665,normal
2002-04-22,EWY,24.1278,23.66,120639030,5000000.0,0.0,0.0,288065.0,288065.0,0.0,-1.939,normal
2002-04-23,EWY,24.7334,24.3,123666755,5000000.0,0.0,0.0,3027725.0,3027725.0,0.0,-1.752,normal
2002-04-24,EWY,24.424,24.2,122119960,5000000.0,0.0,0.0,-1546795.0,-1546795.0,0.0,-0.917,normal
2002-04-25,EWY,23.3637,23.35,116818300,5000000.0,0.0,0.0,-5301660.0,-5301660.0,-0.0,-0.059,normal
2002-04-26,EWY,23.2656,23.0,107021686,4600000.0,-400000.0,-9306234.0,-490380.0,-9796614.0,-0.0,-1.141,normal
2002-04-29,EWY,22.4425,21.78,103235624,4600000.0,0.0,0.0,-3786062.0,-3786062.0,0.0,-2.952,normal
2002-04-30,EWY,22.5282,22.54,103629876,4600000.0,0.0,0.0,394252.0,394252.0,-0.0,0.052,normal
2002-05-01,EWY,22.528,22.45,103628667,4600000.0,0.0,0.0,-1210.0,-1209.0,1.0,-0.346,normal
2002-05-02,EWY,23.0522,22.74,106040341,4600000.0,0.0,0.0,2411674.0,2411674.0,-0.0,-1.355,normal
2002-05-03,EWY,23.0582,22.5,106067798,4600000.0,0.0,0.0,27457.0,27457.0,-0.0,-2.421,normal
2002-05-06,EWY,22.1487,21.04,101884020,4600000.0,0.0,0.0,-4183778.0,-4183778.0,0.0,-5.006,normal
2002-05-07,EWY,22.25,21.7,102349995,4600000.0,0.0,0.0,465975.0,465975.0,-0.0,-2.472,normal
2002-05-08,EWY,22.7549,23.34,104672701,4600000.0,0.0,0.0,2322706.0,2322706.0,0.0,2.571,normal
2002-05-09,EWY,22.6771,22.85,104314577,4600000.0,0.0,0.0,-358124.0,-358124.0,-0.0,0.762,normal
2002-05-10,EWY,22.0177,21.72,101281406,4600000.0,0.0,0.0,-3033171.0,-3033171.0,0.0,-1.352,normal
2002-05-13,EWY,22.155,22.15,101913106,4600000.0,0.0,0.0,631700.0,631700.0,0.0,-0.023,normal
2002-05-14,EWY,22.6922,22.94,104384120,4600000.0,0.0,0.0,2471014.0,2471014.0,-0.0,1.092,normal
2002-05-15,EWY,23.5137,23.32,108163089,4600000.0,0.0,0.0,3778969.0,3778969.0,-0.0,-0.824,normal
2002-05-16,EWY,23.4819,23.3,108016547,4600000.0,0.0,0.0,-146542.0,-146542.0,0.0,-0.774,normal
2002-05-17,EWY,24.2135,24.28,111381898,4600000.0,0.0,0.0,3365351.0,3365351.0,0.0,0.275,normal
2002-05-20,EWY,24.0472,23.75,110617184,4600000.0,0.0,0.0,-764713.0,-764714.0,-1.0,-1.236,normal
2002-05-21,EWY,23.1737,22.91,106598818,4600000.0,0.0,0.0,-4018367.0,-4018366.0,1.0,-1.138,normal
2002-05-22,EWY,24.1057,23.79,110886027,4600000.0,0.0,0.0,4287209.0,4287209.0,-0.0,-1.31,normal
2002-05-23,EWY,23.6197,23.71,108650556,4600000.0,0.0,0.0,-2235471.0,-2235471.0,0.0,0.382,normal
2002-05-24,EWY,23.9494,23.89,110167024,4600000.0,0.0,0.0,1516468.0,1516468.0,-0.0,-0.248,normal
2002-05-28,EWY,23.9965,24.08,110383675,4600000.0,0.0,0.0,216651.0,216651.0,0.0,0.348,normal
2002-05-29,EWY,23.6875,23.66,108962275,4600000.0,0.0,0.0,-1421400.0,-1421400.0,0.0,-0.116,normal
2002-05-30,EWY,23.2096,23.36,106764050,4600000.0,0.0,0.0,-2198225.0,-2198225.0,0.0,0.648,normal
2002-05-31,EWY,22.6633,23.03,104251313,4600000.0,0.0,0.0,-2512736.0,-2512737.0,-1.0,1.618,normal
2002-06-03,EWY,23.0095,22.59,105843820,4600000.0,0.0,0.0,1592506.0,1592507.0,1.0,-1.823,normal
2002-06-04,EWY,23.262,23.43,107005048,4600000.0,0.0,0.0,1161229.0,1161228.0,-1.0,0.722,normal
2002-06-05,EWY,23.2863,23.6,107117210,4600000.0,0.0,0.0,112162.0,112162.0,0.0,1.347,normal
2002-06-06,EWY,23.28,23.2,107088207,4600000.0,0.0,0.0,-29003.0,-29003.0,-0.0,-0.344,normal
2002-06-07,EWY,22.8598,22.93,105155020,4600000.0,0.0,0.0,-1933187.0,-1933187.0,-0.0,0.307,normal
2002-06-10,EWY,23.2758,23.49,107068887,4600000.0,0.0,0.0,1913867.0,1913867.0,0.0,0.92,normal
2002-06-11,EWY,23.4758,23.41,107988790,4600000.0,0.0,0.0,919903.0,919903.0,-0.0,-0.28,normal
2002-06-12,EWY,23.4511,23.84,107874986,4600000.0,0.0,0.0,-113804.0,-113804.0,-0.0,1.658,normal
2002-06-13,EWY,23.4499,23.65,107869402,4600000.0,0.0,0.0,-5584.0,-5584.0,0.0,0.853,normal
2002-06-14,EWY,23.331,23.07,107322807,4600000.0,0.0,0.0,-546595.0,-546595.0,0.0,-1.119,normal
2002-06-17,EWY,23.0529,23.54,106043340,4600000.0,0.0,0.0,-1279467.0,-1279467.0,-0.0,2.113,normal
2002-06-18,EWY,23.0078,23.74,105835921,4600000.0,0.0,0.0,-207419.0,-207419.0,-0.0,3.182,normal
2002-06-19,EWY,22.1869,22.13,102059616,4600000.0,0.0,0.0,-3776306.0,-3776305.0,1.0,-0.256,normal
2002-06-20,EWY,22.1972,22.35,102106908,4600000.0,0.0,0.0,47293.0,47292.0,-1.0,0.689,normal
2002-06-21,EWY,22.3612,22.06,102861492,4600000.0,0.0,0.0,754584.0,754584.0,0.0,-1.347,normal
2002-06-24,EWY,22.2399,22.64,102303752,4600000.0,0.0,0.0,-557741.0,-557740.0,1.0,1.799,normal
2002-06-25,EWY,21.9299,21.85,100877393,4600000.0,0.0,0.0,-1426359.0,-1426359.0,-0.0,-0.364,normal
2002-06-26,EWY,20.5168,20.99,94377432,4600000.0,0.0,0.0,-6499961.0,-6499961.0,0.0,2.306,normal
2002-06-27,EWY,20.8253,21.3,95796302,4600000.0,0.0,0.0,1418870.0,1418870.0,-0.0,2.28,normal
2002-06-28,EWY,21.7166,21.89,99896498,4600000.0,0.0,0.0,4100196.0,4100196.0,-0.0,0.798,normal
2002-07-01,EWY,21.7455,21.42,100029245,4600000.0,0.0,0.0,132747.0,132747.0,0.0,-1.497,normal
2002-07-02,EWY,21.7752,21.04,100165879,4600000.0,0.0,0.0,136634.0,136634.0,0.0,-3.376,normal
2002-07-03,EWY,21.9039,21.57,100758083,4600000.0,0.0,0.0,592204.0,592204.0,-0.0,-1.524,normal
2002-07-05,EWY,23.0268,23.34,105923459,4600000.0,0.0,0.0,5165377.0,5165376.0,-1.0,1.36,normal
2002-07-08,EWY,23.1835,23.12,106644279,4600000.0,0.0,0.0,720820.0,720820.0,-0.0,-0.274,normal
2002-07-09,EWY,23.8209,23.61,109575919,4600000.0,0.0,0.0,2931640.0,2931640.0,0.0,-0.885,normal
2002-07-10,EWY,23.4485,23.35,107862962,4600000.0,0.0,0.0,-1712957.0,-1712957.0,0.0,-0.42,normal
2002-07-11,EWY,22.5216,23.03,103599148,4600000.0,0.0,0.0,-4263814.0,-4263814.0,-0.0,2.258,normal
2002-07-12,EWY,23.3464,23.32,107393435,4600000.0,0.0,0.0,3794287.0,3794287.0,-0.0,-0.113,normal
2002-07-15,EWY,23.188,23.2,106664993,4600000.0,0.0,0.0,-728442.0,-728442.0,0.0,0.052,normal
2002-07-16,EWY,22.9522,22.5,105580005,4600000.0,0.0,0.0,-1084988.0,-1084988.0,0.0,-1.97,normal
2002-07-17,EWY,22.9539,22.85,105587802,4600000.0,0.0,0.0,7797.0,7797.0,0.0,-0.453,normal
2002-07-18,EWY,22.9437,22.74,105540956,4600000.0,0.0,0.0,-46846.0,-46846.0,0.0,-0.888,normal
2002-07-19,EWY,22.4761,21.86,103390074,4600000.0,0.0,0.0,-2150882.0,-2150882.0,-0.0,-2.741,normal
2002-07-22,EWY,21.6204,21.0,99453624,4600000.0,0.0,0.0,-3936450.0,-3936450.0,-0.0,-2.869,normal
2002-07-23,EWY,22.2154,21.7,102190840,4600000.0,0.0,0.0,2737216.0,2737216.0,-0.0,-2.32,normal
2002-07-24,EWY,21.556,22.4,99157646,4600000.0,0.0,0.0,-3033194.0,-3033194.0,-0.0,3.915,normal
2002-07-25,EWY,21.6465,20.94,99573964,4600000.0,0.0,0.0,416318.0,416318.0,-0.0,-3.264,normal
2002-07-26,EWY,20.441,20.15,94028623,4600000.0,0.0,0.0,-5545341.0,-5545341.0,0.0,-1.424,normal
2002-07-29,EWY,20.3049,21.06,93402715,4600000.0,0.0,0.0,-625908.0,-625908.0,0.0,3.719,normal
2002-07-30,EWY,21.1529,20.94,97303427,4600000.0,0.0,0.0,3900713.0,3900712.0,-1.0,-1.007,normal
2002-07-31,EWY,21.1315,20.25,97204776,4600000.0,0.0,0.0,-98652.0,-98651.0,1.0,-4.171,normal
2002-08-01,EWY,20.865,19.96,95979120,4600000.0,0.0,0.0,-1225656.0,-1225656.0,0.0,-4.338,normal
2002-08-02,EWY,20.5616,19.65,93555430,4550000.0,-50000.0,-1028082.0,-1395608.0,-2423690.0,-1.0,-4.434,normal
2002-08-05,EWY,19.5269,18.76,88847568,4550000.0,0.0,0.0,-4707862.0,-4707862.0,0.0,-3.928,normal
2002-08-06,EWY,19.2492,19.38,87583869,4550000.0,0.0,0.0,-1263699.0,-1263699.0,-0.0,0.679,normal
2002-08-07,EWY,19.4911,19.6,88684532,4550000.0,0.0,0.0,1100663.0,1100663.0,-0.0,0.559,normal
2002-08-08,EWY,19.5423,20.09,88917360,4550000.0,0.0,0.0,232828.0,232828.0,-0.0,2.803,normal
2002-08-09,EWY,19.8225,19.71,90192325,4550000.0,0.0,0.0,1274965.0,1274965.0,0.0,-0.568,normal
2002-08-12,EWY,19.9108,19.62,90593917,4550000.0,0.0,0.0,401592.0,401592.0,-0.0,-1.46,normal
2002-08-13,EWY,20.4165,20.08,92894893,4550000.0,0.0,0.0,2300976.0,2300976.0,0.0,-1.648,normal
2002-08-14,EWY,20.7313,21.09,94327460,4550000.0,0.0,0.0,1432567.0,1432567.0,-0.0,1.73,normal
2002-08-15,EWY,20.7336,20.91,94338080,4550000.0,0.0,0.0,10620.0,10620.0,0.0,0.851,normal
2002-08-16,EWY,20.9194,20.77,95183366,4550000.0,0.0,0.0,845285.0,845286.0,1.0,-0.714,normal
2002-08-19,EWY,20.7999,21.05,94639449,4550000.0,0.0,0.0,-543916.0,-543917.0,-1.0,1.202,normal
2002-08-20,EWY,21.4009,21.16,97374004,4550000.0,0.0,0.0,2734555.0,2734555.0,0.0,-1.126,normal
2002-08-21,EWY,21.7214,21.99,98832584,4550000.0,0.0,0.0,1458580.0,1458580.0,0.0,1.236,normal
2002-08-22,EWY,21.7059,21.63,98761836,4550000.0,0.0,0.0,-70748.0,-70748.0,-0.0,-0.35,normal
2002-08-23,EWY,21.4051,21.06,97393000,4550000.0,0.0,0.0,-1368836.0,-1368836.0,-0.0,-1.612,normal
2002-08-26,EWY,21.1603,21.22,96279292,4550000.0,0.0,0.0,-1113708.0,-1113708.0,0.0,0.282,normal
2002-08-27,EWY,20.9149,20.71,95162572,4550000.0,0.0,0.0,-1116720.0,-1116720.0,0.0,-0.98,normal
2002-08-28,EWY,20.8472,20.35,94854664,4550000.0,0.0,0.0,-307908.0,-307908.0,-0.0,-2.385,normal
2002-08-29,EWY,20.8355,20.6,94801334,4550000.0,0.0,0.0,-53331.0,-53330.0,1.0,-1.13,normal
2002-08-30,EWY,21.1728,21.04,96336126,4550000.0,0.0,0.0,1534792.0,1534792.0,-0.0,-0.627,normal
2002-09-03,EWY,21.2822,20.84,96834001,4550000.0,0.0,0.0,497875.0,497875.0,0.0,-2.078,normal
2002-09-04,EWY,20.8079,20.81,94675977,4550000.0,0.0,0.0,-2158024.0,-2158024.0,0.0,0.01,normal
2002-09-05,EWY,20.7446,20.65,94387939,4550000.0,0.0,0.0,-288038.0,-288038.0,-0.0,-0.456,normal
2002-09-06,EWY,20.3006,20.65,92367525,4550000.0,0.0,0.0,-2020414.0,-2020414.0,-0.0,1.721,normal
2002-09-09,EWY,20.0872,20.25,91396651,4550000.0,0.0,0.0,-970874.0,-970874.0,0.0,0.811,normal
2002-09-10,EWY,20.5808,20.72,93642458,4550000.0,0.0,0.0,2245807.0,2245807.0,-0.0,0.677,normal
2002-09-11,EWY,20.8639,20.97,101189847,4850000.0,300000.0,6259166.0,1288223.0,7547389.0,-0.0,0.509,normal
2002-09-12,EWY,21.2775,20.91,103196113,4850000.0,0.0,0.0,2006266.0,2006266.0,0.0,-1.727,normal
2002-09-13,EWY,20.5948,20.69,99884896,4850000.0,0.0,0.0,-3311216.0,-3311217.0,-1.0,0.462,normal
2002-09-16,EWY,19.9083,19.99,96555483,4850000.0,0.0,0.0,-3329413.0,-3329413.0,0.0,0.41,normal
2002-09-17,EWY,20.6357,20.11,100082917,4850000.0,0.0,0.0,3527434.0,3527434.0,-0.0,-2.547,normal
2002-09-18,EWY,20.1098,20.2,97532549,4850000.0,0.0,0.0,-2550368.0,-2550368.0,-0.0,0.449,normal
2002-09-19,EWY,20.1412,20.0,97684616,4850000.0,0.0,0.0,152067.0,152067.0,0.0,-0.701,normal
2002-09-20,EWY,20.1421,19.96,97689272,4850000.0,0.0,0.0,4656.0,4656.0,0.0,-0.904,normal
2002-09-23,EWY,19.2036,18.71,93137237,4850000.0,0.0,0.0,-4552035.0,-4552035.0,0.0,-2.57,normal
2002-09-24,EWY,18.9125,18.52,91725547,4850000.0,0.0,0.0,-1411690.0,-1411690.0,-0.0,-2.075,normal
2002-09-25,EWY,18.4564,18.96,89513443,4850000.0,0.0,0.0,-2212104.0,-2212104.0,0.0,2.729,normal
2002-09-26,EWY,18.5413,18.95,89925397,4850000.0,0.0,0.0,411954.0,411954.0,-0.0,2.204,normal
2002-09-27,EWY,18.5637,18.35,90033935,4850000.0,0.0,0.0,108538.0,108538.0,-0.0,-1.151,normal
2002-09-30,EWY,18.0755,17.51,87666388,4850000.0,0.0,0.0,-2367547.0,-2367547.0,-0.0,-3.129,normal
2002-10-01,EWY,18.2184,18.43,88359109,4850000.0,0.0,0.0,692721.0,692721.0,0.0,1.162,normal
2002-10-02,EWY,18.1456,17.96,88006160,4850000.0,0.0,0.0,-352949.0,-352949.0,0.0,-1.023,normal
2002-10-03,EWY,18.1434,17.75,87995344,4850000.0,0.0,0.0,-10816.0,-10816.0,-0.0,-2.168,normal
2002-10-04,EWY,18.2528,17.66,88526085,4850000.0,0.0,0.0,530740.0,530741.0,1.0,-3.248,normal
2002-10-07,EWY,17.4518,17.13,84641012,4850000.0,0.0,0.0,-3885073.0,-3885073.0,0.0,-1.844,normal
2002-10-08,EWY,17.5659,17.49,85194397,4850000.0,0.0,0.0,553385.0,553385.0,-0.0,-0.432,normal
2002-10-09,EWY,17.1441,16.53,83148667,4850000.0,0.0,0.0,-2045730.0,-2045730.0,-0.0,-3.582,normal
2002-10-10,EWY,15.9838,16.42,77521512,4850000.0,0.0,0.0,-5627154.0,-5627155.0,-1.0,2.729,normal
2002-10-11,EWY,16.0443,16.81,77815025,4850000.0,0.0,0.0,293512.0,293513.0,1.0,4.772,normal
2002-10-14,EWY,16.0443,16.75,77815025,4850000.0,0.0,0.0,0.0,0.0,0.0,4.398,normal
2002-10-15,EWY,17.2915,18.08,83863581,4850000.0,0.0,0.0,6048556.0,6048556.0,-0.0,4.56,normal
2002-10-16,EWY,17.7488,17.5,86081811,4850000.0,0.0,0.0,2218230.0,2218230.0,0.0,-1.402,normal
2002-10-17,EWY,18.0592,18.41,87587202,4850000.0,0.0,0.0,1505392.0,1505391.0,-1.0,1.942,normal
2002-10-18,EWY,18.7742,18.81,91055059,4850000.0,0.0,0.0,3467857.0,3467857.0,0.0,0.191,normal
2002-10-21,EWY,18.2571,18.7,88546872,4850000.0,0.0,0.0,-2508187.0,-2508187.0,0.0,2.426,normal
2002-10-22,EWY,17.8281,17.82,86466169,4850000.0,0.0,0.0,-2080703.0,-2080703.0,0.0,-0.045,normal
2002-10-23,EWY,18.4975,18.49,89712642,4850000.0,0.0,0.0,3246474.0,3246473.0,-1.0,-0.04,normal
2002-10-24,EWY,18.4635,18.3,89547941,4850000.0,0.0,0.0,-164701.0,-164701.0,0.0,-0.885,normal
2002-10-25,EWY,18.5298,18.57,89869452,4850000.0,0.0,0.0,321511.0,321511.0,-0.0,0.217,normal
2002-10-28,EWY,19.2387,19.01,101003411,5250000.0,400000.0,7695498.0,3438461.0,11133959.0,0.0,-1.189,normal
2002-10-29,EWY,19.1443,19.06,100507832,5250000.0,0.0,0.0,-495579.0,-495579.0,0.0,-0.441,normal
2002-10-30,EWY,18.574,18.86,97513747,5250000.0,0.0,0.0,-2994085.0,-2994085.0,0.0,1.54,normal
2002-10-31,EWY,18.8074,18.84,98738850,5250000.0,0.0,0.0,1225103.0,1225103.0,-0.0,0.173,normal
2002-11-01,EWY,18.378,18.54,96484600,5250000.0,0.0,0.0,-2254250.0,-2254250.0,0.0,0.881,normal
2002-11-04,EWY,19.2498,19.56,101061450,5250000.0,0.0,0.0,4576850.0,4576850.0,-0.0,1.611,normal
2002-11-05,EWY,19.0895,19.59,100220059,5250000.0,0.0,0.0,-841391.0,-841391.0,0.0,2.622,normal
2002-11-06,EWY,19.572,19.3,102753105,5250000.0,0.0,0.0,2533046.0,2533046.0,-0.0,-1.39,normal
2002-11-07,EWY,19.6407,19.75,103113628,5250000.0,0.0,0.0,360523.0,360523.0,0.0,0.556,normal
2002-11-08,EWY,19.631,19.9,103062771,5250000.0,0.0,0.0,-50857.0,-50857.0,-0.0,1.37,normal
2002-11-11,EWY,19.2204,19.45,100907342,5250000.0,0.0,0.0,-2155430.0,-2155429.0,1.0,1.194,normal
2002-11-12,EWY,18.9716,19.32,118572456,6250000.0,1000000.0,18971593.0,-1306478.0,17665114.0,-1.0,1.837,normal
2002-11-13,EWY,19.0436,19.47,127592281,6700000.0,450000.0,8569631.0,450194.0,9019825.0,0.0,2.239,normal
2002-11-14,EWY,18.7848,19.49,125857838,6700000.0,0.0,0.0,-1734442.0,-1734443.0,-1.0,3.754,normal
2002-11-15,EWY,19.5518,19.77,130996805,6700000.0,0.0,0.0,5138967.0,5138967.0,0.0,1.116,normal
2002-11-18,EWY,19.3412,19.41,129585919,6700000.0,0.0,0.0,-1410886.0,-1410886.0,0.0,0.356,normal
2002-11-19,EWY,19.4483,19.53,130303844,6700000.0,0.0,0.0,717925.0,717925.0,-0.0,0.42,normal
2002-11-20,EWY,19.6297,19.99,137407697,7000000.0,300000.0,5888901.0,1214951.0,7103853.0,1.0,1.836,normal
2002-11-21,EWY,19.9197,20.21,139437648,7000000.0,0.0,0.0,2029951.0,2029951.0,-0.0,1.458,normal
2002-11-22,EWY,20.0531,20.74,140371854,7000000.0,0.0,0.0,934206.0,934206.0,0.0,3.425,normal
2002-11-25,EWY,20.4055,20.74,142838493,7000000.0,0.0,0.0,2466639.0,2466639.0,-0.0,1.639,normal
2002-11-26,EWY,20.4652,20.26,143256379,7000000.0,0.0,0.0,417886.0,417886.0,-0.0,-1.003,normal
2002-11-27,EWY,20.633,21.3,144430678,7000000.0,0.0,0.0,1174299.0,1174299.0,-0.0,3.233,normal
2002-11-29,EWY,21.218,21.2,148526133,7000000.0,0.0,0.0,4095455.0,4095455.0,-0.0,-0.085,normal
2002-12-02,EWY,21.1491,21.32,154388788,7300000.0,300000.0,6344745.0,-482090.0,5862655.0,0.0,0.808,normal
2002-12-03,EWY,21.3691,21.18,155994430,7300000.0,0.0,0.0,1605642.0,1605642.0,-0.0,-0.885,normal
2002-12-04,EWY,20.6279,20.05,150583626,7300000.0,0.0,0.0,-5410804.0,-5410804.0,-0.0,-2.801,normal
2002-12-05,EWY,20.6999,20.34,151109058,7300000.0,0.0,0.0,525432.0,525432.0,-0.0,-1.738,normal
2002-12-06,EWY,20.6785,20.3,150952940,7300000.0,0.0,0.0,-156118.0,-156118.0,-0.0,-1.83,normal
2002-12-09,EWY,20.5243,19.7,149827368,7300000.0,0.0,0.0,-1125572.0,-1125572.0,0.0,-4.016,normal
2002-12-10,EWY,20.2134,20.08,147557769,7300000.0,0.0,0.0,-2269599.0,-2269599.0,0.0,-0.66,normal
2002-12-11,EWY,20.1999,19.94,147459117,7300000.0,0.0,0.0,-98652.0,-98652.0,0.0,-1.286,normal
2002-12-12,EWY,20.6428,20.31,150692542,7300000.0,0.0,0.0,3233426.0,3233425.0,-1.0,-1.612,normal
2002-12-13,EWY,20.5353,20.28,139639748,6800000.0,-500000.0,-10267628.0,-785166.0,-11052794.0,1.0,-1.243,normal
2002-12-16,EWY,20.1281,20.26,136871393,6800000.0,0.0,0.0,-2768355.0,-2768355.0,-0.0,0.655,normal
2002-12-17,EWY,20.6017,20.33,129790836,6300000.0,-500000.0,-10300860.0,3220303.0,-7080557.0,-0.0,-1.319,normal
2002-12-18,EWY,20.6774,20.09,130267784,6300000.0,0.0,0.0,476948.0,476948.0,0.0,-2.841,normal
2002-12-19,EWY,20.6801,20.11,130284687,6300000.0,0.0,0.0,16903.0,16903.0,0.0,-2.757,normal
2002-12-20,EWY,20.6846,20.29,130313200,6300000.0,0.0,0.0,28514.0,28513.0,-1.0,-1.908,normal
2002-12-23,EWY,20.1099,19.79,126692420,6300000.0,0.0,0.0,-3620780.0,-3620780.0,0.0,-1.591,normal
2002-12-24,EWY,19.7771,19.2,124595510,6300000.0,0.0,0.0,-2096911.0,-2096910.0,1.0,-2.918,normal
2002-12-26,EWY,19.6243,19.02,123633248,6300000.0,0.0,0.0,-962262.0,-962262.0,0.0,-3.079,normal
2002-12-27,EWY,19.2954,18.33,121560970,6300000.0,0.0,0.0,-2072278.0,-2072278.0,-0.0,-5.003,normal
2002-12-30,EWY,18.4106,18.38,115986686,6300000.0,0.0,0.0,-5574284.0,-5574284.0,0.0,-0.166,normal
2002-12-31,EWY,18.5818,18.35,117065088,6300000.0,0.0,0.0,1078402.0,1078402.0,-0.0,-1.247,normal
2003-01-02,EWY,18.7322,18.78,118013024,6300000.0,0.0,0.0,947936.0,947936.0,0.0,0.255,normal
2003-01-03,EWY,19.5181,19.65,122964332,6300000.0,0.0,0.0,4951309.0,4951308.0,-1.0,0.675,normal
2003-01-06,EWY,19.8591,20.19,125112380,6300000.0,0.0,0.0,2148048.0,2148048.0,0.0,1.666,normal
2003-01-07,EWY,19.4372,19.45,122454278,6300000.0,0.0,0.0,-2658102.0,-2658102.0,0.0,0.066,normal
2003-01-08,EWY,19.4001,19.15,122220813,6300000.0,0.0,0.0,-233465.0,-233465.0,0.0,-1.289,normal
2003-01-09,EWY,18.875,19.15,118912519,6300000.0,0.0,0.0,-3308294.0,-3308294.0,-0.0,1.457,normal
2003-01-10,EWY,18.842,18.77,118704310,6300000.0,0.0,0.0,-208209.0,-208209.0,-0.0,-0.382,normal
2003-01-13,EWY,19.4435,19.38,122494239,6300000.0,0.0,0.0,3789929.0,3789929.0,0.0,-0.327,normal
2003-01-14,EWY,19.5527,19.69,123182004,6300000.0,0.0,0.0,687765.0,687765.0,0.0,0.702,normal
2003-01-15,EWY,19.5078,19.1,122898945,6300000.0,0.0,0.0,-283059.0,-283059.0,0.0,-2.09,normal
2003-01-16,EWY,19.4555,19.32,122569763,6300000.0,0.0,0.0,-329181.0,-329182.0,-1.0,-0.697,normal
2003-01-17,EWY,19.0731,18.68,120160454,6300000.0,0.0,0.0,-2409309.0,-2409309.0,0.0,-2.061,normal
2003-01-21,EWY,18.8203,18.78,118567947,6300000.0,0.0,0.0,-1592508.0,-1592507.0,1.0,-0.214,normal
2003-01-22,EWY,18.529,18.4,116732813,6300000.0,0.0,0.0,-1835133.0,-1835134.0,-1.0,-0.696,normal
2003-01-23,EWY,18.6633,19.01,117579048,6300000.0,0.0,0.0,846235.0,846235.0,0.0,1.857,normal
2003-01-24,EWY,18.2716,17.81,115111263,6300000.0,0.0,0.0,-2467786.0,-2467785.0,1.0,-2.526,normal
2003-01-27,EWY,17.8022,17.5,112153690,6300000.0,0.0,0.0,-2957573.0,-2957573.0,-0.0,-1.697,normal
2003-01-28,EWY,17.9485,18.24,113075323,6300000.0,0.0,0.0,921633.0,921633.0,-0.0,1.624,normal
2003-01-29,EWY,17.5455,17.6,110536411,6300000.0,0.0,0.0,-2538913.0,-2538912.0,1.0,0.311,normal
2003-01-30,EWY,17.783,17.36,112032976,6300000.0,0.0,0.0,1496565.0,1496565.0,0.0,-2.379,normal
2003-01-31,EWY,17.8792,17.63,112638866,6300000.0,0.0,0.0,605890.0,605890.0,0.0,-1.394,normal
2003-02-03,EWY,17.9554,18.07,113118774,6300000.0,0.0,0.0,479909.0,479908.0,-1.0,0.638,normal
2003-02-04,EWY,18.0589,17.66,113770881,6300000.0,0.0,0.0,652107.0,652107.0,0.0,-2.209,normal
2003-02-05,EWY,18.009,17.8,113456505,6300000.0,0.0,0.0,-314376.0,-314376.0,0.0,-1.16,normal
2003-02-06,EWY,17.6514,17.4,111203763,6300000.0,0.0,0.0,-2252741.0,-2252742.0,-1.0,-1.424,normal
2003-02-07,EWY,17.1527,16.97,108062199,6300000.0,0.0,0.0,-3141564.0,-3141564.0,0.0,-1.065,normal
2003-02-10,EWY,16.981,16.99,106980325,6300000.0,0.0,0.0,-1081874.0,-1081874.0,-0.0,0.053,normal
2003-02-11,EWY,16.7401,16.58,105462397,6300000.0,0.0,0.0,-1517928.0,-1517928.0,0.0,-0.956,normal
2003-02-12,EWY,17.1669,16.92,108151697,6300000.0,0.0,0.0,2689300.0,2689300.0,0.0,-1.438,normal
2003-02-13,EWY,16.8411,16.6,106098716,6300000.0,0.0,0.0,-2052981.0,-2052981.0,-0.0,-1.431,normal
2003-02-14,EWY,16.818,17.01,105953274,6300000.0,0.0,0.0,-145442.0,-145442.0,-0.0,1.142,normal
2003-02-18,EWY,17.771,17.61,111956998,6300000.0,0.0,0.0,6003724.0,6003724.0,0.0,-0.906,normal
2003-02-19,EWY,17.7237,17.51,111659323,6300000.0,0.0,0.0,-297675.0,-297675.0,0.0,-1.206,normal
2003-02-20,EWY,17.8537,17.8,112478197,6300000.0,0.0,0.0,818874.0,818874.0,0.0,-0.301,normal
2003-02-21,EWY,17.9231,17.89,112915807,6300000.0,0.0,0.0,437611.0,437610.0,-1.0,-0.185,normal
2003-02-24,EWY,18.2838,17.93,115188079,6300000.0,0.0,0.0,2272271.0,2272272.0,1.0,-1.935,normal
2003-02-25,EWY,17.6181,17.6,110994074,6300000.0,0.0,0.0,-4194005.0,-4194005.0,-0.0,-0.103,normal
2003-02-26,EWY,17.4968,17.24,110229670,6300000.0,0.0,0.0,-764404.0,-764404.0,0.0,-1.468,normal
2003-02-27,EWY,17.3228,17.34,109133451,6300000.0,0.0,0.0,-1096219.0,-1096219.0,-0.0,0.1,normal
2003-02-28,EWY,16.9514,16.99,106794015,6300000.0,0.0,0.0,-2339436.0,-2339436.0,-0.0,0.228,normal
2003-03-03,EWY,17.4581,17.36,109986257,6300000.0,0.0,0.0,3192242.0,3192242.0,0.0,-0.562,normal
2003-03-04,EWY,17.0244,16.8,107253808,6300000.0,0.0,0.0,-2732449.0,-2732449.0,-0.0,-1.318,normal
2003-03-05,EWY,16.4346,16.37,103537772,6300000.0,0.0,0.0,-3716036.0,-3716036.0,0.0,-0.393,normal
2003-03-06,EWY,16.1502,16.0,101746197,6300000.0,0.0,0.0,-1791575.0,-1791575.0,0.0,-0.93,normal
2003-03-07,EWY,15.8261,15.99,99704619,6300000.0,0.0,0.0,-2041578.0,-2041578.0,-0.0,1.035,normal
2003-03-10,EWY,15.577,15.43,98134791,6300000.0,0.0,0.0,-1569828.0,-1569828.0,-0.0,-0.943,normal
2003-03-11,EWY,15.3754,15.07,96865297,6300000.0,0.0,0.0,-1269494.0,-1269494.0,0.0,-1.987,normal
2003-03-12,EWY,15.2353,15.07,95982327,6300000.0,0.0,0.0,-882970.0,-882970.0,0.0,-1.085,normal
2003-03-13,EWY,15.2385,15.85,96002758,6300000.0,0.0,0.0,20431.0,20431.0,0.0,4.013,normal
2003-03-14,EWY,15.526,15.53,97813680,6300000.0,0.0,0.0,1810922.0,1810922.0,-0.0,0.026,normal
2003-03-17,EWY,14.8011,15.39,93247081,6300000.0,0.0,0.0,-4566599.0,-4566599.0,0.0,3.979,normal
2003-03-18,EWY,15.4,15.57,97020132,6300000.0,0.0,0.0,3773051.0,3773051.0,-0.0,1.104,normal
2003-03-19,EWY,15.5011,15.59,97656854,6300000.0,0.0,0.0,636722.0,636722.0,-0.0,0.574,normal
2003-03-20,EWY,16.4472,16.5,103617580,6300000.0,0.0,0.0,5960726.0,5960726.0,-0.0,0.321,normal
2003-03-21,EWY,16.6086,16.95,104634293,6300000.0,0.0,0.0,1016713.0,1016713.0,0.0,2.055,normal
2003-03-24,EWY,16.3314,16.05,102887971,6300000.0,0.0,0.0,-1746322.0,-1746322.0,0.0,-1.723,normal
2003-03-25,EWY,15.9021,15.95,100183394,6300000.0,0.0,0.0,-2704577.0,-2704577.0,0.0,0.301,normal
2003-03-26,EWY,15.9624,16.04,100563378,6300000.0,0.0,0.0,379984.0,379984.0,-0.0,0.486,normal
2003-03-27,EWY,15.7375,15.77,99146326,6300000.0,0.0,0.0,-1417053.0,-1417052.0,1.0,0.206,normal
2003-03-28,EWY,15.8386,15.78,99783268,6300000.0,0.0,0.0,636943.0,636942.0,-1.0,-0.37,normal
2003-03-31,EWY,15.1835,15.02,95655811,6300000.0,0.0,0.0,-4127458.0,-4127457.0,1.0,-1.077,normal
2003-04-01,EWY,15.214,15.26,95848005,6300000.0,0.0,0.0,192194.0,192194.0,-0.0,0.303,normal
2003-04-02,EWY,15.2713,15.62,96208957,6300000.0,0.0,0.0,360952.0,360952.0,-0.0,2.284,normal
2003-04-03,EWY,15.2969,15.35,96370747,6300000.0,0.0,0.0,161790.0,161790.0,-0.0,0.347,normal
2003-04-04,EWY,15.6221,15.69,98418972,6300000.0,0.0,0.0,2048225.0,2048225.0,0.0,0.435,normal
2003-04-07,EWY,16.4225,16.26,103461832,6300000.0,0.0,0.0,5042860.0,5042860.0,-0.0,-0.99,normal
2003-04-08,EWY,16.5142,16.14,104039536,6300000.0,0.0,0.0,577704.0,577704.0,0.0,-2.266,normal
2003-04-09,EWY,16.0035,15.8,100821798,6300000.0,0.0,0.0,-3217738.0,-3217738.0,-0.0,-1.271,normal
2003-04-10,EWY,16.4868,16.41,103866746,6300000.0,0.0,0.0,3044948.0,3044948.0,0.0,-0.466,normal
2003-04-11,EWY,16.6167,16.65,104685059,6300000.0,0.0,0.0,818313.0,818313.0,-0.0,0.201,normal
2003-04-14,EWY,17.0143,17.18,107189945,6300000.0,0.0,0.0,2504886.0,2504886.0,-0.0,0.974,normal
2003-04-15,EWY,17.4475,17.52,109919464,6300000.0,0.0,0.0,2729519.0,2729519.0,-0.0,0.415,normal
2003-04-16,EWY,17.9652,17.8,113180980,6300000.0,0.0,0.0,3261516.0,3261516.0,-0.0,-0.92,normal
2003-04-17,EWY,17.8573,18.0,112500833,6300000.0,0.0,0.0,-680148.0,-680147.0,1.0,0.799,normal
2003-04-21,EWY,18.0241,18.14,113552069,6300000.0,0.0,0.0,1051237.0,1051236.0,-1.0,0.643,normal
2003-04-22,EWY,17.3386,17.6,109233325,6300000.0,0.0,0.0,-4318745.0,-4318744.0,1.0,1.508,normal
2003-04-23,EWY,17.1841,17.35,108260082,6300000.0,0.0,0.0,-973243.0,-973243.0,-0.0,0.965,normal
2003-04-24,EWY,16.8192,16.75,105960960,6300000.0,0.0,0.0,-2299122.0,-2299122.0,0.0,-0.411,normal
2003-04-25,EWY,16.0092,16.06,100858017,6300000.0,0.0,0.0,-5102943.0,-5102943.0,0.0,0.317,normal
2003-04-28,EWY,16.2423,16.61,100702031,6200000.0,-100000.0,-1624226.0,1468240.0,-155986.0,0.0,2.264,normal
2003-04-29,EWY,17.2261,17.2,106801839,6200000.0,0.0,0.0,6099808.0,6099808.0,0.0,-0.151,normal
2003-04-30,EWY,17.3195,17.27,107380677,6200000.0,0.0,0.0,578838.0,578838.0,-0.0,-0.286,normal
2003-05-01,EWY,17.315,17.29,107353136,6200000.0,0.0,0.0,-27540.0,-27541.0,-1.0,-0.144,normal
2003-05-02,EWY,17.298,17.46,107247513,6200000.0,0.0,0.0,-105623.0,-105623.0,0.0,0.937,normal
2003-05-05,EWY,17.3003,17.45,107261953,6200000.0,0.0,0.0,14440.0,14440.0,0.0,0.865,normal
2003-05-06,EWY,17.6081,17.87,109169972,6200000.0,0.0,0.0,1908019.0,1908019.0,0.0,1.488,normal
2003-05-07,EWY,18.1728,18.15,112671633,6200000.0,0.0,0.0,3501661.0,3501661.0,0.0,-0.126,normal
2003-05-08,EWY,18.1728,18.05,112671658,6200000.0,0.0,0.0,25.0,25.0,0.0,-0.676,normal
2003-05-09,EWY,18.1246,18.4,112372607,6200000.0,0.0,0.0,-299051.0,-299051.0,-0.0,1.519,normal
2003-05-12,EWY,18.5522,18.92,115023659,6200000.0,0.0,0.0,2651052.0,2651052.0,0.0,1.982,normal
2003-05-13,EWY,17.964,18.08,111376930,6200000.0,0.0,0.0,-3646728.0,-3646729.0,-1.0,0.646,normal
2003-05-14,EWY,17.7809,17.8,110241413,6200000.0,0.0,0.0,-1135518.0,-1135517.0,1.0,0.108,normal
2003-05-15,EWY,18.1035,18.34,112241508,6200000.0,0.0,0.0,2000095.0,2000095.0,-0.0,1.307,normal
2003-05-16,EWY,17.7897,17.86,110296004,6200000.0,0.0,0.0,-1945504.0,-1945504.0,0.0,0.395,normal
2003-05-19,EWY,17.4835,17.3,108397626,6200000.0,0.0,0.0,-1898378.0,-1898378.0,-0.0,-1.05,normal
2003-05-20,EWY,17.5948,17.62,109087903,6200000.0,0.0,0.0,690277.0,690277.0,-0.0,0.143,normal
2003-05-21,EWY,17.5785,17.44,108986694,6200000.0,0.0,0.0,-101209.0,-101209.0,-0.0,-0.788,normal
2003-05-22,EWY,17.4302,17.65,108067525,6200000.0,0.0,0.0,-919169.0,-919169.0,-0.0,1.261,normal
2003-05-23,EWY,17.8935,17.85,110939781,6200000.0,0.0,0.0,2872255.0,2872256.0,1.0,-0.243,normal
2003-05-27,EWY,17.8668,18.19,110773906,6200000.0,0.0,0.0,-165875.0,-165875.0,-0.0,1.809,normal
2003-05-28,EWY,18.2457,18.33,113123563,6200000.0,0.0,0.0,2349657.0,2349657.0,-0.0,0.462,normal
2003-05-29,EWY,18.2754,18.34,113307573,6200000.0,0.0,0.0,184010.0,184010.0,0.0,0.353,normal
2003-05-30,EWY,18.3315,18.5,113655077,6200000.0,0.0,0.0,347504.0,347504.0,0.0,0.919,normal
2003-06-02,EWY,18.868,18.91,116981321,6200000.0,0.0,0.0,3326244.0,3326244.0,-0.0,0.223,normal
2003-06-03,EWY,18.5454,18.62,114981554,6200000.0,0.0,0.0,-1999767.0,-1999767.0,-0.0,0.402,normal
2003-06-04,EWY,18.6998,19.0,115938617,6200000.0,0.0,0.0,957063.0,957063.0,-0.0,1.605,normal
2003-06-05,EWY,18.8041,19.07,116585575,6200000.0,0.0,0.0,646958.0,646958.0,0.0,1.414,normal
2003-06-06,EWY,18.8059,19.12,116596778,6200000.0,0.0,0.0,11203.0,11203.0,-0.0,1.67,normal
2003-06-09,EWY,19.1754,18.99,118887592,6200000.0,0.0,0.0,2290813.0,2290814.0,1.0,-0.967,normal
2003-06-10,EWY,19.1974,19.48,119023626,6200000.0,0.0,0.0,136034.0,136034.0,-0.0,1.472,normal
2003-06-11,EWY,19.2338,19.59,119249833,6200000.0,0.0,0.0,226207.0,226207.0,-0.0,1.852,normal
2003-06-12,EWY,19.4628,19.68,119695931,6150000.0,-50000.0,-973138.0,1419236.0,446098.0,-0.0,1.116,normal
2003-06-13,EWY,19.7174,19.52,121261905,6150000.0,0.0,0.0,1565975.0,1565974.0,-1.0,-1.001,normal
2003-06-16,EWY,19.4793,19.96,119797560,6150000.0,0.0,0.0,-1464346.0,-1464345.0,1.0,2.468,normal
2003-06-17,EWY,20.0873,20.05,123536606,6150000.0,0.0,0.0,3739046.0,3739046.0,-0.0,-0.185,normal
2003-06-18,EWY,20.1371,20.33,123843202,6150000.0,0.0,0.0,306596.0,306596.0,0.0,0.958,normal
2003-06-19,EWY,20.4389,20.6,125699155,6150000.0,0.0,0.0,1855953.0,1855953.0,-0.0,0.788,normal
2003-06-20,EWY,20.3758,20.38,125311404,6150000.0,0.0,0.0,-387751.0,-387751.0,0.0,0.02,normal
2003-06-23,EWY,19.9199,19.8,122507164,6150000.0,0.0,0.0,-2804240.0,-2804240.0,0.0,-0.602,normal
2003-06-24,EWY,19.568,19.73,120343262,6150000.0,0.0,0.0,-2163902.0,-2163902.0,0.0,0.828,normal
2003-06-25,EWY,19.9783,19.95,122866779,6150000.0,0.0,0.0,2523517.0,2523517.0,-0.0,-0.142,normal
2003-06-26,EWY,20.12,20.48,123737723,6150000.0,0.0,0.0,870945.0,870944.0,-1.0,1.79,normal
2003-06-27,EWY,20.0815,20.19,123500979,6150000.0,0.0,0.0,-236744.0,-236744.0,0.0,0.54,normal
2003-06-30,EWY,19.8146,19.99,121859532,6150000.0,0.0,0.0,-1641447.0,-1641447.0,0.0,0.885,normal
2003-07-01,EWY,20.0751,20.2,123461705,6150000.0,0.0,0.0,1602173.0,1602173.0,-0.0,0.622,normal
2003-07-02,EWY,20.4624,20.76,125843926,6150000.0,0.0,0.0,2382221.0,2382221.0,0.0,1.454,normal
2003-07-03,EWY,20.6593,20.91,127054750,6150000.0,0.0,0.0,1210824.0,1210824.0,-0.0,1.214,normal
2003-07-07,EWY,21.2592,21.25,130744228,6150000.0,0.0,0.0,3689477.0,3689478.0,1.0,-0.043,normal
2003-07-08,EWY,21.5489,21.99,132525926,6150000.0,0.0,0.0,1781698.0,1781698.0,-0.0,2.047,normal
2003-07-09,EWY,21.4468,21.9,131897912,6150000.0,0.0,0.0,-628013.0,-628014.0,-1.0,2.113,normal
2003-07-10,EWY,21.2724,21.27,130825469,6150000.0,0.0,0.0,-1072443.0,-1072443.0,0.0,-0.011,normal
2003-07-11,EWY,21.4292,21.61,131789482,6150000.0,0.0,0.0,964012.0,964013.0,1.0,0.844,normal
2003-07-14,EWY,21.9995,22.5,135296857,6150000.0,0.0,0.0,3507376.0,3507375.0,-1.0,2.275,normal
2003-07-15,EWY,21.7268,21.81,133619961,6150000.0,0.0,0.0,-1676896.0,-1676896.0,-0.0,0.383,normal
2003-07-16,EWY,21.8197,22.0,134191081,6150000.0,0.0,0.0,571120.0,571120.0,0.0,0.826,normal
2003-07-17,EWY,21.7692,21.3,133880721,6150000.0,0.0,0.0,-310360.0,-310360.0,-0.0,-2.155,normal
2003-07-18,EWY,21.054,21.4,129482205,6150000.0,0.0,0.0,-4398517.0,-4398516.0,1.0,1.643,normal
2003-07-21,EWY,21.0682,20.81,129569289,6150000.0,0.0,0.0,87084.0,87084.0,0.0,-1.225,normal
2003-07-22,EWY,21.2714,21.45,130819061,6150000.0,0.0,0.0,1249772.0,1249772.0,-0.0,0.84,normal
2003-07-23,EWY,21.1187,21.13,129880226,6150000.0,0.0,0.0,-938834.0,-938835.0,-1.0,0.053,normal
2003-07-24,EWY,21.4501,21.53,131918060,6150000.0,0.0,0.0,2037833.0,2037834.0,1.0,0.372,normal
2003-07-25,EWY,21.6017,21.95,132850566,6150000.0,0.0,0.0,932506.0,932506.0,-0.0,1.612,normal
2003-07-28,EWY,22.0621,22.0,135682124,6150000.0,0.0,0.0,2831558.0,2831558.0,-0.0,-0.282,normal
2003-07-29,EWY,22.2567,22.3,136878816,6150000.0,0.0,0.0,1196692.0,1196692.0,0.0,0.195,normal
2003-07-30,EWY,21.8665,22.13,134478760,6150000.0,0.0,0.0,-2400056.0,-2400056.0,-0.0,1.205,normal
2003-07-31,EWY,21.8045,21.7,134097884,6150000.0,0.0,0.0,-380876.0,-380876.0,-0.0,-0.479,normal
2003-08-01,EWY,22.1922,22.13,136482251,6150000.0,0.0,0.0,2384367.0,2384367.0,-0.0,-0.28,normal
2003-08-04,EWY,21.9549,21.95,135022549,6150000.0,0.0,0.0,-1459703.0,-1459702.0,1.0,-0.022,normal
2003-08-05,EWY,21.9176,21.78,134793037,6150000.0,0.0,0.0,-229512.0,-229512.0,-0.0,-0.628,normal
2003-08-06,EWY,21.4243,21.48,131759162,6150000.0,0.0,0.0,-3033875.0,-3033875.0,-0.0,0.26,normal
2003-08-07,EWY,21.4417,21.61,131866670,6150000.0,0.0,0.0,107508.0,107508.0,-0.0,0.785,normal
2003-08-08,EWY,21.3272,21.34,131162532,6150000.0,0.0,0.0,-704138.0,-704138.0,0.0,0.06,normal
2003-08-11,EWY,21.4018,21.41,131621119,6150000.0,0.0,0.0,458587.0,458587.0,-0.0,0.038,normal
2003-08-12,EWY,21.2835,21.05,130893568,6150000.0,0.0,0.0,-727551.0,-727551.0,0.0,-1.097,normal
2003-08-13,EWY,21.6772,21.48,133314602,6150000.0,0.0,0.0,2421034.0,2421034.0,0.0,-0.91,normal
2003-08-14,EWY,22.1997,22.25,136528309,6150000.0,0.0,0.0,3213707.0,3213707.0,-0.0,0.227,normal
2003-08-15,EWY,22.2033,22.4,136550252,6150000.0,0.0,0.0,21943.0,21943.0,-0.0,0.886,normal
2003-08-18,EWY,22.1508,22.5,136227691,6150000.0,0.0,0.0,-322561.0,-322561.0,0.0,1.576,normal
2003-08-19,EWY,22.5307,22.7,138563725,6150000.0,0.0,0.0,2336034.0,2336034.0,-0.0,0.751,normal
2003-08-20,EWY,22.5,22.79,138375098,6150000.0,0.0,0.0,-188627.0,-188627.0,-0.0,1.289,normal
2003-08-21,EWY,23.1243,23.65,142214353,6150000.0,0.0,0.0,3839254.0,3839255.0,1.0,2.273,normal
2003-08-22,EWY,23.1851,23.35,142588353,6150000.0,0.0,0.0,374000.0,374000.0,0.0,0.711,normal
2003-08-25,EWY,23.2627,23.29,155859835,6700000.0,550000.0,12794464.0,477019.0,13271482.0,-1.0,0.117,normal
2003-08-26,EWY,23.0752,23.27,154603646,6700000.0,0.0,0.0,-1256190.0,-1256189.0,1.0,0.844,normal
2003-08-27,EWY,23.0787,23.23,154627337,6700000.0,0.0,0.0,23691.0,23691.0,-0.0,0.656,normal
2003-08-28,EWY,22.8089,23.05,152819824,6700000.0,0.0,0.0,-1807513.0,-1807513.0,-0.0,1.057,normal
2003-08-29,EWY,23.0575,23.39,154485518,6700000.0,0.0,0.0,1665694.0,1665694.0,0.0,1.442,normal
2003-09-02,EWY,23.2795,23.75,155972797,6700000.0,0.0,0.0,1487279.0,1487279.0,-0.0,2.021,normal
2003-09-03,EWY,23.4381,23.56,157035149,6700000.0,0.0,0.0,1062352.0,1062352.0,-0.0,0.52,normal
2003-09-04,EWY,23.4374,23.69,157030888,6700000.0,0.0,0.0,-4261.0,-4261.0,0.0,1.078,normal
2003-09-05,EWY,23.4029,23.54,156799269,6700000.0,0.0,0.0,-231619.0,-231619.0,0.0,0.586,normal
2003-09-08,EWY,23.5014,23.84,157459387,6700000.0,0.0,0.0,660118.0,660118.0,0.0,1.441,normal
2003-09-09,EWY,23.7676,23.3,159243007,6700000.0,0.0,0.0,1783620.0,1783620.0,-0.0,-1.967,normal
2003-09-10,EWY,23.7671,23.05,159239476,6700000.0,0.0,0.0,-3531.0,-3531.0,-0.0,-3.017,normal
2003-09-11,EWY,23.7637,23.5,159216549,6700000.0,0.0,0.0,-22927.0,-22927.0,0.0,-1.109,normal
2003-09-12,EWY,23.7631,23.02,159213018,6700000.0,0.0,0.0,-3531.0,-3531.0,-0.0,-3.127,normal
2003-09-15,EWY,23.1313,22.86,154979469,6700000.0,0.0,0.0,-4233549.0,-4233549.0,0.0,-1.173,normal
2003-09-16,EWY,23.4966,23.59,157427408,6700000.0,0.0,0.0,2447939.0,2447939.0,0.0,0.397,normal
2003-09-17,EWY,23.5248,23.51,157615966,6700000.0,0.0,0.0,188558.0,188558.0,-0.0,-0.063,normal
2003-09-18,EWY,23.258,23.49,155828700,6700000.0,0.0,0.0,-1787265.0,-1787266.0,-1.0,0.997,normal
2003-09-19,EWY,22.9717,22.95,153910336,6700000.0,0.0,0.0,-1918364.0,-1918364.0,0.0,-0.094,normal
2003-09-22,EWY,22.2527,22.01,149093164,6700000.0,0.0,0.0,-4817173.0,-4817172.0,1.0,-1.091,normal
2003-09-23,EWY,22.3285,22.35,149600930,6700000.0,0.0,0.0,507766.0,507766.0,-0.0,0.096,normal
2003-09-24,EWY,22.5521,21.92,151098896,6700000.0,0.0,0.0,1497966.0,1497966.0,0.0,-2.803,normal
2003-09-25,EWY,22.1129,21.79,148156571,6700000.0,0.0,0.0,-2942325.0,-2942325.0,0.0,-1.46,normal
2003-09-26,EWY,21.5591,21.54,144445963,6700000.0,0.0,0.0,-3710607.0,-3710608.0,-1.0,-0.089,normal
2003-09-29,EWY,21.5101,21.67,144117844,6700000.0,0.0,0.0,-328119.0,-328119.0,0.0,0.743,normal
2003-09-30,EWY,21.6294,21.35,144916678,6700000.0,0.0,0.0,798834.0,798834.0,-0.0,-1.292,normal
2003-10-01,EWY,21.8551,22.29,146429130,6700000.0,0.0,0.0,1512451.0,1512452.0,1.0,1.99,normal
2003-10-02,EWY,22.3369,22.7,149657123,6700000.0,0.0,0.0,3227993.0,3227993.0,-0.0,1.626,normal
2003-10-03,EWY,22.3586,23.21,149802365,6700000.0,0.0,0.0,145243.0,145242.0,-1.0,3.808,normal
2003-10-06,EWY,22.5621,23.17,151165882,6700000.0,0.0,0.0,1363517.0,1363517.0,-0.0,2.695,normal
2003-10-07,EWY,22.7267,22.92,152268669,6700000.0,0.0,0.0,1102786.0,1102787.0,1.0,0.851,normal
2003-10-08,EWY,22.5929,22.55,151372725,6700000.0,0.0,0.0,-895944.0,-895944.0,0.0,-0.19,normal
2003-10-09,EWY,23.0654,23.16,154538321,6700000.0,0.0,0.0,3165596.0,3165596.0,0.0,0.41,normal
2003-10-10,EWY,23.8297,23.95,159658715,6700000.0,0.0,0.0,5120395.0,5120394.0,-1.0,0.505,normal
2003-10-13,EWY,23.8256,24.39,159631513,6700000.0,0.0,0.0,-27202.0,-27202.0,-0.0,2.369,normal
2003-10-14,EWY,23.7129,23.94,158876611,6700000.0,0.0,0.0,-754902.0,-754902.0,0.0,0.958,normal
2003-10-15,EWY,23.4917,23.32,157394283,6700000.0,0.0,0.0,-1482328.0,-1482328.0,0.0,-0.731,normal
2003-10-16,EWY,23.8053,23.66,159495309,6700000.0,0.0,0.0,2101026.0,2101026.0,-0.0,-0.61,normal
2003-10-17,EWY,23.5322,23.3,158842080,6750000.0,50000.0,1176608.0,-1829837.0,-653229.0,-0.0,-0.987,normal
2003-10-20,EWY,23.8294,23.7,160848727,6750000.0,0.0,0.0,2006647.0,2006647.0,0.0,-0.543,normal
2003-10-21,EWY,23.8245,23.93,160815166,6750000.0,0.0,0.0,-33561.0,-33561.0,-0.0,0.443,normal
2003-10-22,EWY,23.9007,23.55,161329448,6750000.0,0.0,0.0,514283.0,514282.0,-1.0,-1.467,normal
2003-10-23,EWY,22.9911,22.9,155190236,6750000.0,0.0,0.0,-6139213.0,-6139212.0,1.0,-0.396,normal
2003-10-24,EWY,22.7353,22.53,153462944,6750000.0,0.0,0.0,-1727291.0,-1727292.0,-1.0,-0.903,normal
2003-10-27,EWY,23.2225,23.3,156751646,6750000.0,0.0,0.0,3288701.0,3288702.0,1.0,0.334,normal
2003-10-28,EWY,23.594,23.65,159259406,6750000.0,0.0,0.0,2507760.0,2507760.0,-0.0,0.237,normal
2003-10-29,EWY,23.8293,23.99,160848052,6750000.0,0.0,0.0,1588646.0,1588646.0,-0.0,0.674,normal
2003-10-30,EWY,24.1222,24.29,162825167,6750000.0,0.0,0.0,1977116.0,1977115.0,-1.0,0.695,normal
2003-10-31,EWY,23.8553,24.19,161023208,6750000.0,0.0,0.0,-1801960.0,-1801959.0,1.0,1.403,normal
2003-11-03,EWY,24.0459,24.32,162310028,6750000.0,0.0,0.0,1286820.0,1286820.0,0.0,1.14,normal
2003-11-04,EWY,24.223,24.27,163505054,6750000.0,0.0,0.0,1195027.0,1195026.0,-1.0,0.194,normal
2003-11-05,EWY,24.6315,24.87,166262706,6750000.0,0.0,0.0,2757652.0,2757652.0,0.0,0.968,normal
2003-11-06,EWY,24.1346,24.25,162908212,6750000.0,0.0,0.0,-3354493.0,-3354494.0,-1.0,0.478,normal
2003-11-07,EWY,24.6263,24.76,166227566,6750000.0,0.0,0.0,3319353.0,3319354.0,1.0,0.543,normal
2003-11-10,EWY,24.5156,24.56,165480158,6750000.0,0.0,0.0,-747407.0,-747408.0,-1.0,0.181,normal
2003-11-11,EWY,24.1462,24.38,162987134,6750000.0,0.0,0.0,-2493025.0,-2493024.0,1.0,0.968,normal
2003-11-12,EWY,24.594,24.94,166009270,6750000.0,0.0,0.0,3022137.0,3022136.0,-1.0,1.407,normal
2003-11-13,EWY,25.2132,25.26,170188911,6750000.0,0.0,0.0,4179640.0,4179641.0,1.0,0.186,normal
2003-11-14,EWY,24.9488,24.98,168404069,6750000.0,0.0,0.0,-1784842.0,-1784842.0,-0.0,0.125,normal
2003-11-17,EWY,24.2213,24.13,163493687,6750000.0,0.0,0.0,-4910382.0,-4910382.0,0.0,-0.377,normal
2003-11-18,EWY,24.4525,24.25,165054213,6750000.0,0.0,0.0,1560526.0,1560526.0,0.0,-0.828,normal
2003-11-19,EWY,23.5813,23.75,159173674,6750000.0,0.0,0.0,-5880539.0,-5880539.0,0.0,0.716,normal
2003-11-20,EWY,23.1996,23.26,156597502,6750000.0,0.0,0.0,-2576171.0,-2576172.0,-1.0,0.26,normal
2003-11-21,EWY,23.2197,23.29,156732941,6750000.0,0.0,0.0,135439.0,135439.0,0.0,0.303,normal
2003-11-24,EWY,22.511,23.08,151949439,6750000.0,0.0,0.0,-4783502.0,-4783502.0,0.0,2.527,normal
2003-11-25,EWY,23.0152,23.27,155352681,6750000.0,0.0,0.0,3403242.0,3403242.0,0.0,1.107,normal
2003-11-26,EWY,23.4539,23.4,158313555,6750000.0,0.0,0.0,2960874.0,2960874.0,-0.0,-0.23,normal
2003-11-28,EWY,23.8808,23.67,161195380,6750000.0,0.0,0.0,2881825.0,2881825.0,0.0,-0.883,normal
2003-12-01,EWY,24.2324,24.82,163568531,6750000.0,0.0,0.0,2373151.0,2373151.0,-0.0,2.425,normal
2003-12-02,EWY,24.3183,24.62,164148667,6750000.0,0.0,0.0,580135.0,580136.0,1.0,1.24,normal
2003-12-03,EWY,24.323,24.51,164180122,6750000.0,0.0,0.0,31455.0,31455.0,0.0,0.769,normal
2003-12-04,EWY,24.1871,24.66,178984370,7400000.0,650000.0,15721600.0,-917352.0,14804248.0,-0.0,1.955,normal
2003-12-05,EWY,23.6697,23.79,175155528,7400000.0,0.0,0.0,-3828841.0,-3828842.0,-1.0,0.508,normal
2003-12-08,EWY,23.6605,24.07,175087441,7400000.0,0.0,0.0,-68087.0,-68087.0,0.0,1.731,normal
2003-12-09,EWY,23.7625,23.62,175842833,7400000.0,0.0,0.0,755392.0,755392.0,-0.0,-0.6,normal
2003-12-10,EWY,24.0976,24.0,178321907,7400000.0,0.0,0.0,2479074.0,2479074.0,-0.0,-0.405,normal
2003-12-11,EWY,23.9484,24.73,177218019,7400000.0,0.0,0.0,-1103888.0,-1103888.0,-0.0,3.264,normal
2003-12-12,EWY,24.4954,24.83,181265930,7400000.0,0.0,0.0,4047911.0,4047911.0,0.0,1.366,normal
2003-12-15,EWY,24.9794,24.87,184847286,7400000.0,0.0,0.0,3581356.0,3581356.0,0.0,-0.438,normal
2003-12-16,EWY,24.3831,24.74,182873212,7500000.0,100000.0,2438310.0,-4412383.0,-1974074.0,-0.0,1.464,normal
2003-12-17,EWY,24.0579,24.3,180434032,7500000.0,0.0,0.0,-2439180.0,-2439180.0,0.0,1.006,normal
2003-12-18,EWY,24.4174,24.82,183130440,7500000.0,0.0,0.0,2696408.0,2696408.0,0.0,1.649,normal
2003-12-19,EWY,24.5681,24.65,184260668,7500000.0,0.0,0.0,1130228.0,1130228.0,0.0,0.333,normal
2003-12-22,EWY,24.1739,24.46,181304302,7500000.0,0.0,0.0,-2956365.0,-2956366.0,-1.0,1.183,normal
2003-12-23,EWY,24.032,24.3,187449850,7800000.0,300000.0,7209610.0,-1064062.0,6145548.0,1.0,1.115,normal
2003-12-24,EWY,23.7292,24.25,185087783,7800000.0,0.0,0.0,-2362066.0,-2362067.0,-1.0,2.195,normal
2003-12-26,EWY,23.6778,24.17,184686941,7800000.0,0.0,0.0,-400842.0,-400842.0,-0.0,2.079,normal
2003-12-29,EWY,23.9529,24.44,186832760,7800000.0,0.0,0.0,2145819.0,2145819.0,0.0,2.034,normal
2003-12-30,EWY,24.5715,24.94,191657918,7800000.0,0.0,0.0,4825158.0,4825158.0,-0.0,1.5,normal
2003-12-31,EWY,24.6093,25.04,196874688,8000000.0,200000.0,4921867.0,294902.0,5216770.0,0.0,1.75,normal
2004-01-02,EWY,24.855,25.7,198839808,8000000.0,0.0,0.0,1965120.0,1965120.0,-0.0,3.4,normal
2004-01-05,EWY,25.0464,25.85,200370832,8000000.0,0.0,0.0,1531024.0,1531024.0,-0.0,3.209,normal
2004-01-06,EWY,25.1751,25.45,215247028,8550000.0,550000.0,13846300.0,1029896.0,14876196.0,-0.0,1.092,normal
2004-01-07,EWY,25.3207,25.55,219024012,8650000.0,100000.0,2532070.0,1244914.0,3776984.0,0.0,0.906,normal
2004-01-08,EWY,25.329,25.74,220362587,8700000.0,50000.0,1266452.0,72124.0,1338575.0,-0.0,1.623,normal
2004-01-09,EWY,26.0751,26.1,226853344,8700000.0,0.0,0.0,6490757.0,6490757.0,0.0,0.096,normal
2004-01-12,EWY,26.4713,26.75,230300510,8700000.0,0.0,0.0,3447166.0,3447166.0,-0.0,1.053,normal
2004-01-13,EWY,26.2234,26.2,228143624,8700000.0,0.0,0.0,-2156887.0,-2156886.0,1.0,-0.089,normal
2004-01-14,EWY,26.2037,26.5,227971842,8700000.0,0.0,0.0,-171782.0,-171782.0,-0.0,1.131,normal
2004-01-15,EWY,25.9514,26.29,225777458,8700000.0,0.0,0.0,-2194384.0,-2194384.0,-0.0,1.305,normal
2004-01-16,EWY,26.0573,26.42,226698893,8700000.0,0.0,0.0,921434.0,921435.0,1.0,1.392,normal
2004-01-20,EWY,26.6449,26.78,231810856,8700000.0,0.0,0.0,5111963.0,5111963.0,-0.0,0.507,normal
2004-01-21,EWY,26.6436,27.28,231799677,8700000.0,0.0,0.0,-11180.0,-11179.0,1.0,2.388,normal
2004-01-22,EWY,26.6449,27.77,231810543,8700000.0,0.0,0.0,10866.0,10866.0,-0.0,4.223,normal
2004-01-23,EWY,26.7322,27.2,232570453,8700000.0,0.0,0.0,759910.0,759910.0,-0.0,1.75,normal
2004-01-26,EWY,27.0668,27.8,235481064,8700000.0,0.0,0.0,2910611.0,2910611.0,-0.0,2.709,normal
2004-01-27,EWY,26.9044,26.79,248865543,9250000.0,550000.0,14797411.0,-1412932.0,13384479.0,1.0,-0.425,normal
2004-01-28,EWY,26.9896,26.75,249654253,9250000.0,0.0,0.0,788711.0,788710.0,-1.0,-0.888,normal
2004-01-29,EWY,26.6203,26.7,254224056,9550000.0,300000.0,7986096.0,-3416293.0,4569803.0,0.0,0.299,normal
2004-01-30,EWY,26.4517,26.58,252613811,9550000.0,0.0,0.0,-1610245.0,-1610245.0,-0.0,0.485,normal
2004-02-02,EWY,26.6877,26.73,254867315,9550000.0,0.0,0.0,2253504.0,2253504.0,0.0,0.159,normal
2004-02-03,EWY,26.1368,26.33,249606440,9550000.0,0.0,0.0,-5260875.0,-5260875.0,0.0,0.739,normal
2004-02-04,EWY,25.9,26.01,247344799,9550000.0,0.0,0.0,-2261641.0,-2261641.0,-0.0,0.425,normal
2004-02-05,EWY,26.1634,26.4,249860575,9550000.0,0.0,0.0,2515776.0,2515776.0,0.0,0.904,normal
2004-02-06,EWY,26.5307,27.14,253367841,9550000.0,0.0,0.0,3507266.0,3507266.0,-0.0,2.297,normal
2004-02-09,EWY,27.0956,27.44,258763171,9550000.0,0.0,0.0,5395330.0,5395330.0,0.0,1.271,normal
2004-02-10,EWY,27.2752,27.7,260478408,9550000.0,0.0,0.0,1715237.0,1715237.0,-0.0,1.557,normal
2004-02-11,EWY,27.6597,28.35,264149877,9550000.0,0.0,0.0,3671469.0,3671469.0,0.0,2.496,normal
2004-02-12,EWY,27.6773,28.04,275389274,9950000.0,400000.0,11070926.0,168472.0,11239397.0,-0.0,1.31,normal
2004-02-13,EWY,27.8209,28.16,276817955,9950000.0,0.0,0.0,1428681.0,1428681.0,0.0,1.219,normal
2004-02-17,EWY,27.9936,28.46,278536161,9950000.0,0.0,0.0,1718206.0,1718206.0,0.0,1.666,normal
2004-02-18,EWY,27.8504,27.95,304962165,10950000.0,1000000.0,27850426.0,-1424422.0,26426004.0,0.0,0.357,normal
2004-02-19,EWY,27.655,27.88,304205110,11000000.0,50000.0,1382750.0,-2139805.0,-757055.0,-0.0,0.814,normal
2004-02-20,EWY,27.4112,27.4,309746074,11300000.0,300000.0,8223347.0,-2682383.0,5540964.0,-0.0,-0.041,normal
2004-02-23,EWY,27.0776,27.21,305977298,11300000.0,0.0,0.0,-3768776.0,-3768776.0,0.0,0.489,normal
2004-02-24,EWY,26.6763,26.87,301442066,11300000.0,0.0,0.0,-4535232.0,-4535232.0,0.0,0.726,normal
2004-02-25,EWY,26.8467,27.06,303367868,11300000.0,0.0,0.0,1925802.0,1925802.0,-0.0,0.794,normal
2004-02-26,EWY,26.821,26.97,303076746,11300000.0,0.0,0.0,-291122.0,-291122.0,-0.0,0.556,normal
2004-02-27,EWY,27.365,27.62,309225008,11300000.0,0.0,0.0,6148262.0,6148262.0,-0.0,0.932,normal
2004-03-01,EWY,27.3676,27.92,309253699,11300000.0,0.0,0.0,28691.0,28691.0,0.0,2.018,normal
2004-03-02,EWY,27.9587,28.14,315933378,11300000.0,0.0,0.0,6679679.0,6679679.0,0.0,0.648,normal
2004-03-03,EWY,27.6921,27.95,322613140,11650000.0,350000.0,9692240.0,-3012478.0,6679762.0,0.0,0.931,normal
2004-03-04,EWY,28.3136,28.5,336931531,11900000.0,250000.0,7078394.0,7239997.0,14318391.0,0.0,0.658,normal
2004-03-05,EWY,28.1896,28.64,341094402,12100000.0,200000.0,5637924.0,-1475053.0,4162871.0,-0.0,1.598,normal
2004-03-08,EWY,27.9383,27.95,338053757,12100000.0,0.0,0.0,-3040645.0,-3040645.0,0.0,0.042,normal
2004-03-09,EWY,27.6458,27.74,334513878,12100000.0,0.0,0.0,-3539879.0,-3539879.0,0.0,0.341,normal
2004-03-10,EWY,27.2059,26.9,329191910,12100000.0,0.0,0.0,-5321967.0,-5321968.0,-1.0,-1.125,normal
2004-03-11,EWY,27.0478,26.88,323221628,11950000.0,-150000.0,-4057175.0,-1913107.0,-5970282.0,0.0,-0.621,normal
2004-03-12,EWY,26.2229,26.37,326474532,12450000.0,500000.0,13111427.0,-9858523.0,3252904.0,-0.0,0.561,normal
2004-03-15,EWY,26.357,26.07,328145123,12450000.0,0.0,0.0,1670591.0,1670591.0,0.0,-1.089,normal
2004-03-16,EWY,26.3581,26.45,328158445,12450000.0,0.0,0.0,13322.0,13322.0,0.0,0.349,normal
2004-03-17,EWY,27.1718,27.39,338289022,12450000.0,0.0,0.0,10130577.0,10130577.0,-0.0,0.803,normal
2004-03-18,EWY,27.3162,27.22,340086229,12450000.0,0.0,0.0,1797207.0,1797207.0,-0.0,-0.352,normal
2004-03-19,EWY,27.7192,27.15,345103517,12450000.0,0.0,0.0,5017288.0,5017288.0,0.0,-2.053,normal
2004-03-22,EWY,26.9554,26.57,335595054,12450000.0,0.0,0.0,-9508463.0,-9508463.0,0.0,-1.43,normal
2004-03-23,EWY,27.0827,27.15,337180001,12450000.0,0.0,0.0,1584947.0,1584947.0,-0.0,0.248,normal
2004-03-24,EWY,27.1501,26.95,338019056,12450000.0,0.0,0.0,839055.0,839055.0,-0.0,-0.737,normal
2004-03-25,EWY,26.9097,27.34,335025964,12450000.0,0.0,0.0,-2993092.0,-2993092.0,0.0,1.599,normal
2004-03-26,EWY,27.2262,27.15,338966302,12450000.0,0.0,0.0,3940338.0,3940338.0,0.0,-0.28,normal
2004-03-29,EWY,27.6105,27.81,343751285,12450000.0,0.0,0.0,4784983.0,4784983.0,-0.0,0.722,normal
2004-03-30,EWY,27.7169,27.71,345075816,12450000.0,0.0,0.0,1324531.0,1324531.0,0.0,-0.025,normal
2004-03-31,EWY,28.1146,28.19,350026197,12450000.0,0.0,0.0,4950381.0,4950381.0,-0.0,0.268,normal
2004-04-01,EWY,28.3336,28.58,352753295,12450000.0,0.0,0.0,2727098.0,2727098.0,0.0,0.87,normal
2004-04-02,EWY,28.3725,28.7,353237314,12450000.0,0.0,0.0,484019.0,484019.0,0.0,1.154,normal
2004-04-05,EWY,28.3743,28.99,353260433,12450000.0,0.0,0.0,23120.0,23119.0,-1.0,2.17,normal
2004-04-06,EWY,28.9461,29.19,360379132,12450000.0,0.0,0.0,7118698.0,7118699.0,1.0,0.843,normal
2004-04-07,EWY,29.1994,29.3,367912163,12600000.0,150000.0,4379907.0,3153124.0,7533031.0,-0.0,0.345,normal
2004-04-08,EWY,29.4106,29.68,370573636,12600000.0,0.0,0.0,2661473.0,2661473.0,0.0,0.916,normal
2004-04-12,EWY,29.4121,30.05,370592095,12600000.0,0.0,0.0,18459.0,18459.0,0.0,2.169,normal
2004-04-13,EWY,29.3044,29.32,369236045,12600000.0,0.0,0.0,-1356050.0,-1356050.0,-0.0,0.053,normal
2004-04-14,EWY,28.9069,29.15,374344290,12950000.0,350000.0,10117413.0,-5009168.0,5108245.0,-0.0,0.841,normal
2004-04-15,EWY,29.0042,29.07,375604351,12950000.0,0.0,0.0,1260061.0,1260061.0,0.0,0.227,normal
2004-04-16,EWY,28.1432,28.6,364453961,12950000.0,0.0,0.0,-11150390.0,-11150390.0,0.0,1.623,normal
2004-04-19,EWY,28.4811,28.89,368829662,12950000.0,0.0,0.0,4375701.0,4375701.0,-0.0,1.436,normal
2004-04-20,EWY,28.9884,28.99,375400104,12950000.0,0.0,0.0,6570441.0,6570442.0,1.0,0.005,normal
2004-04-21,EWY,29.2165,29.46,379813967,13000000.0,50000.0,1460823.0,2953040.0,4413863.0,-0.0,0.834,normal
2004-04-22,EWY,28.8273,29.35,377637696,13100000.0,100000.0,2882730.0,-5059002.0,-2176271.0,1.0,1.813,normal
2004-04-23,EWY,29.2263,29.64,382864006,13100000.0,0.0,0.0,5226311.0,5226310.0,-1.0,1.416,normal
2004-04-26,EWY,28.7421,28.8,376521287,13100000.0,0.0,0.0,-6342719.0,-6342719.0,-0.0,0.202,normal
2004-04-27,EWY,28.5877,28.75,374499473,13100000.0,0.0,0.0,-2021815.0,-2021814.0,1.0,0.568,normal
2004-04-28,EWY,27.9617,27.44,366298493,13100000.0,0.0,0.0,-8200980.0,-8200980.0,-0.0,-1.866,normal
2004-04-29,EWY,26.6886,26.03,349620542,13100000.0,0.0,0.0,-16677951.0,-16677951.0,-0.0,-2.468,normal
2004-04-30,EWY,26.2042,25.85,343275439,13100000.0,0.0,0.0,-6345103.0,-6345103.0,-0.0,-1.352,normal
2004-05-03,EWY,26.2336,26.17,343659754,13100000.0,0.0,0.0,384315.0,384315.0,0.0,-0.242,normal
2004-05-04,EWY,26.303,26.32,337993293,12850000.0,-250000.0,-6575745.0,909284.0,-5666461.0,-0.0,0.065,normal
2004-05-05,EWY,26.38,26.32,338982884,12850000.0,0.0,0.0,989591.0,989591.0,-0.0,-0.227,normal
2004-05-06,EWY,25.4186,25.25,326628637,12850000.0,0.0,0.0,-12354247.0,-12354247.0,0.0,-0.663,normal
2004-05-07,EWY,25.4974,24.9,327642117,12850000.0,0.0,0.0,1013479.0,1013480.0,1.0,-2.343,normal
2004-05-10,EWY,23.6885,23.33,670383446,28300000.0,15450000.0,365986722.0,-23245393.0,342741329.0,-0.0,-1.513,normal
2004-05-11,EWY,23.6166,23.79,303472899,12850000.0,-15450000.0,-364875976.0,-2034572.0,-366910547.0,1.0,0.734,normal
2004-05-12,EWY,24.6179,24.2,311416979,12650000.0,-200000.0,-4923589.0,12867669.0,7944080.0,-0.0,-1.698,normal
2004-05-13,EWY,23.6208,23.75,298803259,12650000.0,0.0,0.0,-12613720.0,-12613720.0,-0.0,0.547,normal
2004-05-14,EWY,22.873,22.94,289343361,12650000.0,0.0,0.0,-9459898.0,-9459898.0,-0.0,0.293,normal
2004-05-17,EWY,21.6868,21.89,596387990,27500000.0,14850000.0,322049515.0,-15004886.0,307044629.0,0.0,0.937,normal
2004-05-18,EWY,22.2577,22.52,609861254,27400000.0,-100000.0,-2225771.0,15699035.0,13473264.0,0.0,1.178,normal
2004-05-19,EWY,23.7,23.35,649380000,27400000.0,0.0,0.0,39518746.0,39518746.0,0.0,-1.477,normal
2004-05-20,EWY,23.4002,23.47,641164713,27400000.0,0.0,0.0,-8215287.0,-8215287.0,0.0,0.298,normal
2004-05-21,EWY,23.9555,23.93,656380399,27400000.0,0.0,0.0,15215686.0,15215686.0,0.0,-0.106,normal
2004-05-24,EWY,24.2237,24.01,663730695,27400000.0,0.0,0.0,7350297.0,7350296.0,-1.0,-0.882,normal
2004-05-25,EWY,23.7288,24.18,650168682,27400000.0,0.0,0.0,-13562014.0,-13562013.0,1.0,1.902,normal
2004-05-26,EWY,23.7102,24.21,649659973,27400000.0,0.0,0.0,-508708.0,-508709.0,-1.0,2.108,normal
2004-05-27,EWY,24.4672,24.65,670401609,27400000.0,0.0,0.0,20741636.0,20741636.0,0.0,0.747,normal
2004-05-28,EWY,24.8511,24.85,680920743,27400000.0,0.0,0.0,10519134.0,10519134.0,-0.0,-0.004,normal
2004-06-01,EWY,24.9304,24.84,683092467,27400000.0,0.0,0.0,2171724.0,2171724.0,-0.0,-0.362,normal
2004-06-02,EWY,24.4467,24.64,669838347,27400000.0,0.0,0.0,-13254120.0,-13254120.0,-0.0,0.791,normal
2004-06-03,EWY,23.29,23.49,294618500,12650000.0,-14750000.0,-343527500.0,-31692347.0,-375219847.0,0.0,0.859,normal
2004-06-04,EWY,23.59,23.81,274823500,11650000.0,-1000000.0,-23590000.0,3795000.0,-19795000.0,-0.0,0.933,normal
2004-06-07,EWY,24.62,24.99,286823000,11650000.0,0.0,0.0,11999500.0,11999500.0,-0.0,1.503,normal
2004-06-08,EWY,24.62,24.89,286823000,11650000.0,0.0,0.0,0.0,0.0,0.0,1.097,normal
2004-06-09,EWY,24.14,23.94,281231000,11650000.0,0.0,0.0,-5592000.0,-5592000.0,0.0,-0.829,normal
2004-06-10,EWY,23.56,23.7,274474000,11650000.0,0.0,0.0,-6757000.0,-6757000.0,0.0,0.594,normal
2004-06-14,EWY,22.13,22.2,257814500,11650000.0,0.0,0.0,-16659500.0,-16659500.0,-0.0,0.316,normal
2004-06-15,EWY,22.55,23.05,262707500,11650000.0,0.0,0.0,4893000.0,4893000.0,-0.0,2.217,normal
2004-06-16,EWY,22.67,22.62,264105500,11650000.0,0.0,0.0,1398000.0,1398000.0,-0.0,-0.221,normal
2004-06-17,EWY,22.98,22.76,267717000,11650000.0,0.0,0.0,3611500.0,3611500.0,0.0,-0.957,normal
2004-06-18,EWY,22.42,22.52,261193000,11650000.0,0.0,0.0,-6524000.0,-6524000.0,-0.0,0.446,normal
2004-06-21,EWY,22.73,22.5,264804500,11650000.0,0.0,0.0,3611500.0,3611500.0,0.0,-1.012,normal
2004-06-22,EWY,22.6,22.8,263290000,11650000.0,0.0,0.0,-1514500.0,-1514500.0,-0.0,0.885,normal
2004-06-23,EWY,22.42,22.7,261193000,11650000.0,0.0,0.0,-2097000.0,-2097000.0,-0.0,1.249,normal
2004-06-24,EWY,23.27,23.5,271095500,11650000.0,0.0,0.0,9902500.0,9902500.0,0.0,0.988,normal
2004-06-25,EWY,23.94,24.06,278901000,11650000.0,0.0,0.0,7805500.0,7805500.0,-0.0,0.501,normal
2004-06-28,EWY,23.54,23.75,274241000,11650000.0,0.0,0.0,-4660000.0,-4660000.0,0.0,0.892,normal
2004-06-29,EWY,23.73,23.95,276454500,11650000.0,0.0,0.0,2213500.0,2213500.0,-0.0,0.927,normal
2004-06-30,EWY,23.93,24.34,285963500,11950000.0,300000.0,7179000.0,2330000.0,9509000.0,0.0,1.713,normal
2004-07-01,EWY,23.72,23.65,284640000,12000000.0,50000.0,1186000.0,-2509500.0,-1323500.0,0.0,-0.295,normal
2004-07-02,EWY,22.92,23.19,275040000,12000000.0,0.0,0.0,-9600000.0,-9600000.0,-0.0,1.178,normal
2004-07-06,EWY,22.98,22.9,275760000,12000000.0,0.0,0.0,720000.0,720000.0,0.0,-0.348,normal
2004-07-07,EWY,23.06,23.2,276720000,12000000.0,0.0,0.0,960000.0,960000.0,0.0,0.607,normal
2004-07-08,EWY,22.45,22.61,272767500,12150000.0,150000.0,3367500.0,-7320000.0,-3952500.0,-0.0,0.713,normal
2004-07-09,EWY,22.64,22.89,275076000,12150000.0,0.0,0.0,2308500.0,2308500.0,-0.0,1.104,normal
2004-07-12,EWY,22.72,22.84,276048000,12150000.0,0.0,0.0,972000.0,972000.0,0.0,0.528,normal
2004-07-13,EWY,22.85,23.07,277627500,12150000.0,0.0,0.0,1579500.0,1579500.0,-0.0,0.963,normal
2004-07-14,EWY,22.24,22.2,270216000,12150000.0,0.0,0.0,-7411500.0,-7411500.0,0.0,-0.18,normal
2004-07-15,EWY,21.95,22.01,266692500,12150000.0,0.0,0.0,-3523500.0,-3523500.0,-0.0,0.273,normal
2004-07-16,EWY,22.2,22.39,269730000,12150000.0,0.0,0.0,3037500.0,3037500.0,0.0,0.856,normal
2004-07-19,EWY,22.68,22.61,275562000,12150000.0,0.0,0.0,5832000.0,5832000.0,-0.0,-0.309,normal
2004-07-20,EWY,22.26,22.5,270459000,12150000.0,0.0,0.0,-5103000.0,-5103000.0,-0.0,1.078,normal
2004-07-21,EWY,22.87,22.21,277870500,12150000.0,0.0,0.0,7411500.0,7411500.0,0.0,-2.886,normal
2004-07-22,EWY,22.47,22.54,273010500,12150000.0,0.0,0.0,-4860000.0,-4860000.0,0.0,0.311,normal
2004-07-23,EWY,22.23,21.96,272317500,12250000.0,100000.0,2223000.0,-2916000.0,-693000.0,-0.0,-1.215,normal
2004-07-26,EWY,22.24,21.96,272440000,12250000.0,0.0,0.0,122500.0,122500.0,0.0,-1.259,normal
2004-07-27,EWY,22.22,22.3,272195000,12250000.0,0.0,0.0,-245000.0,-245000.0,-0.0,0.36,normal
2004-07-28,EWY,22.41,22.37,274522500,12250000.0,0.0,0.0,2327500.0,2327500.0,-0.0,-0.178,normal
2004-07-29,EWY,21.9,22.15,268275000,12250000.0,0.0,0.0,-6247500.0,-6247500.0,0.0,1.142,normal
2004-07-30,EWY,22.09,22.05,270602500,12250000.0,0.0,0.0,2327500.0,2327500.0,-0.0,-0.181,normal
2004-08-02,EWY,21.7,21.84,265825000,12250000.0,0.0,0.0,-4777500.0,-4777500.0,0.0,0.645,normal
2004-08-03,EWY,21.91,21.65,268397500,12250000.0,0.0,0.0,2572500.0,2572500.0,-0.0,-1.187,normal
2004-08-04,EWY,21.93,21.91,268642500,12250000.0,0.0,0.0,245000.0,245000.0,0.0,-0.091,normal
2004-08-05,EWY,22.52,22.25,275870000,12250000.0,0.0,0.0,7227500.0,7227500.0,0.0,-1.199,normal
2004-08-06,EWY,22.17,21.9,267148500,12050000.0,-200000.0,-4434000.0,-4287500.0,-8721500.0,-0.0,-1.218,normal
2004-08-09,EWY,22.57,22.41,271968500,12050000.0,0.0,0.0,4820000.0,4820000.0,0.0,-0.709,normal
2004-08-10,EWY,22.8,22.95,274740000,12050000.0,0.0,0.0,2771500.0,2771500.0,-0.0,0.658,normal
2004-08-11,EWY,22.93,22.97,276306500,12050000.0,0.0,0.0,1566500.0,1566500.0,0.0,0.174,normal
2004-08-12,EWY,23.27,23.05,280403500,12050000.0,0.0,0.0,4097000.0,4097000.0,0.0,-0.945,normal
2004-08-13,EWY,23.46,23.45,282693000,12050000.0,0.0,0.0,2289500.0,2289500.0,-0.0,-0.043,normal
2004-08-16,EWY,23.39,23.7,281849500,12050000.0,0.0,0.0,-843500.0,-843500.0,0.0,1.325,normal
2004-08-17,EWY,23.22,23.45,282123000,12150000.0,100000.0,2322000.0,-2048500.0,273500.0,0.0,0.991,normal
2004-08-18,EWY,23.33,23.88,283459500,12150000.0,0.0,0.0,1336500.0,1336500.0,0.0,2.357,normal
2004-08-19,EWY,23.85,23.98,289777500,12150000.0,0.0,0.0,6318000.0,6318000.0,-0.0,0.545,normal
2004-08-20,EWY,23.79,24.21,289048500,12150000.0,0.0,0.0,-729000.0,-729000.0,0.0,1.765,normal
2004-08-23,EWY,23.81,24.0,289291500,12150000.0,0.0,0.0,243000.0,243000.0,0.0,0.798,normal
2004-08-24,EWY,23.93,24.09,290749500,12150000.0,0.0,0.0,1458000.0,1458000.0,-0.0,0.669,normal
2004-08-25,EWY,24.2,24.4,304920000,12600000.0,450000.0,10890000.0,3280500.0,14170500.0,0.0,0.826,normal
2004-08-26,EWY,24.31,24.62,308737000,12700000.0,100000.0,2431000.0,1386000.0,3817000.0,0.0,1.275,normal
2004-08-27,EWY,24.35,24.49,309245000,12700000.0,0.0,0.0,508000.0,508000.0,-0.0,0.575,normal
2004-08-30,EWY,24.27,24.05,310656000,12800000.0,100000.0,2427000.0,-1016000.0,1411000.0,0.0,-0.906,normal
2004-08-31,EWY,24.17,24.25,309376000,12800000.0,0.0,0.0,-1280000.0,-1280000.0,-0.0,0.331,normal
2004-09-01,EWY,24.67,24.75,321943500,13050000.0,250000.0,6167500.0,6400000.0,12567500.0,0.0,0.324,normal
2004-09-02,EWY,24.88,25.09,324684000,13050000.0,0.0,0.0,2740500.0,2740500.0,0.0,0.844,normal
2004-09-03,EWY,24.66,25.09,324279000,13150000.0,100000.0,2466000.0,-2871000.0,-405000.0,-0.0,1.744,normal
2004-09-07,EWY,24.57,24.67,323095500,13150000.0,0.0,0.0,-1183500.0,-1183500.0,-0.0,0.407,normal
2004-09-08,EWY,24.52,24.49,322438000,13150000.0,0.0,0.0,-657500.0,-657500.0,0.0,-0.122,normal
2004-09-09,EWY,24.81,24.73,326251500,13150000.0,0.0,0.0,3813500.0,3813500.0,0.0,-0.323,normal
2004-09-10,EWY,25.36,25.28,356308000,14050000.0,900000.0,22824000.0,7232500.0,30056500.0,-0.0,-0.316,normal
2004-09-13,EWY,25.92,25.76,364176000,14050000.0,0.0,0.0,7868000.0,7868000.0,-0.0,-0.617,normal
2004-09-14,EWY,25.78,25.68,362209000,14050000.0,0.0,0.0,-1967000.0,-1967000.0,0.0,-0.388,normal
2004-09-15,EWY,25.78,25.45,362209000,14050000.0,0.0,0.0,0.0,0.0,0.0,-1.28,normal
2004-09-16,EWY,25.92,25.85,364176000,14050000.0,0.0,0.0,1967000.0,1967000.0,-0.0,-0.27,normal
2004-09-17,EWY,25.7,25.7,361085000,14050000.0,0.0,0.0,-3091000.0,-3091000.0,0.0,0.0,normal
2004-09-20,EWY,25.91,25.66,364035500,14050000.0,0.0,0.0,2950500.0,2950500.0,-0.0,-0.965,normal
2004-09-21,EWY,25.85,25.94,363192500,14050000.0,0.0,0.0,-843000.0,-843000.0,-0.0,0.348,normal
2004-09-22,EWY,25.2,24.84,354060000,14050000.0,0.0,0.0,-9132500.0,-9132500.0,0.0,-1.429,normal
2004-09-23,EWY,25.02,24.87,347778000,13900000.0,-150000.0,-3753000.0,-2529000.0,-6282000.0,-0.0,-0.6,normal
2004-09-24,EWY,25.09,25.13,347496500,13850000.0,-50000.0,-1254500.0,973000.0,-281500.0,-0.0,0.159,normal
2004-09-27,EWY,25.09,24.91,347496500,13850000.0,0.0,0.0,0.0,0.0,0.0,-0.717,normal
2004-09-28,EWY,25.09,25.0,347496500,13850000.0,0.0,0.0,0.0,0.0,0.0,-0.359,normal
2004-09-29,EWY,25.02,25.09,346527000,13850000.0,0.0,0.0,-969500.0,-969500.0,0.0,0.28,normal
2004-09-30,EWY,25.12,25.0,347912000,13850000.0,0.0,0.0,1385000.0,1385000.0,-0.0,-0.478,normal
2004-10-01,EWY,25.59,25.77,354421500,13850000.0,0.0,0.0,6509500.0,6509500.0,0.0,0.703,normal
2004-10-04,EWY,26.65,26.5,369102500,13850000.0,0.0,0.0,14681000.0,14681000.0,0.0,-0.563,normal
2004-10-05,EWY,26.66,25.75,369241000,13850000.0,0.0,0.0,138500.0,138500.0,-0.0,-3.413,normal
2004-10-06,EWY,26.61,26.66,368548500,13850000.0,0.0,0.0,-692500.0,-692500.0,0.0,0.188,normal
2004-10-07,EWY,26.57,26.44,367994500,13850000.0,0.0,0.0,-554000.0,-554000.0,-0.0,-0.489,normal
2004-10-08,EWY,26.42,26.15,365917000,13850000.0,0.0,0.0,-2077500.0,-2077500.0,-0.0,-1.022,normal
2004-10-11,EWY,26.43,26.26,366055500,13850000.0,0.0,0.0,138500.0,138500.0,0.0,-0.643,normal
2004-10-12,EWY,25.58,25.6,354283000,13850000.0,0.0,0.0,-11772500.0,-11772500.0,0.0,0.078,normal
2004-10-13,EWY,25.51,25.32,353313500,13850000.0,0.0,0.0,-969500.0,-969500.0,-0.0,-0.745,normal
2004-10-14,EWY,25.27,24.91,349989500,13850000.0,0.0,0.0,-3324000.0,-3324000.0,0.0,-1.425,normal
2004-10-15,EWY,25.12,25.04,347912000,13850000.0,0.0,0.0,-2077500.0,-2077500.0,-0.0,-0.319,normal
2004-10-18,EWY,25.38,25.37,351513000,13850000.0,0.0,0.0,3601000.0,3601000.0,0.0,-0.039,normal
2004-10-19,EWY,25.54,25.38,353729000,13850000.0,0.0,0.0,2216000.0,2216000.0,-0.0,-0.626,normal
2004-10-20,EWY,24.84,24.95,344034000,13850000.0,0.0,0.0,-9695000.0,-9695000.0,-0.0,0.443,normal
2004-10-21,EWY,24.58,24.7,340433000,13850000.0,0.0,0.0,-3601000.0,-3601000.0,0.0,0.488,normal
2004-10-22,EWY,24.84,24.41,344034000,13850000.0,0.0,0.0,3601000.0,3601000.0,-0.0,-1.731,normal
2004-10-25,EWY,24.33,24.39,336970500,13850000.0,0.0,0.0,-7063500.0,-7063500.0,0.0,0.247,normal
2004-10-26,EWY,24.57,24.63,340294500,13850000.0,0.0,0.0,3324000.0,3324000.0,-0.0,0.244,normal
2004-10-27,EWY,24.61,25.2,333465500,13550000.0,-300000.0,-7383000.0,554000.0,-6829000.0,0.0,2.397,normal
2004-10-28,EWY,25.32,25.25,343086000,13550000.0,0.0,0.0,9620500.0,9620500.0,-0.0,-0.277,normal
2004-10-29,EWY,25.52,25.54,345796000,13550000.0,0.0,0.0,2710000.0,2710000.0,0.0,0.078,normal
2004-11-01,EWY,25.56,25.53,346338000,13550000.0,0.0,0.0,542000.0,542000.0,0.0,-0.117,normal
2004-11-02,EWY,25.97,25.93,351893500,13550000.0,0.0,0.0,5555500.0,5555500.0,-0.0,-0.154,normal
2004-11-03,EWY,26.38,26.35,357449000,13550000.0,0.0,0.0,5555500.0,5555500.0,-0.0,-0.114,normal
2004-11-04,EWY,26.14,26.65,354197000,13550000.0,0.0,0.0,-3252000.0,-3252000.0,-0.0,1.951,normal
2004-11-05,EWY,26.43,26.5,358126500,13550000.0,0.0,0.0,3929500.0,3929500.0,0.0,0.265,normal
2004-11-08,EWY,26.01,26.25,357637500,13750000.0,200000.0,5202000.0,-5691000.0,-489000.0,-0.0,0.923,normal
2004-11-09,EWY,25.94,26.0,356675000,13750000.0,0.0,0.0,-962500.0,-962500.0,0.0,0.231,normal
2004-11-10,EWY,26.22,26.08,360525000,13750000.0,0.0,0.0,3850000.0,3850000.0,0.0,-0.534,normal
2004-11-11,EWY,26.23,26.52,360662500,13750000.0,0.0,0.0,137500.0,137500.0,-0.0,1.106,normal
2004-11-12,EWY,26.98,27.25,370975000,13750000.0,0.0,0.0,10312500.0,10312500.0,0.0,1.001,normal
2004-11-15,EWY,27.46,27.68,377575000,13750000.0,0.0,0.0,6600000.0,6600000.0,-0.0,0.801,normal
2004-11-16,EWY,27.29,27.31,375237500,13750000.0,0.0,0.0,-2337500.0,-2337500.0,0.0,0.073,normal
2004-11-17,EWY,27.96,28.11,384450000,13750000.0,0.0,0.0,9212500.0,9212500.0,-0.0,0.536,normal
2004-11-18,EWY,27.94,27.98,384175000,13750000.0,0.0,0.0,-275000.0,-275000.0,-0.0,0.143,normal
2004-11-19,EWY,27.61,27.44,379637500,13750000.0,0.0,0.0,-4537500.0,-4537500.0,0.0,-0.616,normal
2004-11-22,EWY,27.15,27.27,373312500,13750000.0,0.0,0.0,-6325000.0,-6325000.0,0.0,0.442,normal
2004-11-23,EWY,27.44,27.4,377300000,13750000.0,0.0,0.0,3987500.0,3987500.0,-0.0,-0.146,normal
2004-11-24,EWY,27.81,27.95,382387500,13750000.0,0.0,0.0,5087500.0,5087500.0,0.0,0.503,normal
2004-11-26,EWY,27.81,28.0,382387500,13750000.0,0.0,0.0,0.0,0.0,0.0,0.683,normal
2004-11-29,EWY,27.95,27.95,384312500,13750000.0,0.0,0.0,1925000.0,1925000.0,-0.0,0.0,normal
2004-11-30,EWY,28.39,28.26,390362500,13750000.0,0.0,0.0,6050000.0,6050000.0,-0.0,-0.458,normal
2004-12-01,EWY,28.26,28.7,389988000,13800000.0,50000.0,1413000.0,-1787500.0,-374500.0,-0.0,1.557,normal
2004-12-02,EWY,28.64,28.7,395232000,13800000.0,0.0,0.0,5244000.0,5244000.0,0.0,0.209,normal
2004-12-03,EWY,28.48,28.55,393024000,13800000.0,0.0,0.0,-2208000.0,-2208000.0,0.0,0.246,normal
2004-12-06,EWY,28.24,28.4,405244000,14350000.0,550000.0,15532000.0,-3312000.0,12220000.0,0.0,0.567,normal
2004-12-07,EWY,27.79,27.58,398786500,14350000.0,0.0,0.0,-6457500.0,-6457500.0,-0.0,-0.756,normal
2004-12-08,EWY,27.59,27.62,395916500,14350000.0,0.0,0.0,-2870000.0,-2870000.0,-0.0,0.109,normal
2004-12-09,EWY,27.32,27.45,392042000,14350000.0,0.0,0.0,-3874500.0,-3874500.0,-0.0,0.476,normal
2004-12-10,EWY,26.48,26.58,379988000,14350000.0,0.0,0.0,-12054000.0,-12054000.0,-0.0,0.378,normal
2004-12-13,EWY,26.54,26.76,380849000,14350000.0,0.0,0.0,861000.0,861000.0,0.0,0.829,normal
2004-12-14,EWY,26.97,27.0,387019500,14350000.0,0.0,0.0,6170500.0,6170500.0,0.0,0.111,normal
2004-12-15,EWY,27.51,27.64,394768500,14350000.0,0.0,0.0,7749000.0,7749000.0,-0.0,0.473,normal
2004-12-16,EWY,27.84,27.75,399504000,14350000.0,0.0,0.0,4735500.0,4735500.0,0.0,-0.323,normal
2004-12-17,EWY,27.73,27.85,397925500,14350000.0,0.0,0.0,-1578500.0,-1578500.0,-0.0,0.433,normal
2004-12-20,EWY,28.01,28.26,401943500,14350000.0,0.0,0.0,4018000.0,4018000.0,-0.0,0.892,normal
2004-12-21,EWY,28.08,28.3,473148000,16850000.0,2500000.0,70200000.0,1004500.0,71204500.0,0.0,0.783,normal
2004-12-22,EWY,28.18,28.24,474833000,16850000.0,0.0,0.0,1685000.0,1685000.0,-0.0,0.213,normal
2004-12-23,EWY,27.95,28.2,470957500,16850000.0,0.0,0.0,-3875500.0,-3875500.0,0.0,0.894,normal
2004-12-27,EWY,28.15,28.24,474327500,16850000.0,0.0,0.0,3370000.0,3370000.0,0.0,0.32,normal
2004-12-28,EWY,28.27,28.48,476349500,16850000.0,0.0,0.0,2022000.0,2022000.0,-0.0,0.743,normal
2004-12-29,EWY,28.45,28.57,479382500,16850000.0,0.0,0.0,3033000.0,3033000.0,0.0,0.422,normal
2004-12-30,EWY,28.82,29.0,485617000,16850000.0,0.0,0.0,6234500.0,6234500.0,-0.0,0.625,normal
2004-12-31,EWY,28.99,29.25,488481500,16850000.0,0.0,0.0,2864500.0,2864500.0,0.0,0.897,normal
2005-01-03,EWY,28.93,28.85,487470500,16850000.0,0.0,0.0,-1011000.0,-1011000.0,-0.0,-0.277,normal
2005-01-04,EWY,28.74,28.06,484269000,16850000.0,0.0,0.0,-3201500.0,-3201500.0,0.0,-2.366,normal
2005-01-05,EWY,28.48,28.25,479888000,16850000.0,0.0,0.0,-4381000.0,-4381000.0,-0.0,-0.808,normal
2005-01-06,EWY,27.8,27.78,468430000,16850000.0,0.0,0.0,-11458000.0,-11458000.0,-0.0,-0.072,normal
2005-01-07,EWY,27.9,27.7,470115000,16850000.0,0.0,0.0,1685000.0,1685000.0,0.0,-0.717,normal
2005-01-10,EWY,27.95,27.91,470957500,16850000.0,0.0,0.0,842500.0,842500.0,-0.0,-0.143,normal
2005-01-11,EWY,28.52,28.44,480562000,16850000.0,0.0,0.0,9604500.0,9604500.0,-0.0,-0.281,normal
2005-01-12,EWY,28.48,28.58,479888000,16850000.0,0.0,0.0,-674000.0,-674000.0,-0.0,0.351,normal
2005-01-13,EWY,28.92,28.85,487302000,16850000.0,0.0,0.0,7414000.0,7414000.0,-0.0,-0.242,normal
2005-01-14,EWY,29.49,29.85,496906500,16850000.0,0.0,0.0,9604500.0,9604500.0,0.0,1.221,normal
2005-01-18,EWY,30.31,30.59,510723500,16850000.0,0.0,0.0,13817000.0,13817000.0,-0.0,0.924,normal
2005-01-19,EWY,30.26,30.0,509881000,16850000.0,0.0,0.0,-842500.0,-842500.0,-0.0,-0.859,normal
2005-01-20,EWY,30.05,29.96,506342500,16850000.0,0.0,0.0,-3538500.0,-3538500.0,0.0,-0.299,normal
2005-01-21,EWY,30.16,30.05,508196000,16850000.0,0.0,0.0,1853500.0,1853500.0,0.0,-0.365,normal
2005-01-24,EWY,30.52,30.35,514262000,16850000.0,0.0,0.0,6066000.0,6066000.0,0.0,-0.557,normal
2005-01-25,EWY,30.32,30.29,510892000,16850000.0,0.0,0.0,-3370000.0,-3370000.0,-0.0,-0.099,normal
2005-01-26,EWY,30.72,30.83,517632000,16850000.0,0.0,0.0,6740000.0,6740000.0,0.0,0.358,normal
2005-01-27,EWY,30.66,30.74,516621000,16850000.0,0.0,0.0,-1011000.0,-1011000.0,-0.0,0.261,normal
2005-01-28,EWY,30.65,30.4,516452500,16850000.0,0.0,0.0,-168500.0,-168500.0,0.0,-0.816,normal
2005-01-31,EWY,30.9,30.97,520665000,16850000.0,0.0,0.0,4212500.0,4212500.0,0.0,0.227,normal
2005-02-01,EWY,30.62,30.9,515947000,16850000.0,0.0,0.0,-4718000.0,-4718000.0,-0.0,0.914,normal
2005-02-02,EWY,30.49,30.72,513756500,16850000.0,0.0,0.0,-2190500.0,-2190500.0,0.0,0.754,normal
2005-02-03,EWY,30.87,30.77,520159500,16850000.0,0.0,0.0,6403000.0,6403000.0,-0.0,-0.324,normal
2005-02-04,EWY,31.02,31.4,528891000,17050000.0,200000.0,6204000.0,2527500.0,8731500.0,0.0,1.225,normal
2005-02-07,EWY,31.53,31.7,537586500,17050000.0,0.0,0.0,8695500.0,8695500.0,-0.0,0.539,normal
2005-02-08,EWY,31.53,31.88,537586500,17050000.0,0.0,0.0,0.0,0.0,0.0,1.11,normal
2005-02-09,EWY,31.53,31.65,537586500,17050000.0,0.0,0.0,0.0,0.0,0.0,0.381,normal
2005-02-10,EWY,31.13,31.22,530766500,17050000.0,0.0,0.0,-6820000.0,-6820000.0,0.0,0.289,normal
2005-02-11,EWY,31.2,31.7,531960000,17050000.0,0.0,0.0,1193500.0,1193500.0,-0.0,1.603,normal
2005-02-14,EWY,31.93,32.11,544406500,17050000.0,0.0,0.0,12446500.0,12446500.0,-0.0,0.564,normal
2005-02-15,EWY,32.04,32.45,546282000,17050000.0,0.0,0.0,1875500.0,1875500.0,0.0,1.28,normal
2005-02-16,EWY,32.15,32.34,561017500,17450000.0,400000.0,12860000.0,1875500.0,14735500.0,0.0,0.591,normal
2005-02-17,EWY,32.17,32.2,567800500,17650000.0,200000.0,6434000.0,349000.0,6783000.0,-0.0,0.093,normal
2005-02-18,EWY,32.62,32.95,575743000,17650000.0,0.0,0.0,7942500.0,7942500.0,0.0,1.012,normal
2005-02-22,EWY,33.02,32.77,587756000,17800000.0,150000.0,4953000.0,7060000.0,12013000.0,-0.0,-0.757,normal
2005-02-23,EWY,32.72,32.98,588960000,18000000.0,200000.0,6544000.0,-5340000.0,1204000.0,0.0,0.795,normal
2005-02-24,EWY,33.23,33.45,604786000,18200000.0,200000.0,6646000.0,9180000.0,15826000.0,0.0,0.662,normal
2005-02-25,EWY,33.59,34.12,621415000,18500000.0,300000.0,10077000.0,6552000.0,16629000.0,-0.0,1.578,normal
2005-02-28,EWY,34.18,34.33,632330000,18500000.0,0.0,0.0,10915000.0,10915000.0,0.0,0.439,normal
2005-03-01,EWY,34.32,34.62,643500000,18750000.0,250000.0,8580000.0,2590000.0,11170000.0,-0.0,0.874,normal
2005-03-02,EWY,33.84,33.99,634500000,18750000.0,0.0,0.0,-9000000.0,-9000000.0,-0.0,0.443,normal
2005-03-03,EWY,34.04,34.25,638250000,18750000.0,0.0,0.0,3750000.0,3750000.0,0.0,0.617,normal
2005-03-04,EWY,33.9,34.5,644100000,19000000.0,250000.0,8475000.0,-2625000.0,5850000.0,0.0,1.77,normal
2005-03-07,EWY,33.96,34.16,645240000,19000000.0,0.0,0.0,1140000.0,1140000.0,-0.0,0.589,normal
2005-03-08,EWY,33.75,33.85,648000000,19200000.0,200000.0,6750000.0,-3990000.0,2760000.0,0.0,0.296,normal
2005-03-09,EWY,33.99,33.79,662805000,19500000.0,300000.0,10197000.0,4608000.0,14805000.0,-0.0,-0.588,normal
2005-03-10,EWY,33.68,33.55,665180000,19750000.0,250000.0,8420000.0,-6045000.0,2375000.0,0.0,-0.386,normal
2005-03-11,EWY,34.53,34.15,681967500,19750000.0,0.0,0.0,16787500.0,16787500.0,-0.0,-1.101,normal
2005-03-14,EWY,34.32,34.16,677820000,19750000.0,0.0,0.0,-4147500.0,-4147500.0,0.0,-0.466,normal
2005-03-15,EWY,33.31,33.04,657872500,19750000.0,0.0,0.0,-19947500.0,-19947500.0,-0.0,-0.811,normal
2005-03-16,EWY,33.38,32.75,659255000,19750000.0,0.0,0.0,1382500.0,1382500.0,-0.0,-1.887,normal
2005-03-17,EWY,33.07,32.91,653132500,19750000.0,0.0,0.0,-6122500.0,-6122500.0,0.0,-0.484,normal
2005-03-18,EWY,32.95,32.95,630992500,19150000.0,-600000.0,-19770000.0,-2370000.0,-22140000.0,-0.0,0.0,normal
2005-03-21,EWY,32.86,32.62,629269000,19150000.0,0.0,0.0,-1723500.0,-1723500.0,0.0,-0.73,normal
2005-03-22,EWY,32.8,32.31,628120000,19150000.0,0.0,0.0,-1149000.0,-1149000.0,0.0,-1.494,normal
2005-03-23,EWY,32.45,32.2,621417500,19150000.0,0.0,0.0,-6702500.0,-6702500.0,-0.0,-0.77,normal
2005-03-24,EWY,31.96,31.86,612034000,19150000.0,0.0,0.0,-9383500.0,-9383500.0,0.0,-0.313,normal
2005-03-28,EWY,32.63,32.25,608549500,18650000.0,-500000.0,-16315000.0,12830500.0,-3484500.0,-0.0,-1.165,normal
2005-03-29,EWY,31.81,31.4,593256500,18650000.0,0.0,0.0,-15293000.0,-15293000.0,0.0,-1.289,normal
2005-03-30,EWY,31.58,31.64,588967000,18650000.0,0.0,0.0,-4289500.0,-4289500.0,0.0,0.19,normal
2005-03-31,EWY,32.16,31.81,585312000,18200000.0,-450000.0,-14472000.0,10817000.0,-3655000.0,0.0,-1.088,normal
2005-04-01,EWY,32.89,32.2,598598000,18200000.0,0.0,0.0,13286000.0,13286000.0,-0.0,-2.098,normal
2005-04-04,EWY,32.83,32.52,597506000,18200000.0,0.0,0.0,-1092000.0,-1092000.0,0.0,-0.944,normal
2005-04-05,EWY,32.83,32.7,597506000,18200000.0,0.0,0.0,0.0,0.0,0.0,-0.396,normal
2005-04-06,EWY,32.94,32.95,599508000,18200000.0,0.0,0.0,2002000.0,2002000.0,0.0,0.03,normal
2005-04-07,EWY,33.06,33.3,588468000,17800000.0,-400000.0,-13224000.0,2184000.0,-11040000.0,-0.0,0.726,normal
2005-04-08,EWY,33.14,33.0,589892000,17800000.0,0.0,0.0,1424000.0,1424000.0,0.0,-0.422,normal
2005-04-11,EWY,32.88,32.64,585264000,17800000.0,0.0,0.0,-4628000.0,-4628000.0,-0.0,-0.73,normal
2005-04-12,EWY,32.78,32.9,583484000,17800000.0,0.0,0.0,-1780000.0,-1780000.0,0.0,0.366,normal
2005-04-13,EWY,32.9,32.51,585620000,17800000.0,0.0,0.0,2136000.0,2136000.0,0.0,-1.185,normal
2005-04-14,EWY,31.72,31.25,564616000,17800000.0,0.0,0.0,-21004000.0,-21004000.0,-0.0,-1.482,normal
2005-04-15,EWY,31.31,30.84,557318000,17800000.0,0.0,0.0,-7298000.0,-7298000.0,0.0,-1.501,normal
2005-04-18,EWY,30.71,30.65,546638000,17800000.0,0.0,0.0,-10680000.0,-10680000.0,-0.0,-0.195,normal
2005-04-19,EWY,31.08,31.2,553224000,17800000.0,0.0,0.0,6586000.0,6586000.0,0.0,0.386,normal
2005-04-20,EWY,31.39,30.77,557172500,17750000.0,-50000.0,-1569500.0,5518000.0,3948500.0,-0.0,-1.975,normal
2005-04-21,EWY,31.43,31.63,557882500,17750000.0,0.0,0.0,710000.0,710000.0,0.0,0.636,normal
2005-04-22,EWY,31.55,31.15,560012500,17750000.0,0.0,0.0,2130000.0,2130000.0,-0.0,-1.268,normal
2005-04-25,EWY,31.85,31.85,565337500,17750000.0,0.0,0.0,5325000.0,5325000.0,-0.0,0.0,normal
2005-04-26,EWY,31.81,31.55,564627500,17750000.0,0.0,0.0,-710000.0,-710000.0,0.0,-0.817,normal
2005-04-27,EWY,31.2,30.95,553800000,17750000.0,0.0,0.0,-10827500.0,-10827500.0,-0.0,-0.801,normal
2005-04-28,EWY,30.71,30.39,545102500,17750000.0,0.0,0.0,-8697500.0,-8697500.0,-0.0,-1.042,normal
2005-04-29,EWY,30.65,30.84,510322500,16650000.0,-1100000.0,-33715000.0,-1065000.0,-34780000.0,0.0,0.62,normal
2005-05-02,EWY,30.7525,30.61,510490952,16600000.0,-50000.0,-1537623.0,1706076.0,168452.0,-0.0,-0.463,normal
2005-05-03,EWY,30.56,30.43,507296000,16600000.0,0.0,0.0,-3194952.0,-3194952.0,0.0,-0.425,normal
2005-05-04,EWY,31.18,31.8,517588000,16600000.0,0.0,0.0,10292000.0,10292000.0,-0.0,1.988,normal
2005-05-05,EWY,31.18,31.65,517588000,16600000.0,0.0,0.0,0.0,0.0,0.0,1.507,normal
2005-05-06,EWY,31.61,31.7,524726000,16600000.0,0.0,0.0,7138000.0,7138000.0,0.0,0.285,normal
2005-05-09,EWY,31.32,31.69,519912000,16600000.0,0.0,0.0,-4814000.0,-4814000.0,-0.0,1.181,normal
2005-05-10,EWY,31.37,31.15,520742000,16600000.0,0.0,0.0,830000.0,830000.0,-0.0,-0.701,normal
2005-05-11,EWY,30.89,31.2,512774000,16600000.0,0.0,0.0,-7968000.0,-7968000.0,0.0,1.004,normal
2005-05-12,EWY,30.89,30.66,512774000,16600000.0,0.0,0.0,0.0,0.0,0.0,-0.745,normal
2005-05-13,EWY,30.88,30.78,512608000,16600000.0,0.0,0.0,-166000.0,-166000.0,0.0,-0.324,normal
2005-05-16,EWY,30.87,31.15,512442000,16600000.0,0.0,0.0,-166000.0,-166000.0,-0.0,0.907,normal
2005-05-17,EWY,31.03,31.18,515098000,16600000.0,0.0,0.0,2656000.0,2656000.0,-0.0,0.483,normal
2005-05-18,EWY,31.17,31.8,517422000,16600000.0,0.0,0.0,2324000.0,2324000.0,-0.0,2.021,normal
2005-05-19,EWY,31.86,32.17,535248000,16800000.0,200000.0,6372000.0,11454000.0,17826000.0,0.0,0.973,normal
2005-05-20,EWY,31.97,32.08,537096000,16800000.0,0.0,0.0,1848000.0,1848000.0,0.0,0.344,normal
2005-05-23,EWY,31.91,32.15,536088000,16800000.0,0.0,0.0,-1008000.0,-1008000.0,-0.0,0.752,normal
2005-05-24,EWY,32.01,32.29,537768000,16800000.0,0.0,0.0,1680000.0,1680000.0,0.0,0.875,normal
2005-05-25,EWY,31.61,31.75,531048000,16800000.0,0.0,0.0,-6720000.0,-6720000.0,-0.0,0.443,normal
2005-05-26,EWY,31.61,32.1,534209000,16900000.0,100000.0,3161000.0,0.0,3161000.0,0.0,1.55,normal
2005-05-27,EWY,32.12,32.29,542828000,16900000.0,0.0,0.0,8619000.0,8619000.0,0.0,0.529,normal
2005-05-31,EWY,32.06,32.15,541814000,16900000.0,0.0,0.0,-1014000.0,-1014000.0,-0.0,0.281,normal
2005-06-01,EWY,32.01,32.44,540969000,16900000.0,0.0,0.0,-845000.0,-845000.0,0.0,1.343,normal
2005-06-02,EWY,32.02,32.33,544340000,17000000.0,100000.0,3202000.0,169000.0,3371000.0,-0.0,0.968,normal
2005-06-03,EWY,32.38,32.35,550460000,17000000.0,0.0,0.0,6120000.0,6120000.0,0.0,-0.093,normal
2005-06-06,EWY,32.37,32.64,558382500,17250000.0,250000.0,8092500.0,-170000.0,7922500.0,0.0,0.834,normal
2005-06-07,EWY,32.2,32.33,555450000,17250000.0,0.0,0.0,-2932500.0,-2932500.0,-0.0,0.404,normal
2005-06-08,EWY,32.34,32.5,561099000,17350000.0,100000.0,3234000.0,2415000.0,5649000.0,-0.0,0.495,normal
2005-06-09,EWY,32.74,32.8,568039000,17350000.0,0.0,0.0,6940000.0,6940000.0,0.0,0.183,normal
2005-06-10,EWY,32.77,32.87,568559500,17350000.0,0.0,0.0,520500.0,520500.0,-0.0,0.305,normal
2005-06-13,EWY,32.65,32.77,566477500,17350000.0,0.0,0.0,-2082000.0,-2082000.0,0.0,0.367,normal
2005-06-14,EWY,32.56,32.77,564916000,17350000.0,0.0,0.0,-1561500.0,-1561500.0,-0.0,0.645,normal
2005-06-15,EWY,33.0,33.27,579150000,17550000.0,200000.0,6600000.0,7634000.0,14234000.0,0.0,0.818,normal
2005-06-16,EWY,32.92,33.3,577746000,17550000.0,0.0,0.0,-1404000.0,-1404000.0,-0.0,1.154,normal
2005-06-17,EWY,32.97,33.42,578623500,17550000.0,0.0,0.0,877500.0,877500.0,0.0,1.365,normal
2005-06-20,EWY,32.72,32.85,577508000,17650000.0,100000.0,3272000.0,-4387500.0,-1115500.0,0.0,0.397,normal
2005-06-21,EWY,32.44,32.79,577432000,17800000.0,150000.0,4866000.0,-4942000.0,-76000.0,0.0,1.079,normal
2005-06-22,EWY,32.88,33.07,598416000,18200000.0,400000.0,13152000.0,7832000.0,20984000.0,-0.0,0.578,normal
2005-06-23,EWY,33.12,33.0,602784000,18200000.0,0.0,0.0,4368000.0,4368000.0,0.0,-0.362,normal
2005-06-24,EWY,32.6,32.68,596580000,18300000.0,100000.0,3260000.0,-9464000.0,-6204000.0,-0.0,0.245,normal
2005-06-27,EWY,32.33,32.4,591639000,18300000.0,0.0,0.0,-4941000.0,-4941000.0,0.0,0.216,normal
2005-06-28,EWY,32.1,32.5,587430000,18300000.0,0.0,0.0,-4209000.0,-4209000.0,-0.0,1.246,normal
2005-06-29,EWY,32.08,32.25,593480000,18500000.0,200000.0,6416000.0,-366000.0,6050000.0,0.0,0.53,normal
2005-06-30,EWY,32.04,32.0,602352000,18800000.0,300000.0,9612000.0,-740000.0,8872000.0,-0.0,-0.125,normal
2005-07-01,EWY,32.39,32.4,608932000,18800000.0,0.0,0.0,6580000.0,6580000.0,-0.0,0.031,normal
2005-07-05,EWY,31.86,32.09,598968000,18800000.0,0.0,0.0,-9964000.0,-9964000.0,0.0,0.722,normal
2005-07-06,EWY,32.08,31.81,603104000,18800000.0,0.0,0.0,4136000.0,4136000.0,0.0,-0.842,normal
2005-07-07,EWY,32.3,31.99,607240000,18800000.0,0.0,0.0,4136000.0,4136000.0,0.0,-0.96,normal
2005-07-08,EWY,32.17,32.35,604796000,18800000.0,0.0,0.0,-2444000.0,-2444000.0,-0.0,0.559,normal
2005-07-11,EWY,33.1,33.41,622280000,18800000.0,0.0,0.0,17484000.0,17484000.0,0.0,0.937,normal
2005-07-12,EWY,33.48,33.74,629424000,18800000.0,0.0,0.0,7144000.0,7144000.0,0.0,0.777,normal
2005-07-13,EWY,33.68,33.7,633184000,18800000.0,0.0,0.0,3760000.0,3760000.0,-0.0,0.059,normal
2005-07-14,EWY,34.3,34.55,644840000,18800000.0,0.0,0.0,11656000.0,11656000.0,0.0,0.729,normal
2005-07-15,EWY,33.8,34.15,635440000,18800000.0,0.0,0.0,-9400000.0,-9400000.0,0.0,1.036,normal
2005-07-18,EWY,34.09,34.15,640892000,18800000.0,0.0,0.0,5452000.0,5452000.0,-0.0,0.176,normal
2005-07-19,EWY,34.37,34.8,646156000,18800000.0,0.0,0.0,5264000.0,5264000.0,0.0,1.251,normal
2005-07-20,EWY,34.31,34.62,645028000,18800000.0,0.0,0.0,-1128000.0,-1128000.0,-0.0,0.903,normal
2005-07-21,EWY,34.58,35.2,650104000,18800000.0,0.0,0.0,5076000.0,5076000.0,0.0,1.793,normal
2005-07-22,EWY,34.9,35.13,656120000,18800000.0,0.0,0.0,6016000.0,6016000.0,-0.0,0.659,normal
2005-07-25,EWY,35.24,35.28,662512000,18800000.0,0.0,0.0,6392000.0,6392000.0,-0.0,0.114,normal
2005-07-26,EWY,35.12,35.25,660256000,18800000.0,0.0,0.0,-2256000.0,-2256000.0,0.0,0.37,normal
2005-07-27,EWY,35.05,35.35,658940000,18800000.0,0.0,0.0,-1316000.0,-1316000.0,0.0,0.856,normal
2005-07-28,EWY,35.53,36.03,671517000,18900000.0,100000.0,3553000.0,9024000.0,12577000.0,-0.0,1.407,normal
2005-07-29,EWY,35.86,35.99,684926000,19100000.0,200000.0,7172000.0,6237000.0,13409000.0,0.0,0.362,normal
2005-08-01,EWY,36.08,36.47,689128000,19100000.0,0.0,0.0,4202000.0,4202000.0,0.0,1.081,normal
2005-08-02,EWY,36.28,36.96,700204000,19300000.0,200000.0,7256000.0,3820000.0,11076000.0,-0.0,1.874,normal
2005-08-03,EWY,36.4,36.75,715260000,19650000.0,350000.0,12740000.0,2316000.0,15056000.0,0.0,0.962,normal
2005-08-04,EWY,36.49,36.35,720677500,19750000.0,100000.0,3649000.0,1768500.0,5417500.0,-0.0,-0.384,normal
2005-08-05,EWY,35.74,35.25,705865000,19750000.0,0.0,0.0,-14812500.0,-14812500.0,0.0,-1.371,normal
2005-08-08,EWY,35.67,35.6,704482500,19750000.0,0.0,0.0,-1382500.0,-1382500.0,0.0,-0.196,normal
2005-08-09,EWY,36.09,36.43,712777500,19750000.0,0.0,0.0,8295000.0,8295000.0,-0.0,0.942,normal
2005-08-10,EWY,36.19,36.5,714752500,19750000.0,0.0,0.0,1975000.0,1975000.0,0.0,0.857,normal
2005-08-11,EWY,36.84,37.3,731274000,19850000.0,100000.0,3684000.0,12837500.0,16521500.0,-0.0,1.249,normal
2005-08-12,EWY,37.17,37.32,737824500,19850000.0,0.0,0.0,6550500.0,6550500.0,0.0,0.404,normal
2005-08-15,EWY,37.16,37.2,743200000,20000000.0,150000.0,5574000.0,-198500.0,5375500.0,0.0,0.108,normal
2005-08-16,EWY,36.63,36.2,732600000,20000000.0,0.0,0.0,-10600000.0,-10600000.0,-0.0,-1.174,normal
2005-08-17,EWY,36.47,36.6,733047000,20100000.0,100000.0,3647000.0,-3200000.0,447000.0,0.0,0.356,normal
2005-08-18,EWY,35.66,35.46,716766000,20100000.0,0.0,0.0,-16281000.0,-16281000.0,0.0,-0.561,normal
2005-08-19,EWY,35.42,35.43,711942000,20100000.0,0.0,0.0,-4824000.0,-4824000.0,-0.0,0.028,normal
2005-08-22,EWY,36.16,36.48,726816000,20100000.0,0.0,0.0,14874000.0,14874000.0,0.0,0.885,normal
2005-08-23,EWY,36.18,36.1,727218000,20100000.0,0.0,0.0,402000.0,402000.0,-0.0,-0.221,normal
2005-08-24,EWY,35.5,34.95,713550000,20100000.0,0.0,0.0,-13668000.0,-13668000.0,-0.0,-1.549,normal
2005-08-25,EWY,35.58,35.54,715158000,20100000.0,0.0,0.0,1608000.0,1608000.0,0.0,-0.112,normal
2005-08-26,EWY,35.11,34.71,705711000,20100000.0,0.0,0.0,-9447000.0,-9447000.0,-0.0,-1.139,normal
2005-08-29,EWY,34.43,34.71,692043000,20100000.0,0.0,0.0,-13668000.0,-13668000.0,-0.0,0.813,normal
2005-08-30,EWY,34.64,34.35,696264000,20100000.0,0.0,0.0,4221000.0,4221000.0,-0.0,-0.837,normal
2005-08-31,EWY,34.75,35.1,698475000,20100000.0,0.0,0.0,2211000.0,2211000.0,0.0,1.007,normal
2005-09-01,EWY,35.78,35.91,719178000,20100000.0,0.0,0.0,20703000.0,20703000.0,-0.0,0.363,normal
2005-09-02,EWY,36.21,36.6,727821000,20100000.0,0.0,0.0,8643000.0,8643000.0,0.0,1.077,normal
2005-09-06,EWY,36.57,37.15,735057000,20100000.0,0.0,0.0,7236000.0,7236000.0,0.0,1.586,normal
2005-09-07,EWY,37.19,37.7,747519000,20100000.0,0.0,0.0,12462000.0,12462000.0,0.0,1.371,normal
2005-09-08,EWY,37.27,37.4,749127000,20100000.0,0.0,0.0,1608000.0,1608000.0,-0.0,0.349,normal
2005-09-09,EWY,37.59,38.1,755559000,20100000.0,0.0,0.0,6432000.0,6432000.0,-0.0,1.357,normal
2005-09-12,EWY,37.76,37.95,758976000,20100000.0,0.0,0.0,3417000.0,3417000.0,0.0,0.503,normal
2005-09-13,EWY,37.91,37.71,765782000,20200000.0,100000.0,3791000.0,3015000.0,6806000.0,0.0,-0.528,normal
2005-09-14,EWY,38.24,38.17,772448000,20200000.0,0.0,0.0,6666000.0,6666000.0,-0.0,-0.183,normal
2005-09-15,EWY,38.32,38.55,774064000,20200000.0,0.0,0.0,1616000.0,1616000.0,0.0,0.6,normal
2005-09-16,EWY,38.23,38.72,772246000,20200000.0,0.0,0.0,-1818000.0,-1818000.0,0.0,1.282,normal
2005-09-19,EWY,38.26,39.25,772852000,20200000.0,0.0,0.0,606000.0,606000.0,-0.0,2.588,normal
2005-09-20,EWY,38.68,38.8,781336000,20200000.0,0.0,0.0,8484000.0,8484000.0,-0.0,0.31,normal
2005-09-21,EWY,38.94,39.11,809952000,20800000.0,600000.0,23364000.0,5252000.0,28616000.0,0.0,0.437,normal
2005-09-22,EWY,39.13,39.42,817817000,20900000.0,100000.0,3913000.0,3952000.0,7865000.0,-0.0,0.741,normal
2005-09-23,EWY,38.17,38.6,805387000,21100000.0,200000.0,7634000.0,-20064000.0,-12430000.0,0.0,1.127,normal
2005-09-26,EWY,38.93,39.25,821423000,21100000.0,0.0,0.0,16036000.0,16036000.0,0.0,0.822,normal
2005-09-27,EWY,38.87,39.2,820157000,21100000.0,0.0,0.0,-1266000.0,-1266000.0,0.0,0.849,normal
2005-09-28,EWY,39.4,39.69,831340000,21100000.0,0.0,0.0,11183000.0,11183000.0,-0.0,0.736,normal
2005-09-29,EWY,39.37,39.7,838581000,21300000.0,200000.0,7874000.0,-633000.0,7241000.0,0.0,0.838,normal
2005-09-30,EWY,38.89,39.45,828357000,21300000.0,0.0,0.0,-10224000.0,-10224000.0,-0.0,1.44,normal
2005-10-03,EWY,38.82,39.17,830748000,21400000.0,100000.0,3882000.0,-1491000.0,2391000.0,0.0,0.902,normal
2005-10-04,EWY,39.55,39.58,846370000,21400000.0,0.0,0.0,15622000.0,15622000.0,0.0,0.076,normal
2005-10-05,EWY,39.11,38.7,840865000,21500000.0,100000.0,3911000.0,-9416000.0,-5505000.0,-0.0,-1.048,normal
2005-10-06,EWY,38.1,37.42,828675000,21750000.0,250000.0,9525000.0,-21715000.0,-12190000.0,-0.0,-1.785,normal
2005-10-07,EWY,38.15,38.36,829762500,21750000.0,0.0,0.0,1087500.0,1087500.0,0.0,0.55,normal
2005-10-10,EWY,38.96,38.64,847380000,21750000.0,0.0,0.0,17617500.0,17617500.0,-0.0,-0.821,normal
2005-10-11,EWY,39.23,39.38,853252500,21750000.0,0.0,0.0,5872500.0,5872500.0,0.0,0.382,normal
2005-10-12,EWY,38.3,37.9,833025000,21750000.0,0.0,0.0,-20227500.0,-20227500.0,-0.0,-1.044,normal
2005-10-13,EWY,37.18,37.23,808665000,21750000.0,0.0,0.0,-24360000.0,-24360000.0,-0.0,0.135,normal
2005-10-14,EWY,37.16,37.55,815662000,21950000.0,200000.0,7432000.0,-435000.0,6997000.0,0.0,1.05,normal
2005-10-17,EWY,36.75,37.03,806662500,21950000.0,0.0,0.0,-8999500.0,-8999500.0,-0.0,0.762,normal
2005-10-18,EWY,36.92,36.46,819624000,22200000.0,250000.0,9230000.0,3731500.0,12961500.0,-0.0,-1.246,normal
2005-10-19,EWY,35.85,36.46,799455000,22300000.0,100000.0,3585000.0,-23754000.0,-20169000.0,0.0,1.702,normal
2005-10-20,EWY,36.12,35.7,805476000,22300000.0,0.0,0.0,6021000.0,6021000.0,0.0,-1.163,normal
2005-10-21,EWY,36.62,36.92,816626000,22300000.0,0.0,0.0,11150000.0,11150000.0,0.0,0.819,normal
2005-10-24,EWY,36.59,37.41,815957000,22300000.0,0.0,0.0,-669000.0,-669000.0,-0.0,2.241,normal
2005-10-25,EWY,36.59,36.74,815957000,22300000.0,0.0,0.0,0.0,0.0,0.0,0.41,normal
2005-10-26,EWY,36.89,37.19,822647000,22300000.0,0.0,0.0,6690000.0,6690000.0,0.0,0.813,normal
2005-10-27,EWY,36.67,36.45,817741000,22300000.0,0.0,0.0,-4906000.0,-4906000.0,-0.0,-0.6,normal
2005-10-28,EWY,35.92,36.55,801016000,22300000.0,0.0,0.0,-16725000.0,-16725000.0,0.0,1.754,normal
2005-10-31,EWY,36.53,37.25,820098500,22450000.0,150000.0,5479500.0,13603000.0,19082500.0,0.0,1.971,normal
2005-11-01,EWY,37.57,37.95,843446500,22450000.0,0.0,0.0,23348000.0,23348000.0,0.0,1.011,normal
2005-11-02,EWY,38.35,39.17,828360000,21600000.0,-850000.0,-32597500.0,17511000.0,-15086500.0,-0.0,2.138,normal
2005-11-03,EWY,38.57,39.24,842754500,21850000.0,250000.0,9642500.0,4752000.0,14394500.0,0.0,1.737,normal
2005-11-04,EWY,38.49,38.6,841006500,21850000.0,0.0,0.0,-1748000.0,-1748000.0,-0.0,0.286,normal
2005-11-07,EWY,38.21,38.63,840620000,22000000.0,150000.0,5731500.0,-6118000.0,-386500.0,0.0,1.099,normal
2005-11-08,EWY,38.42,38.61,845240000,22000000.0,0.0,0.0,4620000.0,4620000.0,-0.0,0.494,normal
2005-11-09,EWY,38.65,39.05,850300000,22000000.0,0.0,0.0,5060000.0,5060000.0,0.0,1.035,normal
2005-11-10,EWY,38.86,39.35,860749000,22150000.0,150000.0,5829000.0,4620000.0,10449000.0,-0.0,1.261,normal
2005-11-11,EWY,39.81,40.21,881791500,22150000.0,0.0,0.0,21042500.0,21042500.0,-0.0,1.005,normal
2005-11-14,EWY,39.98,40.36,915542000,22900000.0,750000.0,29985000.0,3765500.0,33750500.0,0.0,0.951,normal
2005-11-15,EWY,39.9,39.88,913710000,22900000.0,0.0,0.0,-1832000.0,-1832000.0,-0.0,-0.05,normal
2005-11-16,EWY,40.16,40.3,953800000,23750000.0,850000.0,34136000.0,5954000.0,40090000.0,0.0,0.349,normal
2005-11-17,EWY,40.24,40.74,961736000,23900000.0,150000.0,6036000.0,1900000.0,7936000.0,-0.0,1.242,normal
2005-11-18,EWY,40.32,40.81,963648000,23900000.0,0.0,0.0,1912000.0,1912000.0,0.0,1.215,normal
2005-11-21,EWY,40.02,40.38,966483000,24150000.0,250000.0,10005000.0,-7170000.0,2835000.0,-0.0,0.9,normal
2005-11-22,EWY,38.95,39.54,940642500,24150000.0,0.0,0.0,-25840500.0,-25840500.0,0.0,1.515,normal
2005-11-23,EWY,40.41,41.0,1014291000,25100000.0,950000.0,38389500.0,35259000.0,73648500.0,0.0,1.46,normal
2005-11-25,EWY,40.48,40.88,1022120000,25250000.0,150000.0,6072000.0,1757000.0,7829000.0,-0.0,0.988,normal
2005-11-28,EWY,40.56,40.5,1036308000,25550000.0,300000.0,12168000.0,2020000.0,14188000.0,-0.0,-0.148,normal
2005-11-29,EWY,40.3,40.48,1049815000,26050000.0,500000.0,20150000.0,-6643000.0,13507000.0,0.0,0.447,normal
2005-11-30,EWY,40.97,40.79,1077511000,26300000.0,250000.0,10242500.0,17453500.0,27696000.0,-0.0,-0.439,normal
2005-12-01,EWY,41.13,41.85,1081719000,26300000.0,0.0,0.0,4208000.0,4208000.0,-0.0,1.75,normal
2005-12-02,EWY,41.23,41.53,1119394500,27150000.0,850000.0,35045500.0,2630000.0,37675500.0,0.0,0.728,normal
2005-12-05,EWY,41.53,41.62,1142075000,27500000.0,350000.0,14535500.0,8145000.0,22680500.0,-0.0,0.217,normal
2005-12-06,EWY,42.07,42.4,1156925000,27500000.0,0.0,0.0,14850000.0,14850000.0,0.0,0.784,normal
2005-12-07,EWY,42.36,42.2,1164900000,27500000.0,0.0,0.0,7975000.0,7975000.0,0.0,-0.378,normal
2005-12-08,EWY,42.32,42.2,1201888000,28400000.0,900000.0,38088000.0,-1100000.0,36988000.0,-0.0,-0.284,normal
2005-12-09,EWY,42.04,42.39,1193936000,28400000.0,0.0,0.0,-7952000.0,-7952000.0,0.0,0.833,normal
2005-12-12,EWY,42.59,42.85,1218074000,28600000.0,200000.0,8518000.0,15620000.0,24138000.0,-0.0,0.611,normal
2005-12-13,EWY,42.97,43.32,1228942000,28600000.0,0.0,0.0,10868000.0,10868000.0,0.0,0.815,normal
2005-12-14,EWY,43.1,43.32,1260675000,29250000.0,650000.0,28015000.0,3718000.0,31733000.0,-0.0,0.51,normal
2005-12-15,EWY,43.18,43.2,1263015000,29250000.0,0.0,0.0,2340000.0,2340000.0,0.0,0.046,normal
2005-12-16,EWY,42.49,42.8,1242832500,29250000.0,0.0,0.0,-20182500.0,-20182500.0,-0.0,0.73,normal
2005-12-19,EWY,43.19,42.99,1263307500,29250000.0,0.0,0.0,20475000.0,20475000.0,0.0,-0.463,normal
2005-12-20,EWY,43.23,43.31,1264477500,29250000.0,0.0,0.0,1170000.0,1170000.0,0.0,0.185,normal
2005-12-21,EWY,43.75,44.2,1290625000,29500000.0,250000.0,10937500.0,15210000.0,26147500.0,-0.0,1.029,normal
2005-12-22,EWY,43.8,44.14,1292100000,29500000.0,0.0,0.0,1475000.0,1475000.0,0.0,0.776,normal
2005-12-23,EWY,44.05,44.41,1328107500,30150000.0,650000.0,28632500.0,7375000.0,36007500.0,0.0,0.817,normal
2005-12-27,EWY,44.61,44.49,1353913500,30350000.0,200000.0,8922000.0,16884000.0,25806000.0,-0.0,-0.269,normal
2005-12-28,EWY,44.28,44.74,1343898000,30350000.0,0.0,0.0,-10015500.0,-10015500.0,-0.0,1.039,normal
2005-12-29,EWY,44.68,44.85,1356038000,30350000.0,0.0,0.0,12140000.0,12140000.0,0.0,0.381,normal
2005-12-30,EWY,44.67,44.75,1380303000,30900000.0,550000.0,24568500.0,-303500.0,24265000.0,-0.0,0.179,normal
2006-01-03,EWY,45.15,46.41,1395135000,30900000.0,0.0,0.0,14832000.0,14832000.0,0.0,2.791,normal
2006-01-04,EWY,45.94,46.55,1419546000,30900000.0,0.0,0.0,24411000.0,24411000.0,0.0,1.328,normal
2006-01-05,EWY,46.07,46.38,1446598000,31400000.0,500000.0,23035000.0,4017000.0,27052000.0,-0.0,0.673,normal
2006-01-06,EWY,46.49,47.32,1487680000,32000000.0,600000.0,27894000.0,13188000.0,41082000.0,-0.0,1.785,normal
2006-01-09,EWY,46.84,47.47,1538694000,32850000.0,850000.0,39814000.0,11200000.0,51014000.0,-0.0,1.345,normal
2006-01-10,EWY,46.27,46.57,1531537000,33100000.0,250000.0,11567500.0,-18724500.0,-7157000.0,0.0,0.648,normal
2006-01-11,EWY,45.92,46.7,1554392000,33850000.0,750000.0,34440000.0,-11585000.0,22855000.0,0.0,1.699,normal
2006-01-12,EWY,46.62,46.36,1589742000,34100000.0,250000.0,11655000.0,23695000.0,35350000.0,0.0,-0.558,normal
2006-01-13,EWY,46.47,46.69,1635744000,35200000.0,1100000.0,51117000.0,-5115000.0,46002000.0,-0.0,0.473,normal
2006-01-17,EWY,45.63,45.38,1606176000,35200000.0,0.0,0.0,-29568000.0,-29568000.0,-0.0,-0.548,normal
2006-01-18,EWY,44.42,44.59,1563584000,35200000.0,0.0,0.0,-42592000.0,-42592000.0,0.0,0.383,normal
2006-01-19,EWY,45.03,45.58,1576050000,35000000.0,-200000.0,-9006000.0,21472000.0,12466000.0,0.0,1.221,normal
2006-01-20,EWY,44.09,43.45,1543150000,35000000.0,0.0,0.0,-32900000.0,-32900000.0,-0.0,-1.452,normal
2006-01-23,EWY,43.9,44.22,1543085000,35150000.0,150000.0,6585000.0,-6650000.0,-65000.0,0.0,0.729,normal
2006-01-24,EWY,45.27,45.63,1591240500,35150000.0,0.0,0.0,48155500.0,48155500.0,-0.0,0.795,normal
2006-01-25,EWY,46.09,46.32,1620063500,35150000.0,0.0,0.0,28823000.0,28823000.0,-0.0,0.499,normal
2006-01-26,EWY,46.17,47.18,1634418000,35400000.0,250000.0,11542500.0,2812000.0,14354500.0,0.0,2.188,normal
2006-01-27,EWY,47.14,48.04,1678184000,35600000.0,200000.0,9428000.0,34338000.0,43766000.0,0.0,1.909,normal
2006-01-30,EWY,47.14,47.86,1737109000,36850000.0,1250000.0,58925000.0,0.0,58925000.0,0.0,1.527,normal
2006-01-31,EWY,48.06,48.21,1771011000,36850000.0,0.0,0.0,33902000.0,33902000.0,-0.0,0.312,normal
2006-02-01,EWY,47.5,47.5,1778875000,37450000.0,600000.0,28500000.0,-20636000.0,7864000.0,0.0,0.0,normal
2006-02-02,EWY,46.91,46.63,1756779500,37450000.0,0.0,0.0,-22095500.0,-22095500.0,0.0,-0.597,normal
2006-02-03,EWY,45.62,45.65,1708469000,37450000.0,0.0,0.0,-48310500.0,-48310500.0,-0.0,0.066,normal
2006-02-06,EWY,46.33,46.76,1735058500,37450000.0,0.0,0.0,26589500.0,26589500.0,-0.0,0.928,normal
2006-02-07,EWY,45.78,45.34,1714461000,37450000.0,0.0,0.0,-20597500.0,-20597500.0,-0.0,-0.961,normal
2006-02-08,EWY,44.85,45.56,1679632500,37450000.0,0.0,0.0,-34828500.0,-34828500.0,-0.0,1.583,normal
2006-02-09,EWY,45.28,45.59,1695736000,37450000.0,0.0,0.0,16103500.0,16103500.0,0.0,0.685,normal
2006-02-10,EWY,45.95,46.05,1739207500,37850000.0,400000.0,18380000.0,25091500.0,43471500.0,-0.0,0.218,normal
2006-02-13,EWY,44.91,44.4,1720053000,38300000.0,450000.0,20209500.0,-39364000.0,-19154500.0,0.0,-1.136,normal
2006-02-14,EWY,45.36,45.96,1737288000,38300000.0,0.0,0.0,17235000.0,17235000.0,-0.0,1.323,normal
2006-02-15,EWY,44.35,44.82,1698605000,38300000.0,0.0,0.0,-38683000.0,-38683000.0,-0.0,1.06,normal
2006-02-16,EWY,44.75,45.55,1713925000,38300000.0,0.0,0.0,15320000.0,15320000.0,0.0,1.788,normal
2006-02-17,EWY,45.53,45.73,1750628500,38450000.0,150000.0,6829500.0,29874000.0,36703500.0,-0.0,0.439,normal
2006-02-21,EWY,46.1,46.21,1788680000,38800000.0,350000.0,16135000.0,21916500.0,38051500.0,-0.0,0.239,normal
2006-02-22,EWY,45.62,46.09,1770056000,38800000.0,0.0,0.0,-18624000.0,-18624000.0,0.0,1.03,normal
2006-02-23,EWY,46.58,46.6,1821278000,39100000.0,300000.0,13974000.0,37248000.0,51222000.0,-0.0,0.043,normal
2006-02-24,EWY,46.92,47.11,1841610000,39250000.0,150000.0,7038000.0,13294000.0,20332000.0,-0.0,0.405,normal
2006-02-27,EWY,47.14,47.58,1857316000,39400000.0,150000.0,7071000.0,8635000.0,15706000.0,0.0,0.933,normal
2006-02-28,EWY,46.76,46.41,1842344000,39400000.0,0.0,0.0,-14972000.0,-14972000.0,0.0,-0.749,normal
2006-03-01,EWY,46.77,47.24,1842738000,39400000.0,0.0,0.0,394000.0,394000.0,-0.0,1.005,normal
2006-03-02,EWY,46.76,46.86,1842344000,39400000.0,0.0,0.0,-394000.0,-394000.0,0.0,0.214,normal
2006-03-03,EWY,45.38,45.55,1787972000,39400000.0,0.0,0.0,-54372000.0,-54372000.0,-0.0,0.375,normal
2006-03-06,EWY,45.68,45.1,1799792000,39400000.0,0.0,0.0,11820000.0,11820000.0,0.0,-1.27,normal
2006-03-07,EWY,44.6,43.35,1766160000,39600000.0,200000.0,8920000.0,-42552000.0,-33632000.0,-0.0,-2.803,normal
2006-03-08,EWY,44.19,44.14,1741086000,39400000.0,-200000.0,-8838000.0,-16236000.0,-25074000.0,0.0,-0.113,normal
2006-03-09,EWY,44.06,43.75,1698513000,38550000.0,-850000.0,-37451000.0,-5122000.0,-42573000.0,-0.0,-0.704,normal
2006-03-10,EWY,44.44,44.71,1717606000,38650000.0,100000.0,4444000.0,14649000.0,19093000.0,0.0,0.608,normal
2006-03-13,EWY,45.13,45.15,1744274500,38650000.0,0.0,0.0,26668500.0,26668500.0,-0.0,0.044,normal
2006-03-14,EWY,44.94,45.69,1745919000,38850000.0,200000.0,8988000.0,-7343500.0,1644500.0,0.0,1.669,normal
2006-03-15,EWY,45.33,45.73,1756537500,38750000.0,-100000.0,-4533000.0,15151500.0,10618500.0,-0.0,0.882,normal
2006-03-16,EWY,45.43,45.3,1755869500,38650000.0,-100000.0,-4543000.0,3875000.0,-668000.0,-0.0,-0.286,normal
2006-03-17,EWY,45.76,45.9,1768624000,38650000.0,0.0,0.0,12754500.0,12754500.0,0.0,0.306,normal
2006-03-20,EWY,46.12,46.45,1782538000,38650000.0,0.0,0.0,13914000.0,13914000.0,0.0,0.716,normal
2006-03-21,EWY,45.72,45.45,1767078000,38650000.0,0.0,0.0,-15460000.0,-15460000.0,-0.0,-0.591,normal
2006-03-22,EWY,44.62,45.13,1724563000,38650000.0,0.0,0.0,-42515000.0,-42515000.0,0.0,1.143,normal
2006-03-23,EWY,44.7,44.69,1727655000,38650000.0,0.0,0.0,3092000.0,3092000.0,-0.0,-0.022,normal
2006-03-24,EWY,44.91,44.95,1735771500,38650000.0,0.0,0.0,8116500.0,8116500.0,0.0,0.089,normal
2006-03-27,EWY,45.49,45.59,1758188500,38650000.0,0.0,0.0,22417000.0,22417000.0,-0.0,0.22,normal
2006-03-28,EWY,45.53,45.02,1759734500,38650000.0,0.0,0.0,1546000.0,1546000.0,0.0,-1.12,normal
2006-03-29,EWY,45.58,45.84,1770783000,38850000.0,200000.0,9116000.0,1932500.0,11048500.0,0.0,0.57,normal
2006-03-30,EWY,45.66,45.76,1773891000,38850000.0,0.0,0.0,3108000.0,3108000.0,0.0,0.219,normal
2006-03-31,EWY,46.63,46.65,1816238500,38950000.0,100000.0,4663000.0,37684500.0,42347500.0,-0.0,0.043,normal
2006-04-03,EWY,47.45,47.64,1848177500,38950000.0,0.0,0.0,31939000.0,31939000.0,-0.0,0.4,normal
2006-04-04,EWY,48.09,48.45,1873105500,38950000.0,0.0,0.0,24928000.0,24928000.0,-0.0,0.749,normal
2006-04-05,EWY,48.48,49.12,1888296000,38950000.0,0.0,0.0,15190500.0,15190500.0,0.0,1.32,normal
2006-04-06,EWY,48.91,49.09,1905044500,38950000.0,0.0,0.0,16748500.0,16748500.0,0.0,0.368,normal
2006-04-07,EWY,49.07,48.75,1911276500,38950000.0,0.0,0.0,6232000.0,6232000.0,-0.0,-0.652,normal
2006-04-10,EWY,48.68,48.72,1896086000,38950000.0,0.0,0.0,-15190500.0,-15190500.0,0.0,0.082,normal
2006-04-11,EWY,48.1,47.52,1873495000,38950000.0,0.0,0.0,-22591000.0,-22591000.0,-0.0,-1.206,normal
2006-04-12,EWY,47.63,47.41,1864714500,39150000.0,200000.0,9526000.0,-18306500.0,-8780500.0,-0.0,-0.462,normal
2006-04-13,EWY,48.28,48.33,1904646000,39450000.0,300000.0,14484000.0,25447500.0,39931500.0,0.0,0.104,normal
2006-04-17,EWY,49.23,49.21,1942123500,39450000.0,0.0,0.0,37477500.0,37477500.0,0.0,-0.041,normal
2006-04-18,EWY,49.45,50.3,1950802500,39450000.0,0.0,0.0,8679000.0,8679000.0,-0.0,1.719,normal
2006-04-19,EWY,50.26,50.39,1982757000,39450000.0,0.0,0.0,31954500.0,31954500.0,0.0,0.259,normal
2006-04-20,EWY,49.91,50.24,1978931500,39650000.0,200000.0,9982000.0,-13807500.0,-3825500.0,0.0,0.661,normal
2006-04-21,EWY,50.58,50.58,2005497000,39650000.0,0.0,0.0,26565500.0,26565500.0,-0.0,0.0,normal
2006-04-24,EWY,50.18,50.11,2019745000,40250000.0,600000.0,30108000.0,-15860000.0,14248000.0,-0.0,-0.14,normal
2006-04-25,EWY,49.89,49.86,2008072500,40250000.0,0.0,0.0,-11672500.0,-11672500.0,-0.0,-0.06,normal
2006-04-26,EWY,50.7,50.97,2040675000,40250000.0,0.0,0.0,32602500.0,32602500.0,-0.0,0.532,normal
2006-04-27,EWY,50.74,50.54,2049896000,40400000.0,150000.0,7611000.0,1610000.0,9221000.0,0.0,-0.394,normal
2006-04-28,EWY,49.65,49.6,2038132500,41050000.0,650000.0,32272500.0,-44036000.0,-11763500.0,0.0,-0.101,normal
2006-05-01,EWY,49.66,49.9,2038543000,41050000.0,0.0,0.0,410500.0,410500.0,0.0,0.483,normal
2006-05-02,EWY,50.45,50.68,2070972500,41050000.0,0.0,0.0,32429500.0,32429500.0,-0.0,0.456,normal
2006-05-03,EWY,50.62,50.64,2133633000,42150000.0,1100000.0,55682000.0,6978500.0,62660500.0,0.0,0.04,normal
2006-05-04,EWY,50.64,51.08,2124348000,41950000.0,-200000.0,-10128000.0,843000.0,-9285000.0,-0.0,0.869,normal
2006-05-05,EWY,50.66,51.5,2137852000,42200000.0,250000.0,12665000.0,839000.0,13504000.0,0.0,1.658,normal
2006-05-08,EWY,51.9,52.15,2190180000,42200000.0,0.0,0.0,52328000.0,52328000.0,-0.0,0.482,normal
2006-05-09,EWY,51.68,51.7,2180896000,42200000.0,0.0,0.0,-9284000.0,-9284000.0,-0.0,0.039,normal
2006-05-10,EWY,51.88,51.73,2241216000,43200000.0,1000000.0,51880000.0,8440000.0,60320000.0,-0.0,-0.289,normal
2006-05-11,EWY,51.82,50.76,2238624000,43200000.0,0.0,0.0,-2592000.0,-2592000.0,0.0,-2.046,normal
2006-05-12,EWY,51.18,49.82,2210976000,43200000.0,0.0,0.0,-27648000.0,-27648000.0,0.0,-2.657,normal
2006-05-15,EWY,49.43,48.77,2135376000,43200000.0,0.0,0.0,-75600000.0,-75600000.0,0.0,-1.335,normal
2006-05-16,EWY,48.34,48.45,2078620000,43000000.0,-200000.0,-9668000.0,-47088000.0,-56756000.0,-0.0,0.228,normal
2006-05-17,EWY,49.43,47.47,2125490000,43000000.0,0.0,0.0,46870000.0,46870000.0,0.0,-3.965,normal
2006-05-18,EWY,47.59,46.99,2041611000,42900000.0,-100000.0,-4759000.0,-79120000.0,-83879000.0,-0.0,-1.261,normal
2006-05-19,EWY,47.9,47.85,1990245000,41550000.0,-1350000.0,-64665000.0,13299000.0,-51366000.0,0.0,-0.104,normal
2006-05-22,EWY,46.42,45.63,1928751000,41550000.0,0.0,0.0,-61494000.0,-61494000.0,-0.0,-1.702,normal
2006-05-23,EWY,46.51,45.85,1918537500,41250000.0,-300000.0,-13953000.0,3739500.0,-10213500.0,0.0,-1.419,normal
2006-05-24,EWY,46.33,45.65,1864782500,40250000.0,-1000000.0,-46330000.0,-7425000.0,-53755000.0,-0.0,-1.468,normal
2006-05-25,EWY,45.16,46.01,1808658000,40050000.0,-200000.0,-9032000.0,-47092500.0,-56124500.0,0.0,1.882,normal
2006-05-26,EWY,46.28,46.54,1802606000,38950000.0,-1100000.0,-50908000.0,44856000.0,-6052000.0,-0.0,0.562,normal
2006-05-30,EWY,45.8,44.44,1783910000,38950000.0,0.0,0.0,-18696000.0,-18696000.0,0.0,-2.969,normal
2006-05-31,EWY,45.83,45.3,1785078500,38950000.0,0.0,0.0,1168500.0,1168500.0,-0.0,-1.156,normal
2006-06-01,EWY,45.1,45.82,1756645000,38950000.0,0.0,0.0,-28433500.0,-28433500.0,-0.0,1.597,normal
2006-06-02,EWY,45.65,45.86,1778067500,38950000.0,0.0,0.0,21422500.0,21422500.0,0.0,0.46,normal
2006-06-05,EWY,45.66,44.45,1778457000,38950000.0,0.0,0.0,389500.0,389500.0,0.0,-2.65,normal
2006-06-06,EWY,45.65,44.3,1778067500,38950000.0,0.0,0.0,-389500.0,-389500.0,-0.0,-2.957,normal
2006-06-07,EWY,44.12,43.59,1718474000,38950000.0,0.0,0.0,-59593500.0,-59593500.0,0.0,-1.201,normal
2006-06-08,EWY,42.28,42.28,1642578000,38850000.0,-100000.0,-4228000.0,-71668000.0,-75896000.0,-0.0,-0.0,normal
2006-06-09,EWY,42.62,41.99,1621691000,38050000.0,-800000.0,-34096000.0,13209000.0,-20887000.0,0.0,-1.478,normal
2006-06-12,EWY,42.56,41.4,1619408000,38050000.0,0.0,0.0,-2283000.0,-2283000.0,-0.0,-2.726,normal
2006-06-13,EWY,41.12,40.06,1552280000,37750000.0,-300000.0,-12336000.0,-54792000.0,-67128000.0,0.0,-2.578,normal
2006-06-14,EWY,41.72,41.68,1543640000,37000000.0,-750000.0,-31290000.0,22650000.0,-8640000.0,-0.0,-0.096,normal
2006-06-15,EWY,41.66,43.2,1541420000,37000000.0,0.0,0.0,-2220000.0,-2220000.0,0.0,3.697,normal
2006-06-16,EWY,43.31,42.93,1576484000,36400000.0,-600000.0,-25986000.0,61050000.0,35064000.0,-0.0,-0.877,normal
2006-06-19,EWY,42.63,41.99,1560258000,36600000.0,200000.0,8526000.0,-24752000.0,-16226000.0,-0.0,-1.501,normal
2006-06-20,EWY,41.91,41.58,1533906000,36600000.0,0.0,0.0,-26352000.0,-26352000.0,0.0,-0.787,normal
2006-06-21,EWY,41.85,42.5,1531710000,36600000.0,0.0,0.0,-2196000.0,-2196000.0,-0.0,1.553,normal
2006-06-22,EWY,42.47,41.95,1554402000,36600000.0,0.0,0.0,22692000.0,22692000.0,0.0,-1.224,normal
2006-06-23,EWY,42.17,42.05,1543422000,36600000.0,0.0,0.0,-10980000.0,-10980000.0,-0.0,-0.285,normal
2006-06-26,EWY,42.47,42.1,1554402000,36600000.0,0.0,0.0,10980000.0,10980000.0,0.0,-0.871,normal
2006-06-27,EWY,42.87,41.59,1569042000,36600000.0,0.0,0.0,14640000.0,14640000.0,0.0,-2.986,normal
2006-06-28,EWY,42.61,42.4,1542482000,36200000.0,-400000.0,-17044000.0,-9516000.0,-26560000.0,-0.0,-0.493,normal
2006-06-29,EWY,43.32,44.54,1563852000,36100000.0,-100000.0,-4332000.0,25702000.0,21370000.0,-0.0,2.816,normal
2006-06-30,EWY,45.0,45.12,1615500000,35900000.0,-200000.0,-9000000.0,60648000.0,51648000.0,0.0,0.267,normal
2006-07-03,EWY,45.15,45.8,1620885000,35900000.0,0.0,0.0,5385000.0,5385000.0,0.0,1.44,normal
2006-07-05,EWY,44.56,44.05,1599704000,35900000.0,0.0,0.0,-21181000.0,-21181000.0,-0.0,-1.145,normal
2006-07-06,EWY,43.87,44.28,1574933000,35900000.0,0.0,0.0,-24771000.0,-24771000.0,0.0,0.935,normal
2006-07-07,EWY,44.33,43.84,1591447000,35900000.0,0.0,0.0,16514000.0,16514000.0,-0.0,-1.105,normal
2006-07-10,EWY,45.36,44.85,1628424000,35900000.0,0.0,0.0,36977000.0,36977000.0,-0.0,-1.124,normal
2006-07-11,EWY,45.18,45.04,1621962000,35900000.0,0.0,0.0,-6462000.0,-6462000.0,-0.0,-0.31,normal
2006-07-12,EWY,44.94,44.5,1613346000,35900000.0,0.0,0.0,-8616000.0,-8616000.0,0.0,-0.979,normal
2006-07-13,EWY,44.48,43.35,1596832000,35900000.0,0.0,0.0,-16514000.0,-16514000.0,0.0,-2.541,normal
2006-07-14,EWY,43.26,42.8,1553034000,35900000.0,0.0,0.0,-43798000.0,-43798000.0,-0.0,-1.063,normal
2006-07-17,EWY,43.27,42.45,1546902500,35750000.0,-150000.0,-6490500.0,359000.0,-6131500.0,-0.0,-1.895,normal
2006-07-18,EWY,42.33,42.1,1513297500,35750000.0,0.0,0.0,-33605000.0,-33605000.0,0.0,-0.543,normal
2006-07-19,EWY,42.29,43.74,1511867500,35750000.0,0.0,0.0,-1430000.0,-1430000.0,-0.0,3.429,normal
2006-07-20,EWY,43.99,43.25,1559445500,35450000.0,-300000.0,-13197000.0,60775000.0,47578000.0,-0.0,-1.682,normal
2006-07-21,EWY,44.04,43.0,1561218000,35450000.0,0.0,0.0,1772500.0,1772500.0,0.0,-2.361,normal
2006-07-24,EWY,43.7,44.3,1549165000,35450000.0,0.0,0.0,-12053000.0,-12053000.0,-0.0,1.373,normal
2006-07-25,EWY,44.35,44.25,1572207500,35450000.0,0.0,0.0,23042500.0,23042500.0,0.0,-0.226,normal
2006-07-26,EWY,44.35,44.5,1581077500,35650000.0,200000.0,8870000.0,0.0,8870000.0,0.0,0.338,normal
2006-07-27,EWY,44.96,45.05,1602824000,35650000.0,0.0,0.0,21746500.0,21746500.0,0.0,0.2,normal
2006-07-28,EWY,44.9,45.6,1600685000,35650000.0,0.0,0.0,-2139000.0,-2139000.0,0.0,1.559,normal
2006-07-31,EWY,44.94,45.15,1602111000,35650000.0,0.0,0.0,1426000.0,1426000.0,0.0,0.467,normal
2006-08-01,EWY,44.47,44.0,1585355500,35650000.0,0.0,0.0,-16755500.0,-16755500.0,-0.0,-1.057,normal
2006-08-02,EWY,44.53,44.61,1587494500,35650000.0,0.0,0.0,2139000.0,2139000.0,-0.0,0.18,normal
2006-08-03,EWY,44.35,44.47,1581077500,35650000.0,0.0,0.0,-6417000.0,-6417000.0,-0.0,0.271,normal
2006-08-04,EWY,44.81,44.77,1597476500,35650000.0,0.0,0.0,16399000.0,16399000.0,-0.0,-0.089,normal
2006-08-07,EWY,44.45,44.35,1584642500,35650000.0,0.0,0.0,-12834000.0,-12834000.0,-0.0,-0.225,normal
2006-08-08,EWY,45.09,44.55,1607458500,35650000.0,0.0,0.0,22816000.0,22816000.0,-0.0,-1.198,normal
2006-08-09,EWY,45.38,44.76,1610990000,35500000.0,-150000.0,-6807000.0,10338500.0,3531500.0,0.0,-1.366,normal
2006-08-10,EWY,45.05,44.85,1599275000,35500000.0,0.0,0.0,-11715000.0,-11715000.0,0.0,-0.444,normal
2006-08-11,EWY,44.37,44.0,1575135000,35500000.0,0.0,0.0,-24140000.0,-24140000.0,-0.0,-0.834,normal
2006-08-14,EWY,44.24,44.05,1570520000,35500000.0,0.0,0.0,-4615000.0,-4615000.0,-0.0,-0.429,normal
2006-08-15,EWY,44.26,44.84,1571230000,35500000.0,0.0,0.0,710000.0,710000.0,0.0,1.31,normal
2006-08-16,EWY,44.97,45.18,1596435000,35500000.0,0.0,0.0,25205000.0,25205000.0,-0.0,0.467,normal
2006-08-17,EWY,45.67,45.65,1623568500,35550000.0,50000.0,2283500.0,24850000.0,27133500.0,-0.0,-0.044,normal
2006-08-18,EWY,45.94,45.95,1633167000,35550000.0,0.0,0.0,9598500.0,9598500.0,0.0,0.022,normal
2006-08-21,EWY,45.7,45.47,1624635000,35550000.0,0.0,0.0,-8532000.0,-8532000.0,-0.0,-0.503,normal
2006-08-22,EWY,46.11,45.9,1639210500,35550000.0,0.0,0.0,14575500.0,14575500.0,0.0,-0.455,normal
2006-08-23,EWY,45.77,45.17,1627123500,35550000.0,0.0,0.0,-12087000.0,-12087000.0,-0.0,-1.311,normal
2006-08-24,EWY,45.14,44.85,1604727000,35550000.0,0.0,0.0,-22396500.0,-22396500.0,0.0,-0.642,normal
2006-08-25,EWY,45.41,45.16,1614325500,35550000.0,0.0,0.0,9598500.0,9598500.0,0.0,-0.55,normal
2006-08-28,EWY,45.2,45.29,1606860000,35550000.0,0.0,0.0,-7465500.0,-7465500.0,-0.0,0.199,normal
2006-08-29,EWY,45.95,45.9,1619737500,35250000.0,-300000.0,-13785000.0,26662500.0,12877500.0,0.0,-0.109,normal
2006-08-30,EWY,45.73,45.61,1611982500,35250000.0,0.0,0.0,-7755000.0,-7755000.0,0.0,-0.262,normal
2006-08-31,EWY,46.0,45.86,1621500000,35250000.0,0.0,0.0,9517500.0,9517500.0,-0.0,-0.304,normal
2006-09-01,EWY,46.23,46.48,1629607500,35250000.0,0.0,0.0,8107500.0,8107500.0,0.0,0.541,normal
2006-09-05,EWY,46.71,46.75,1646527500,35250000.0,0.0,0.0,16920000.0,16920000.0,-0.0,0.086,normal
2006-09-06,EWY,46.58,46.02,1634958000,35100000.0,-150000.0,-6987000.0,-4582500.0,-11569500.0,0.0,-1.202,normal
2006-09-07,EWY,46.26,45.87,1623726000,35100000.0,0.0,0.0,-11232000.0,-11232000.0,0.0,-0.843,normal
2006-09-08,EWY,46.29,46.14,1610892000,34800000.0,-300000.0,-13887000.0,1053000.0,-12834000.0,-0.0,-0.324,normal
2006-09-11,EWY,45.51,45.1,1583748000,34800000.0,0.0,0.0,-27144000.0,-27144000.0,0.0,-0.901,normal
2006-09-12,EWY,45.23,45.67,1574004000,34800000.0,0.0,0.0,-9744000.0,-9744000.0,0.0,0.973,normal
2006-09-13,EWY,45.41,45.5,1580268000,34800000.0,0.0,0.0,6264000.0,6264000.0,0.0,0.198,normal
2006-09-14,EWY,46.3,45.8,1611240000,34800000.0,0.0,0.0,30972000.0,30972000.0,-0.0,-1.08,normal
2006-09-15,EWY,46.47,46.3,1617156000,34800000.0,0.0,0.0,5916000.0,5916000.0,-0.0,-0.366,normal
2006-09-18,EWY,47.1,46.85,1639080000,34800000.0,0.0,0.0,21924000.0,21924000.0,-0.0,-0.531,normal
2006-09-19,EWY,47.3,46.7,1646040000,34800000.0,0.0,0.0,6960000.0,6960000.0,0.0,-1.268,normal
2006-09-20,EWY,47.1,47.5,1639080000,34800000.0,0.0,0.0,-6960000.0,-6960000.0,-0.0,0.849,normal
2006-09-21,EWY,47.37,47.09,1648476000,34800000.0,0.0,0.0,9396000.0,9396000.0,0.0,-0.591,normal
2006-09-22,EWY,46.6,46.3,1621680000,34800000.0,0.0,0.0,-26796000.0,-26796000.0,-0.0,-0.644,normal
2006-09-25,EWY,46.94,47.11,1633512000,34800000.0,0.0,0.0,11832000.0,11832000.0,0.0,0.362,normal
2006-09-26,EWY,46.64,46.85,1623072000,34800000.0,0.0,0.0,-10440000.0,-10440000.0,-0.0,0.45,normal
2006-09-27,EWY,47.29,47.15,1645692000,34800000.0,0.0,0.0,22620000.0,22620000.0,0.0,-0.296,normal
2006-09-28,EWY,47.58,47.45,1655784000,34800000.0,0.0,0.0,10092000.0,10092000.0,0.0,-0.273,normal
2006-09-29,EWY,47.37,46.25,1648476000,34800000.0,0.0,0.0,-7308000.0,-7308000.0,0.0,-2.364,normal
2006-10-02,EWY,47.43,46.97,1650564000,34800000.0,0.0,0.0,2088000.0,2088000.0,-0.0,-0.97,normal
2006-10-03,EWY,47.43,46.89,1641078000,34600000.0,-200000.0,-9486000.0,0.0,-9486000.0,0.0,-1.139,normal
2006-10-04,EWY,46.6,47.13,1612360000,34600000.0,0.0,0.0,-28718000.0,-28718000.0,-0.0,1.137,normal
2006-10-05,EWY,46.59,47.79,1577071500,33850000.0,-750000.0,-34942500.0,-346000.0,-35288500.0,-0.0,2.576,normal
2006-10-06,EWY,46.6,47.3,1577410000,33850000.0,0.0,0.0,338500.0,338500.0,0.0,1.502,normal
2006-10-09,EWY,45.16,45.5,1528666000,33850000.0,0.0,0.0,-48744000.0,-48744000.0,0.0,0.753,normal
2006-10-10,EWY,45.6,45.61,1543560000,33850000.0,0.0,0.0,14894000.0,14894000.0,-0.0,0.022,normal
2006-10-11,EWY,45.59,45.4,1534103500,33650000.0,-200000.0,-9118000.0,-338500.0,-9456500.0,-0.0,-0.417,normal
2006-10-12,EWY,45.78,46.27,1540497000,33650000.0,0.0,0.0,6393500.0,6393500.0,0.0,1.07,normal
2006-10-13,EWY,46.46,46.43,1563379000,33650000.0,0.0,0.0,22882000.0,22882000.0,0.0,-0.065,normal
2006-10-16,EWY,46.76,46.8,1573474000,33650000.0,0.0,0.0,10095000.0,10095000.0,0.0,0.086,normal
2006-10-17,EWY,46.64,46.42,1569436000,33650000.0,0.0,0.0,-4038000.0,-4038000.0,-0.0,-0.472,normal
2006-10-18,EWY,46.58,46.55,1567417000,33650000.0,0.0,0.0,-2019000.0,-2019000.0,0.0,-0.064,normal
2006-10-19,EWY,46.43,46.46,1562369500,33650000.0,0.0,0.0,-5047500.0,-5047500.0,-0.0,0.065,normal
2006-10-20,EWY,46.62,46.47,1568763000,33650000.0,0.0,0.0,6393500.0,6393500.0,0.0,-0.322,normal
2006-10-23,EWY,46.47,46.58,1563715500,33650000.0,0.0,0.0,-5047500.0,-5047500.0,-0.0,0.237,normal
2006-10-24,EWY,46.61,46.62,1568426500,33650000.0,0.0,0.0,4711000.0,4711000.0,-0.0,0.021,normal
2006-10-25,EWY,46.92,47.08,1578858000,33650000.0,0.0,0.0,10431500.0,10431500.0,-0.0,0.341,normal
2006-10-26,EWY,47.32,47.35,1592318000,33650000.0,0.0,0.0,13460000.0,13460000.0,0.0,0.063,normal
2006-10-27,EWY,47.25,46.75,1589962500,33650000.0,0.0,0.0,-2355500.0,-2355500.0,0.0,-1.058,normal
2006-10-30,EWY,46.94,46.61,1579531000,33650000.0,0.0,0.0,-10431500.0,-10431500.0,0.0,-0.703,normal
2006-10-31,EWY,47.25,47.24,1589962500,33650000.0,0.0,0.0,10431500.0,10431500.0,-0.0,-0.021,normal
2006-11-01,EWY,47.65,47.1,1603422500,33650000.0,0.0,0.0,13460000.0,13460000.0,0.0,-1.154,normal
2006-11-02,EWY,47.92,47.57,1612508000,33650000.0,0.0,0.0,9085500.0,9085500.0,-0.0,-0.73,normal
2006-11-03,EWY,48.02,47.77,1615873000,33650000.0,0.0,0.0,3365000.0,3365000.0,-0.0,-0.521,normal
2006-11-06,EWY,47.52,48.09,1599048000,33650000.0,0.0,0.0,-16825000.0,-16825000.0,0.0,1.2,normal
2006-11-07,EWY,48.0,47.9,1615200000,33650000.0,0.0,0.0,16152000.0,16152000.0,0.0,-0.208,normal
2006-11-08,EWY,47.98,48.03,1614527000,33650000.0,0.0,0.0,-673000.0,-673000.0,0.0,0.104,normal
2006-11-09,EWY,48.62,48.48,1636063000,33650000.0,0.0,0.0,21536000.0,21536000.0,-0.0,-0.288,normal
2006-11-10,EWY,48.66,48.56,1637409000,33650000.0,0.0,0.0,1346000.0,1346000.0,0.0,-0.205,normal
2006-11-13,EWY,48.7,48.96,1638755000,33650000.0,0.0,0.0,1346000.0,1346000.0,-0.0,0.534,normal
2006-11-14,EWY,49.12,49.42,1652888000,33650000.0,0.0,0.0,14133000.0,14133000.0,0.0,0.611,normal
2006-11-15,EWY,49.07,49.3,1651205500,33650000.0,0.0,0.0,-1682500.0,-1682500.0,-0.0,0.469,normal
2006-11-16,EWY,49.16,49.26,1654234000,33650000.0,0.0,0.0,3028500.0,3028500.0,0.0,0.203,normal
2006-11-17,EWY,49.03,49.06,1649859500,33650000.0,0.0,0.0,-4374500.0,-4374500.0,-0.0,0.061,normal
2006-11-20,EWY,48.98,48.77,1648177000,33650000.0,0.0,0.0,-1682500.0,-1682500.0,0.0,-0.429,normal
2006-11-21,EWY,48.97,49.14,1647840500,33650000.0,0.0,0.0,-336500.0,-336500.0,-0.0,0.347,normal
2006-11-22,EWY,49.61,49.69,1669376500,33650000.0,0.0,0.0,21536000.0,21536000.0,-0.0,0.161,normal
2006-11-24,EWY,49.42,49.39,1662983000,33650000.0,0.0,0.0,-6393500.0,-6393500.0,-0.0,-0.061,normal
2006-11-27,EWY,49.53,48.7,1666684500,33650000.0,0.0,0.0,3701500.0,3701500.0,0.0,-1.676,normal
2006-11-28,EWY,49.05,48.87,1650532500,33650000.0,0.0,0.0,-16152000.0,-16152000.0,0.0,-0.367,normal
2006-11-29,EWY,49.42,49.5,1662983000,33650000.0,0.0,0.0,12450500.0,12450500.0,-0.0,0.162,normal
2006-11-30,EWY,49.79,49.5,1675433500,33650000.0,0.0,0.0,12450500.0,12450500.0,0.0,-0.582,normal
2006-12-01,EWY,49.96,49.51,1641186000,32850000.0,-800000.0,-39968000.0,5720500.0,-34247500.0,-0.0,-0.901,normal
2006-12-04,EWY,49.7,50.05,1632645000,32850000.0,0.0,0.0,-8541000.0,-8541000.0,-0.0,0.704,normal
2006-12-05,EWY,49.64,50.05,1630674000,32850000.0,0.0,0.0,-1971000.0,-1971000.0,0.0,0.826,normal
2006-12-06,EWY,49.84,49.66,1637244000,32850000.0,0.0,0.0,6570000.0,6570000.0,-0.0,-0.361,normal
2006-12-07,EWY,49.69,49.42,1632316500,32850000.0,0.0,0.0,-4927500.0,-4927500.0,0.0,-0.543,normal
2006-12-08,EWY,48.71,48.65,1600123500,32850000.0,0.0,0.0,-32193000.0,-32193000.0,-0.0,-0.123,normal
2006-12-11,EWY,48.37,48.55,1588954500,32850000.0,0.0,0.0,-11169000.0,-11169000.0,0.0,0.372,normal
2006-12-12,EWY,48.2,48.08,1583370000,32850000.0,0.0,0.0,-5584500.0,-5584500.0,-0.0,-0.249,normal
2006-12-13,EWY,48.47,48.47,1592239500,32850000.0,0.0,0.0,8869500.0,8869500.0,0.0,0.0,normal
2006-12-14,EWY,49.78,49.99,1635273000,32850000.0,0.0,0.0,43033500.0,43033500.0,-0.0,0.422,normal
2006-12-15,EWY,49.8,49.89,1635930000,32850000.0,0.0,0.0,657000.0,657000.0,0.0,0.181,normal
2006-12-18,EWY,49.98,49.71,1641843000,32850000.0,0.0,0.0,5913000.0,5913000.0,0.0,-0.54,normal
2006-12-19,EWY,49.48,49.52,1625418000,32850000.0,0.0,0.0,-16425000.0,-16425000.0,0.0,0.081,normal
2006-12-20,EWY,49.89,49.73,1638886500,32850000.0,0.0,0.0,13468500.0,13468500.0,-0.0,-0.321,normal
2006-12-21,EWY,49.58,49.49,1628703000,32850000.0,0.0,0.0,-10183500.0,-10183500.0,0.0,-0.181,normal
2006-12-22,EWY,49.43,49.16,1623775500,32850000.0,0.0,0.0,-4927500.0,-4927500.0,-0.0,-0.546,normal
2006-12-26,EWY,49.2,49.57,1616220000,32850000.0,0.0,0.0,-7555500.0,-7555500.0,-0.0,0.752,normal
2006-12-27,EWY,49.0,49.65,1609650000,32850000.0,0.0,0.0,-6570000.0,-6570000.0,0.0,1.327,normal
2006-12-28,EWY,49.32,49.4,1620162000,32850000.0,0.0,0.0,10512000.0,10512000.0,-0.0,0.162,normal
2006-12-29,EWY,49.3,49.4,1619505000,32850000.0,0.0,0.0,-657000.0,-657000.0,0.0,0.203,normal
2007-01-03,EWY,48.71,48.73,1600123500,32850000.0,0.0,0.0,-19381500.0,-19381500.0,-0.0,0.041,normal
2007-01-04,EWY,47.96,48.19,1575486000,32850000.0,0.0,0.0,-24637500.0,-24637500.0,0.0,0.48,normal
2007-01-05,EWY,47.51,47.03,1560703500,32850000.0,0.0,0.0,-14782500.0,-14782500.0,0.0,-1.01,normal
2007-01-08,EWY,46.84,47.12,1538694000,32850000.0,0.0,0.0,-22009500.0,-22009500.0,-0.0,0.598,normal
2007-01-09,EWY,46.88,46.6,1540008000,32850000.0,0.0,0.0,1314000.0,1314000.0,0.0,-0.597,normal
2007-01-10,EWY,46.25,46.45,1519312500,32850000.0,0.0,0.0,-20695500.0,-20695500.0,0.0,0.432,normal
2007-01-11,EWY,46.61,46.81,1521816500,32650000.0,-200000.0,-9322000.0,11826000.0,2504000.0,0.0,0.429,normal
2007-01-12,EWY,47.47,47.86,1549895500,32650000.0,0.0,0.0,28079000.0,28079000.0,0.0,0.822,normal
2007-01-16,EWY,48.02,48.01,1567853000,32650000.0,0.0,0.0,17957500.0,17957500.0,-0.0,-0.021,normal
2007-01-17,EWY,47.63,47.62,1555119500,32650000.0,0.0,0.0,-12733500.0,-12733500.0,0.0,-0.021,normal
2007-01-18,EWY,47.75,47.35,1559037500,32650000.0,0.0,0.0,3918000.0,3918000.0,0.0,-0.838,normal
2007-01-19,EWY,47.08,47.47,1537162000,32650000.0,0.0,0.0,-21875500.0,-21875500.0,0.0,0.828,normal
2007-01-22,EWY,47.02,47.0,1535203000,32650000.0,0.0,0.0,-1959000.0,-1959000.0,-0.0,-0.043,normal
2007-01-23,EWY,47.17,47.57,1540100500,32650000.0,0.0,0.0,4897500.0,4897500.0,0.0,0.848,normal
2007-01-24,EWY,48.03,48.6,1604202000,33400000.0,750000.0,36022500.0,28079000.0,64101500.0,0.0,1.187,normal
2007-01-25,EWY,47.98,47.32,1612128000,33600000.0,200000.0,9596000.0,-1670000.0,7926000.0,0.0,-1.376,normal
2007-01-26,EWY,47.33,47.49,1590288000,33600000.0,0.0,0.0,-21840000.0,-21840000.0,-0.0,0.338,normal
2007-01-29,EWY,47.11,47.04,1582896000,33600000.0,0.0,0.0,-7392000.0,-7392000.0,-0.0,-0.149,normal
2007-01-30,EWY,47.27,47.44,1569364000,33200000.0,-400000.0,-18908000.0,5376000.0,-13532000.0,-0.0,0.36,normal
2007-01-31,EWY,47.04,47.31,1561728000,33200000.0,0.0,0.0,-7636000.0,-7636000.0,0.0,0.574,normal
2007-02-01,EWY,48.12,48.55,1607208000,33400000.0,200000.0,9624000.0,35856000.0,45480000.0,0.0,0.894,normal
2007-02-02,EWY,49.25,49.07,1654800000,33600000.0,200000.0,9850000.0,37742000.0,47592000.0,-0.0,-0.365,normal
2007-02-05,EWY,49.44,49.34,1690848000,34200000.0,600000.0,29664000.0,6384000.0,36048000.0,0.0,-0.202,normal
2007-02-06,EWY,49.95,50.0,1708290000,34200000.0,0.0,0.0,17442000.0,17442000.0,-0.0,0.1,normal
2007-02-07,EWY,49.78,49.72,1702476000,34200000.0,0.0,0.0,-5814000.0,-5814000.0,0.0,-0.12,normal
2007-02-08,EWY,49.45,49.45,1691190000,34200000.0,0.0,0.0,-11286000.0,-11286000.0,-0.0,0.0,normal
2007-02-09,EWY,49.9,49.2,1706580000,34200000.0,0.0,0.0,15390000.0,15390000.0,0.0,-1.403,normal
2007-02-12,EWY,49.23,49.06,1683666000,34200000.0,0.0,0.0,-22914000.0,-22914000.0,0.0,-0.345,normal
2007-02-13,EWY,49.16,49.66,1681272000,34200000.0,0.0,0.0,-2394000.0,-2394000.0,0.0,1.017,normal
2007-02-14,EWY,49.86,50.43,1685268000,33800000.0,-400000.0,-19944000.0,23940000.0,3996000.0,-0.0,1.143,normal
2007-02-15,EWY,50.48,50.53,1706224000,33800000.0,0.0,0.0,20956000.0,20956000.0,0.0,0.099,normal
2007-02-16,EWY,50.78,50.92,1716364000,33800000.0,0.0,0.0,10140000.0,10140000.0,-0.0,0.276,normal
2007-02-20,EWY,50.88,51.05,1719744000,33800000.0,0.0,0.0,3380000.0,3380000.0,-0.0,0.334,normal
2007-02-21,EWY,50.89,51.19,1720082000,33800000.0,0.0,0.0,338000.0,338000.0,0.0,0.59,normal
2007-02-22,EWY,51.33,51.46,1734954000,33800000.0,0.0,0.0,14872000.0,14872000.0,0.0,0.253,normal
2007-02-23,EWY,51.54,51.38,1742052000,33800000.0,0.0,0.0,7098000.0,7098000.0,-0.0,-0.31,normal
2007-02-26,EWY,51.44,51.3,1738672000,33800000.0,0.0,0.0,-3380000.0,-3380000.0,0.0,-0.272,normal
2007-02-27,EWY,50.86,48.03,1719068000,33800000.0,0.0,0.0,-19604000.0,-19604000.0,-0.0,-5.564,normal
2007-02-28,EWY,49.41,48.99,1670058000,33800000.0,0.0,0.0,-49010000.0,-49010000.0,0.0,-0.85,normal
2007-03-01,EWY,49.4,48.24,1667250000,33750000.0,-50000.0,-2470000.0,-338000.0,-2808000.0,-0.0,-2.348,normal
2007-03-02,EWY,49.3,47.72,1663875000,33750000.0,0.0,0.0,-3375000.0,-3375000.0,0.0,-3.205,normal
2007-03-05,EWY,47.45,47.03,1601437500,33750000.0,0.0,0.0,-62437500.0,-62437500.0,-0.0,-0.885,normal
2007-03-06,EWY,48.56,49.15,1629188000,33550000.0,-200000.0,-9712000.0,37462500.0,27750500.0,0.0,1.215,normal
2007-03-07,EWY,48.83,48.6,1623597500,33250000.0,-300000.0,-14649000.0,9058500.0,-5590500.0,0.0,-0.471,normal
2007-03-08,EWY,49.3,49.69,1639225000,33250000.0,0.0,0.0,15627500.0,15627500.0,0.0,0.791,normal
2007-03-09,EWY,49.5,49.32,1645875000,33250000.0,0.0,0.0,6650000.0,6650000.0,-0.0,-0.364,normal
2007-03-12,EWY,50.38,50.32,1675135000,33250000.0,0.0,0.0,29260000.0,29260000.0,-0.0,-0.119,normal
2007-03-13,EWY,50.17,48.62,1668152500,33250000.0,0.0,0.0,-6982500.0,-6982500.0,0.0,-3.09,normal
2007-03-14,EWY,48.91,49.35,1626257500,33250000.0,0.0,0.0,-41895000.0,-41895000.0,0.0,0.9,normal
2007-03-15,EWY,49.69,49.66,1652192500,33250000.0,0.0,0.0,25935000.0,25935000.0,-0.0,-0.06,normal
2007-03-16,EWY,49.66,49.34,1651195000,33250000.0,0.0,0.0,-997500.0,-997500.0,0.0,-0.644,normal
2007-03-19,EWY,50.16,50.36,1667820000,33250000.0,0.0,0.0,16625000.0,16625000.0,0.0,0.399,normal
2007-03-20,EWY,50.24,50.41,1670480000,33250000.0,0.0,0.0,2660000.0,2660000.0,-0.0,0.338,normal
2007-03-21,EWY,50.44,51.69,1677130000,33250000.0,0.0,0.0,6650000.0,6650000.0,0.0,2.478,normal
2007-03-22,EWY,50.73,50.65,1686772500,33250000.0,0.0,0.0,9642500.0,9642500.0,0.0,-0.158,normal
2007-03-23,EWY,50.65,50.66,1684112500,33250000.0,0.0,0.0,-2660000.0,-2660000.0,-0.0,0.02,normal
2007-03-26,EWY,50.64,50.62,1683780000,33250000.0,0.0,0.0,-332500.0,-332500.0,-0.0,-0.04,normal
2007-03-27,EWY,50.58,50.18,1681785000,33250000.0,0.0,0.0,-1995000.0,-1995000.0,0.0,-0.791,normal
2007-03-28,EWY,50.25,49.75,1670812500,33250000.0,0.0,0.0,-10972500.0,-10972500.0,-0.0,-0.995,normal
2007-03-29,EWY,50.65,50.87,1684112500,33250000.0,0.0,0.0,13300000.0,13300000.0,0.0,0.434,normal
2007-03-30,EWY,50.64,50.57,1673652000,33050000.0,-200000.0,-10128000.0,-332500.0,-10460500.0,-0.0,-0.138,normal
2007-04-02,EWY,51.08,51.35,1688194000,33050000.0,0.0,0.0,14542000.0,14542000.0,0.0,0.529,normal
2007-04-03,EWY,51.37,52.12,1697778500,33050000.0,0.0,0.0,9584500.0,9584500.0,0.0,1.46,normal
2007-04-04,EWY,52.18,52.25,1724549000,33050000.0,0.0,0.0,26770500.0,26770500.0,-0.0,0.134,normal
2007-04-05,EWY,52.21,52.43,1725540500,33050000.0,0.0,0.0,991500.0,991500.0,-0.0,0.421,normal
2007-04-09,EWY,52.61,52.74,1738760500,33050000.0,0.0,0.0,13220000.0,13220000.0,0.0,0.247,normal
2007-04-10,EWY,52.41,52.68,1732150500,33050000.0,0.0,0.0,-6610000.0,-6610000.0,0.0,0.515,normal
2007-04-11,EWY,53.08,52.57,1754294000,33050000.0,0.0,0.0,22143500.0,22143500.0,-0.0,-0.961,normal
2007-04-12,EWY,53.38,53.82,1764209000,33050000.0,0.0,0.0,9915000.0,9915000.0,-0.0,0.824,normal
2007-04-13,EWY,53.28,53.78,1760904000,33050000.0,0.0,0.0,-3305000.0,-3305000.0,0.0,0.938,normal
2007-04-16,EWY,53.41,54.0,1765200500,33050000.0,0.0,0.0,4296500.0,4296500.0,0.0,1.105,normal
2007-04-17,EWY,53.38,53.49,1764209000,33050000.0,0.0,0.0,-991500.0,-991500.0,-0.0,0.206,normal
2007-04-18,EWY,53.47,53.55,1775204000,33200000.0,150000.0,8020500.0,2974500.0,10995000.0,0.0,0.15,normal
2007-04-19,EWY,52.62,53.07,1760139000,33450000.0,250000.0,13155000.0,-28220000.0,-15065000.0,0.0,0.855,normal
2007-04-20,EWY,53.48,53.89,1788906000,33450000.0,0.0,0.0,28767000.0,28767000.0,0.0,0.767,normal
2007-04-23,EWY,53.85,53.71,1822822500,33850000.0,400000.0,21540000.0,12376500.0,33916500.0,-0.0,-0.26,normal
2007-04-24,EWY,54.13,53.96,1832300500,33850000.0,0.0,0.0,9478000.0,9478000.0,-0.0,-0.314,normal
2007-04-25,EWY,53.68,54.15,1827804000,34050000.0,200000.0,10736000.0,-15232500.0,-4496500.0,0.0,0.876,normal
2007-04-26,EWY,54.09,54.01,1841764500,34050000.0,0.0,0.0,13960500.0,13960500.0,-0.0,-0.148,normal
2007-04-27,EWY,53.68,53.56,1865380000,34750000.0,700000.0,37576000.0,-13960500.0,23615500.0,0.0,-0.224,normal
2007-04-30,EWY,53.68,53.06,1865380000,34750000.0,0.0,0.0,0.0,0.0,0.0,-1.155,normal
2007-05-01,EWY,53.64,53.5,1863990000,34750000.0,0.0,0.0,-1390000.0,-1390000.0,-0.0,-0.261,normal
2007-05-02,EWY,54.14,54.52,1881365000,34750000.0,0.0,0.0,17375000.0,17375000.0,0.0,0.702,normal
2007-05-03,EWY,54.55,55.0,1895612500,34750000.0,0.0,0.0,14247500.0,14247500.0,0.0,0.825,normal
2007-05-04,EWY,54.74,54.65,1902215000,34750000.0,0.0,0.0,6602500.0,6602500.0,-0.0,-0.164,normal
2007-05-07,EWY,55.59,55.41,1981783500,35650000.0,900000.0,50031000.0,29537500.0,79568500.0,-0.0,-0.324,normal
2007-05-08,EWY,55.69,55.35,1985348500,35650000.0,0.0,0.0,3565000.0,3565000.0,0.0,-0.611,normal
2007-05-09,EWY,55.84,56.21,1990696000,35650000.0,0.0,0.0,5347500.0,5347500.0,-0.0,0.663,normal
2007-05-10,EWY,55.94,55.0,1994261000,35650000.0,0.0,0.0,3565000.0,3565000.0,0.0,-1.68,normal
2007-05-11,EWY,55.84,56.4,1990696000,35650000.0,0.0,0.0,-3565000.0,-3565000.0,-0.0,1.003,normal
2007-05-14,EWY,56.12,55.85,2000678000,35650000.0,0.0,0.0,9982000.0,9982000.0,0.0,-0.481,normal
2007-05-15,EWY,55.62,55.55,1982853000,35650000.0,0.0,0.0,-17825000.0,-17825000.0,0.0,-0.126,normal
2007-05-16,EWY,55.96,56.68,1994974000,35650000.0,0.0,0.0,12121000.0,12121000.0,-0.0,1.287,normal
2007-05-17,EWY,56.14,56.1,2001391000,35650000.0,0.0,0.0,6417000.0,6417000.0,0.0,-0.071,normal
2007-05-18,EWY,55.54,55.91,1980001000,35650000.0,0.0,0.0,-21390000.0,-21390000.0,0.0,0.666,normal
2007-05-21,EWY,56.25,56.3,2005312500,35650000.0,0.0,0.0,25311500.0,25311500.0,-0.0,0.089,normal
2007-05-22,EWY,57.03,56.87,2033119500,35650000.0,0.0,0.0,27807000.0,27807000.0,-0.0,-0.281,normal
2007-05-23,EWY,57.02,56.8,2032763000,35650000.0,0.0,0.0,-356500.0,-356500.0,-0.0,-0.386,normal
2007-05-24,EWY,57.01,55.8,2032406500,35650000.0,0.0,0.0,-356500.0,-356500.0,0.0,-2.122,normal
2007-05-25,EWY,56.9,56.9,2028485000,35650000.0,0.0,0.0,-3921500.0,-3921500.0,-0.0,0.0,normal
2007-05-29,EWY,57.16,56.95,2037754000,35650000.0,0.0,0.0,9269000.0,9269000.0,0.0,-0.367,normal
2007-05-30,EWY,56.8,57.45,2024920000,35650000.0,0.0,0.0,-12834000.0,-12834000.0,-0.0,1.144,normal
2007-05-31,EWY,58.21,58.1,2075186500,35650000.0,0.0,0.0,50266500.0,50266500.0,-0.0,-0.189,normal
2007-06-01,EWY,59.1,59.25,2106915000,35650000.0,0.0,0.0,31728500.0,31728500.0,-0.0,0.254,normal
2007-06-04,EWY,60.09,60.05,2142208500,35650000.0,0.0,0.0,35293500.0,35293500.0,-0.0,-0.067,normal
2007-06-05,EWY,60.15,59.8,2144347500,35650000.0,0.0,0.0,2139000.0,2139000.0,0.0,-0.582,normal
2007-06-06,EWY,60.2,58.96,2146130000,35650000.0,0.0,0.0,1782500.0,1782500.0,-0.0,-2.06,normal
2007-06-07,EWY,60.34,58.7,2151121000,35650000.0,0.0,0.0,4991000.0,4991000.0,-0.0,-2.718,normal
2007-06-08,EWY,59.2,59.9,2110480000,35650000.0,0.0,0.0,-40641000.0,-40641000.0,0.0,1.182,normal
2007-06-11,EWY,58.93,59.29,2100854500,35650000.0,0.0,0.0,-9625500.0,-9625500.0,0.0,0.611,normal
2007-06-12,EWY,59.57,58.78,2123670500,35650000.0,0.0,0.0,22816000.0,22816000.0,-0.0,-1.326,normal
2007-06-13,EWY,59.2,59.91,2110480000,35650000.0,0.0,0.0,-13190500.0,-13190500.0,-0.0,1.199,normal
2007-06-14,EWY,61.03,61.27,2175719500,35650000.0,0.0,0.0,65239500.0,65239500.0,0.0,0.393,normal
2007-06-15,EWY,61.12,61.9,2178928000,35650000.0,0.0,0.0,3208500.0,3208500.0,0.0,1.276,normal
2007-06-18,EWY,62.21,62.18,2217786500,35650000.0,0.0,0.0,38858500.0,38858500.0,-0.0,-0.048,normal
2007-06-19,EWY,62.13,62.35,2214934500,35650000.0,0.0,0.0,-2852000.0,-2852000.0,-0.0,0.354,normal
2007-06-20,EWY,61.45,61.24,2190692500,35650000.0,0.0,0.0,-24242000.0,-24242000.0,-0.0,-0.342,normal
2007-06-21,EWY,61.61,62.22,2196396500,35650000.0,0.0,0.0,5704000.0,5704000.0,0.0,0.99,normal
2007-06-22,EWY,60.78,60.49,2166807000,35650000.0,0.0,0.0,-29589500.0,-29589500.0,-0.0,-0.477,normal
2007-06-25,EWY,60.54,60.35,2158251000,35650000.0,0.0,0.0,-8556000.0,-8556000.0,0.0,-0.314,normal
2007-06-26,EWY,60.32,59.71,2174536000,36050000.0,400000.0,24128000.0,-7843000.0,16285000.0,-0.0,-1.011,normal
2007-06-27,EWY,59.62,60.24,2149301000,36050000.0,0.0,0.0,-25235000.0,-25235000.0,0.0,1.04,normal
2007-06-28,EWY,60.24,60.45,2171652000,36050000.0,0.0,0.0,22351000.0,22351000.0,-0.0,0.349,normal
2007-06-29,EWY,60.04,60.3,2164442000,36050000.0,0.0,0.0,-7210000.0,-7210000.0,0.0,0.433,normal
2007-07-02,EWY,61.11,62.01,2203015500,36050000.0,0.0,0.0,38573500.0,38573500.0,-0.0,1.473,normal
2007-07-03,EWY,62.57,62.85,2255648500,36050000.0,0.0,0.0,52633000.0,52633000.0,-0.0,0.448,normal
2007-07-05,EWY,63.57,63.83,2291698500,36050000.0,0.0,0.0,36050000.0,36050000.0,0.0,0.409,normal
2007-07-06,EWY,64.45,65.2,2323422500,36050000.0,0.0,0.0,31724000.0,31724000.0,-0.0,1.164,normal
2007-07-09,EWY,65.26,65.66,2352623000,36050000.0,0.0,0.0,29200500.0,29200500.0,-0.0,0.613,normal
2007-07-10,EWY,65.58,64.79,2396949000,36550000.0,500000.0,32790000.0,11536000.0,44326000.0,0.0,-1.205,normal
2007-07-11,EWY,65.34,65.49,2388177000,36550000.0,0.0,0.0,-8772000.0,-8772000.0,-0.0,0.23,normal
2007-07-12,EWY,66.17,67.5,2418513500,36550000.0,0.0,0.0,30336500.0,30336500.0,0.0,2.01,normal
2007-07-13,EWY,68.48,68.6,2502944000,36550000.0,0.0,0.0,84430500.0,84430500.0,-0.0,0.175,normal
2007-07-16,EWY,67.58,67.65,2470049000,36550000.0,0.0,0.0,-32895000.0,-32895000.0,0.0,0.104,normal
2007-07-17,EWY,67.6,67.7,2470780000,36550000.0,0.0,0.0,731000.0,731000.0,0.0,0.148,normal
2007-07-18,EWY,66.8,66.75,2441540000,36550000.0,0.0,0.0,-29240000.0,-29240000.0,-0.0,-0.075,normal
2007-07-19,EWY,67.09,67.43,2452139500,36550000.0,0.0,0.0,10599500.0,10599500.0,-0.0,0.507,normal
2007-07-20,EWY,68.68,67.87,2510254000,36550000.0,0.0,0.0,58114500.0,58114500.0,-0.0,-1.179,normal
2007-07-23,EWY,68.93,69.4,2519391500,36550000.0,0.0,0.0,9137500.0,9137500.0,0.0,0.682,normal
2007-07-24,EWY,69.01,67.95,2539568000,36800000.0,250000.0,17252500.0,2924000.0,20176500.0,0.0,-1.536,normal
2007-07-25,EWY,69.82,68.95,2590322000,37100000.0,300000.0,20946000.0,29808000.0,50754000.0,0.0,-1.246,normal
2007-07-26,EWY,67.87,65.4,2517977000,37100000.0,0.0,0.0,-72345000.0,-72345000.0,-0.0,-3.639,normal
2007-07-27,EWY,64.84,64.15,2405564000,37100000.0,0.0,0.0,-112413000.0,-112413000.0,0.0,-1.064,normal
2007-07-30,EWY,65.6,66.6,2456720000,37450000.0,350000.0,22960000.0,28196000.0,51156000.0,0.0,1.524,normal
2007-07-31,EWY,66.59,65.97,2533749500,38050000.0,600000.0,39954000.0,37075500.0,77029500.0,-0.0,-0.931,normal
2007-08-01,EWY,63.47,64.4,2434074500,38350000.0,300000.0,19041000.0,-118716000.0,-99675000.0,0.0,1.465,normal
2007-08-02,EWY,63.45,64.33,2487240000,39200000.0,850000.0,53932500.0,-767000.0,53165500.0,-0.0,1.387,normal
2007-08-03,EWY,64.28,62.03,2519776000,39200000.0,0.0,0.0,32536000.0,32536000.0,0.0,-3.5,normal
2007-08-06,EWY,63.34,64.35,2482928000,39200000.0,0.0,0.0,-36848000.0,-36848000.0,-0.0,1.595,normal
2007-08-07,EWY,63.44,64.56,2486848000,39200000.0,0.0,0.0,3920000.0,3920000.0,0.0,1.765,normal
2007-08-08,EWY,64.85,66.21,2542120000,39200000.0,0.0,0.0,55272000.0,55272000.0,0.0,2.097,normal
2007-08-09,EWY,65.21,63.0,2556232000,39200000.0,0.0,0.0,14112000.0,14112000.0,0.0,-3.389,normal
2007-08-10,EWY,61.74,62.15,2426382000,39300000.0,100000.0,6174000.0,-136024000.0,-129850000.0,-0.0,0.664,normal
2007-08-13,EWY,62.79,62.3,2467647000,39300000.0,0.0,0.0,41265000.0,41265000.0,0.0,-0.78,normal
2007-08-14,EWY,61.75,60.4,2426775000,39300000.0,0.0,0.0,-40872000.0,-40872000.0,-0.0,-2.186,normal
2007-08-15,EWY,61.73,58.47,2425989000,39300000.0,0.0,0.0,-786000.0,-786000.0,0.0,-5.281,normal
2007-08-16,EWY,56.95,56.28,2238135000,39300000.0,0.0,0.0,-187854000.0,-187854000.0,-0.0,-1.177,normal
2007-08-17,EWY,54.98,58.5,2155216000,39200000.0,-100000.0,-5498000.0,-77421000.0,-82919000.0,0.0,6.402,normal
2007-08-20,EWY,58.4,58.64,2248400000,38500000.0,-700000.0,-40880000.0,134064000.0,93184000.0,-0.0,0.411,normal
2007-08-21,EWY,58.55,58.18,2254175000,38500000.0,0.0,0.0,5775000.0,5775000.0,0.0,-0.632,normal
2007-08-22,EWY,59.28,60.76,2282280000,38500000.0,0.0,0.0,28105000.0,28105000.0,-0.0,2.497,normal
2007-08-23,EWY,60.92,60.87,2327144000,38200000.0,-300000.0,-18276000.0,63140000.0,44864000.0,-0.0,-0.082,normal
2007-08-24,EWY,60.54,62.14,2312628000,38200000.0,0.0,0.0,-14516000.0,-14516000.0,0.0,2.643,normal
2007-08-27,EWY,61.2,60.85,2337840000,38200000.0,0.0,0.0,25212000.0,25212000.0,-0.0,-0.572,normal
2007-08-28,EWY,61.99,59.55,2368018000,38200000.0,0.0,0.0,30178000.0,30178000.0,0.0,-3.936,normal
2007-08-29,EWY,61.69,63.12,2356558000,38200000.0,0.0,0.0,-11460000.0,-11460000.0,0.0,2.318,normal
2007-08-30,EWY,62.35,62.4,2381770000,38200000.0,0.0,0.0,25212000.0,25212000.0,-0.0,0.08,normal
2007-08-31,EWY,63.6,64.1,2429520000,38200000.0,0.0,0.0,47750000.0,47750000.0,0.0,0.786,normal
2007-09-04,EWY,63.59,64.7,2429138000,38200000.0,0.0,0.0,-382000.0,-382000.0,-0.0,1.746,normal
2007-09-05,EWY,63.44,63.2,2423408000,38200000.0,0.0,0.0,-5730000.0,-5730000.0,0.0,-0.378,normal
2007-09-06,EWY,64.22,64.36,2453204000,38200000.0,0.0,0.0,29796000.0,29796000.0,-0.0,0.218,normal
2007-09-07,EWY,64.12,62.67,2449384000,38200000.0,0.0,0.0,-3820000.0,-3820000.0,-0.0,-2.261,normal
2007-09-10,EWY,62.37,62.28,2395008000,38400000.0,200000.0,12474000.0,-66850000.0,-54376000.0,0.0,-0.144,normal
2007-09-11,EWY,63.04,63.61,2420736000,38400000.0,0.0,0.0,25728000.0,25728000.0,-0.0,0.904,normal
2007-09-12,EWY,62.06,62.89,2383104000,38400000.0,0.0,0.0,-37632000.0,-37632000.0,-0.0,1.337,normal
2007-09-13,EWY,63.36,64.24,2433024000,38400000.0,0.0,0.0,49920000.0,49920000.0,0.0,1.389,normal
2007-09-14,EWY,64.25,64.52,2473625000,38500000.0,100000.0,6425000.0,34176000.0,40601000.0,-0.0,0.42,normal
2007-09-17,EWY,64.22,64.02,2472470000,38500000.0,0.0,0.0,-1155000.0,-1155000.0,0.0,-0.311,normal
2007-09-18,EWY,63.02,66.29,2426270000,38500000.0,0.0,0.0,-46200000.0,-46200000.0,-0.0,5.189,normal
2007-09-19,EWY,65.86,67.42,2535610000,38500000.0,0.0,0.0,109340000.0,109340000.0,0.0,2.369,normal
2007-09-20,EWY,66.48,66.6,2566128000,38600000.0,100000.0,6648000.0,23870000.0,30518000.0,-0.0,0.18,normal
2007-09-21,EWY,66.65,67.56,2656002500,39850000.0,1250000.0,83312500.0,6562000.0,89874500.0,-0.0,1.365,normal
2007-09-24,EWY,66.65,68.1,2692660000,40400000.0,550000.0,36657500.0,0.0,36657500.0,0.0,2.175,normal
2007-09-25,EWY,66.65,67.38,2692660000,40400000.0,0.0,0.0,0.0,0.0,0.0,1.095,normal
2007-09-26,EWY,66.65,68.32,2692660000,40400000.0,0.0,0.0,0.0,0.0,0.0,2.506,normal
2007-09-27,EWY,67.77,68.9,2737908000,40400000.0,0.0,0.0,45248000.0,45248000.0,0.0,1.667,normal
2007-09-28,EWY,68.36,68.06,2799342000,40950000.0,550000.0,37598000.0,23836000.0,61434000.0,-0.0,-0.439,normal
2007-10-01,EWY,69.11,70.82,2885342500,41750000.0,800000.0,55288000.0,30712500.0,86000500.0,0.0,2.474,normal
2007-10-02,EWY,71.44,71.9,3021912000,42300000.0,550000.0,39292000.0,97277500.0,136569500.0,0.0,0.644,normal
2007-10-03,EWY,71.43,70.55,3071490000,43000000.0,700000.0,50001000.0,-423000.0,49578000.0,-0.0,-1.232,normal
2007-10-04,EWY,70.47,70.93,3030210000,43000000.0,0.0,0.0,-41280000.0,-41280000.0,0.0,0.653,normal
2007-10-05,EWY,70.12,71.94,3029184000,43200000.0,200000.0,14024000.0,-15050000.0,-1026000.0,-0.0,2.596,normal
2007-10-08,EWY,71.03,71.2,3121768500,43950000.0,750000.0,53272500.0,39312000.0,92584500.0,0.0,0.239,normal
2007-10-09,EWY,70.77,72.0,3145726500,44450000.0,500000.0,35385000.0,-11427000.0,23958000.0,0.0,1.738,normal
2007-10-10,EWY,71.88,72.22,3205848000,44600000.0,150000.0,10782000.0,49339500.0,60121500.0,0.0,0.473,normal
2007-10-11,EWY,72.41,72.0,3280173000,45300000.0,700000.0,50687000.0,23638000.0,74325000.0,-0.0,-0.566,normal
2007-10-12,EWY,71.07,72.05,3226578000,45400000.0,100000.0,7107000.0,-60702000.0,-53595000.0,0.0,1.379,normal
2007-10-15,EWY,71.17,70.51,3277378500,46050000.0,650000.0,46260500.0,4540000.0,50800500.0,-0.0,-0.927,normal
2007-10-16,EWY,69.93,68.6,3234262500,46250000.0,200000.0,13986000.0,-57102000.0,-43116000.0,-0.0,-1.902,normal
2007-10-17,EWY,68.94,69.6,3202263000,46450000.0,200000.0,13788000.0,-45787500.0,-31999500.0,0.0,0.957,normal
2007-10-18,EWY,69.8,70.15,3301540000,47300000.0,850000.0,59330000.0,39947000.0,99277000.0,0.0,0.501,normal
2007-10-19,EWY,68.77,67.45,3270013500,47550000.0,250000.0,17192500.0,-48719000.0,-31526500.0,0.0,-1.919,normal
2007-10-22,EWY,66.37,67.17,3169167500,47750000.0,200000.0,13274000.0,-114120000.0,-100846000.0,-0.0,1.205,normal
2007-10-23,EWY,67.59,68.62,3237561000,47900000.0,150000.0,10138500.0,58255000.0,68393500.0,0.0,1.524,normal
2007-10-24,EWY,67.31,67.81,3224149000,47900000.0,0.0,0.0,-13412000.0,-13412000.0,0.0,0.743,normal
2007-10-25,EWY,69.16,69.95,3319680000,48000000.0,100000.0,6916000.0,88615000.0,95531000.0,0.0,1.142,normal
2007-10-26,EWY,71.34,73.11,3477825000,48750000.0,750000.0,53505000.0,104640000.0,158145000.0,-0.0,2.481,normal
2007-10-29,EWY,72.86,74.16,3591998000,49300000.0,550000.0,40073000.0,74100000.0,114173000.0,0.0,1.784,normal
2007-10-30,EWY,72.27,72.25,3602659500,49850000.0,550000.0,39748500.0,-29087000.0,10661500.0,0.0,-0.028,normal
2007-10-31,EWY,73.25,74.76,3710112500,50650000.0,800000.0,58600000.0,48853000.0,107453000.0,-0.0,2.061,normal
2007-11-01,EWY,72.78,71.34,3777282000,51900000.0,1250000.0,90975000.0,-23805500.0,67169500.0,-0.0,-1.979,normal
2007-11-02,EWY,71.0,71.4,3777200000,53200000.0,1300000.0,92300000.0,-92382000.0,-82000.0,0.0,0.563,normal
2007-11-05,EWY,70.73,70.01,3815883500,53950000.0,750000.0,53047500.0,-14364000.0,38683500.0,-0.0,-1.018,normal
2007-11-06,EWY,72.21,73.85,3910171500,54150000.0,200000.0,14442000.0,79846000.0,94288000.0,0.0,2.271,normal
2007-11-07,EWY,72.34,70.9,3917211000,54150000.0,0.0,0.0,7039500.0,7039500.0,-0.0,-1.991,normal
2007-11-08,EWY,69.47,69.54,3800009000,54700000.0,550000.0,38208500.0,-155410500.0,-117202000.0,0.0,0.101,normal
2007-11-09,EWY,70.19,68.66,3846412000,54800000.0,100000.0,7019000.0,39384000.0,46403000.0,0.0,-2.18,normal
2007-11-12,EWY,67.72,65.63,3727986000,55050000.0,250000.0,16930000.0,-135356000.0,-118426000.0,-0.0,-3.086,normal
2007-11-13,EWY,67.49,69.69,3715324500,55050000.0,0.0,0.0,-12661500.0,-12661500.0,0.0,3.26,normal
2007-11-14,EWY,69.44,69.49,3822672000,55050000.0,0.0,0.0,107347500.0,107347500.0,-0.0,0.072,normal
2007-11-15,EWY,68.53,67.64,3772576500,55050000.0,0.0,0.0,-50095500.0,-50095500.0,-0.0,-1.299,normal
2007-11-16,EWY,67.46,67.94,3713673000,55050000.0,0.0,0.0,-58903500.0,-58903500.0,0.0,0.712,normal
2007-11-19,EWY,66.1,64.97,3638805000,55050000.0,0.0,0.0,-74868000.0,-74868000.0,-0.0,-1.71,normal
2007-11-20,EWY,65.11,65.3,3590816500,55150000.0,100000.0,6511000.0,-54499500.0,-47988500.0,-0.0,0.292,normal
2007-11-21,EWY,62.54,61.61,3449081000,55150000.0,0.0,0.0,-141735500.0,-141735500.0,0.0,-1.487,normal
2007-11-23,EWY,61.87,62.4,3412130500,55150000.0,0.0,0.0,-36950500.0,-36950500.0,0.0,0.857,normal
2007-11-26,EWY,64.59,62.2,3562138500,55150000.0,0.0,0.0,150008000.0,150008000.0,-0.0,-3.7,normal
2007-11-27,EWY,64.42,64.6,3552763000,55150000.0,0.0,0.0,-9375500.0,-9375500.0,0.0,0.279,normal
2007-11-28,EWY,63.47,66.4,3500370500,55150000.0,0.0,0.0,-52392500.0,-52392500.0,0.0,4.616,normal
2007-11-29,EWY,65.26,65.42,3599089000,55150000.0,0.0,0.0,98718500.0,98718500.0,-0.0,0.245,normal
2007-11-30,EWY,66.15,66.33,3648172500,55150000.0,0.0,0.0,49083500.0,49083500.0,-0.0,0.272,normal
2007-12-03,EWY,65.77,65.83,3683120000,56000000.0,850000.0,55904500.0,-20957000.0,34947500.0,0.0,0.091,normal
2007-12-04,EWY,66.66,65.92,3732960000,56000000.0,0.0,0.0,49840000.0,49840000.0,-0.0,-1.11,normal
2007-12-05,EWY,67.28,68.39,3767680000,56000000.0,0.0,0.0,34720000.0,34720000.0,-0.0,1.65,normal
2007-12-06,EWY,68.23,69.45,3820880000,56000000.0,0.0,0.0,53200000.0,53200000.0,-0.0,1.788,normal
2007-12-07,EWY,67.86,68.41,3813732000,56200000.0,200000.0,13572000.0,-20720000.0,-7148000.0,0.0,0.81,normal
2007-12-10,EWY,66.77,67.41,3762489500,56350000.0,150000.0,10015500.0,-61258000.0,-51242500.0,0.0,0.959,normal
2007-12-11,EWY,67.4,64.96,3818210000,56650000.0,300000.0,20220000.0,35500500.0,55720500.0,-0.0,-3.62,normal
2007-12-12,EWY,67.26,67.5,3810279000,56650000.0,0.0,0.0,-7931000.0,-7931000.0,0.0,0.357,normal
2007-12-13,EWY,67.13,66.4,3802914500,56650000.0,0.0,0.0,-7364500.0,-7364500.0,0.0,-1.087,normal
2007-12-14,EWY,65.7,64.6,3721905000,56650000.0,0.0,0.0,-81009500.0,-81009500.0,-0.0,-1.674,normal
2007-12-17,EWY,63.4889,61.75,3596647715,56650000.0,0.0,0.0,-125257285.0,-125257285.0,0.0,-2.739,normal
2007-12-18,EWY,63.7526,63.5,3611584450,56650000.0,0.0,0.0,14936736.0,14936735.0,-1.0,-0.396,normal
2007-12-19,EWY,63.7484,64.39,3585848681,56250000.0,-400000.0,-25499368.0,-236400.0,-25735769.0,-0.0,1.006,normal
2007-12-20,EWY,62.8414,63.6,3534829088,56250000.0,0.0,0.0,-51019594.0,-51019593.0,1.0,1.207,normal
2007-12-21,EWY,64.3177,65.5,3617870231,56250000.0,0.0,0.0,83041144.0,83041143.0,-1.0,1.838,normal
2007-12-24,EWY,65.5484,66.39,3687098738,56250000.0,0.0,0.0,69228506.0,69228507.0,1.0,1.284,normal
2007-12-26,EWY,65.0951,65.53,3661600781,56250000.0,0.0,0.0,-25497956.0,-25497957.0,-1.0,0.668,normal
2007-12-27,EWY,65.0456,64.75,3658814269,56250000.0,0.0,0.0,-2786512.0,-2786512.0,0.0,-0.454,normal
2007-12-28,EWY,64.7347,65.28,3641328731,56250000.0,0.0,0.0,-17485537.0,-17485538.0,-1.0,0.842,normal
2007-12-31,EWY,64.7527,64.7,3668241248,56650000.0,400000.0,25901086.0,1011431.0,26912517.0,0.0,-0.081,normal
2008-01-02,EWY,63.2049,62.57,3580555772,56650000.0,0.0,0.0,-87685476.0,-87685476.0,-0.0,-1.004,normal
2008-01-03,EWY,63.1597,63.37,3577996608,56650000.0,0.0,0.0,-2559164.0,-2559164.0,-0.0,0.333,normal
2008-01-04,EWY,63.2636,61.0,3583883676,56650000.0,0.0,0.0,5887068.0,5887068.0,-0.0,-3.578,normal
2008-01-07,EWY,61.8803,61.5,3505516276,56650000.0,0.0,0.0,-78367401.0,-78367400.0,1.0,-0.615,normal
2008-01-08,EWY,61.714,60.85,3496099743,56650000.0,0.0,0.0,-9416533.0,-9416533.0,-0.0,-1.4,normal
2008-01-09,EWY,62.424,62.22,3536319034,56650000.0,0.0,0.0,40219291.0,40219291.0,0.0,-0.327,normal
2008-01-10,EWY,61.6118,63.13,3490308357,56650000.0,0.0,0.0,-46010677.0,-46010677.0,-0.0,2.464,normal
2008-01-11,EWY,60.2654,60.34,3414034910,56650000.0,0.0,0.0,-76273447.0,-76273447.0,-0.0,0.124,normal
2008-01-14,EWY,59.8719,60.82,3397727885,56750000.0,100000.0,5987186.0,-22294211.0,-16307025.0,0.0,1.584,normal
2008-01-15,EWY,59.4131,58.25,3398432066,57200000.0,450000.0,26735917.0,-26031736.0,704181.0,0.0,-1.958,normal
2008-01-16,EWY,57.9271,56.99,3313430063,57200000.0,0.0,0.0,-85002003.0,-85002003.0,-0.0,-1.618,normal
2008-01-17,EWY,58.3555,56.66,3337936831,57200000.0,0.0,0.0,24506768.0,24506768.0,-0.0,-2.905,normal
2008-01-18,EWY,58.9093,58.12,3369609729,57200000.0,0.0,0.0,31672898.0,31672898.0,-0.0,-1.34,normal
2008-01-22,EWY,54.1637,56.27,3098162096,57200000.0,0.0,0.0,-271447634.0,-271447633.0,1.0,3.889,normal
2008-01-23,EWY,54.9592,56.49,3143665039,57200000.0,0.0,0.0,45502943.0,45502943.0,-0.0,2.785,normal
2008-01-24,EWY,56.3091,56.95,3220880463,57200000.0,0.0,0.0,77215424.0,77215424.0,-0.0,1.138,normal
2008-01-25,EWY,57.542,56.68,3291402000,57200000.0,0.0,0.0,70521537.0,70521537.0,0.0,-1.498,normal
2008-01-28,EWY,55.0016,56.16,3146090548,57200000.0,0.0,0.0,-145311452.0,-145311452.0,0.0,2.106,normal
2008-01-29,EWY,55.9303,56.48,3199211844,57200000.0,0.0,0.0,53121297.0,53121296.0,-1.0,0.983,normal
2008-01-30,EWY,54.4365,54.72,3113768715,57200000.0,0.0,0.0,-85443129.0,-85443129.0,0.0,0.521,normal
2008-01-31,EWY,55.8529,56.65,3194785251,57200000.0,0.0,0.0,81016536.0,81016536.0,0.0,1.427,normal
2008-02-01,EWY,56.2558,57.55,3217829129,57200000.0,0.0,0.0,23043878.0,23043878.0,-0.0,2.301,normal
2008-02-04,EWY,58.6646,58.23,3355616150,57200000.0,0.0,0.0,137787021.0,137787021.0,0.0,-0.741,normal
2008-02-05,EWY,58.7918,55.86,3362893820,57200000.0,0.0,0.0,7277670.0,7277670.0,-0.0,-4.987,normal
2008-02-06,EWY,58.7751,54.94,3361936864,57200000.0,0.0,0.0,-956956.0,-956956.0,-0.0,-6.525,normal
2008-02-07,EWY,58.7848,55.74,3362489359,57200000.0,0.0,0.0,552495.0,552495.0,0.0,-5.179,normal
2008-02-08,EWY,58.793,56.4,3362957026,57200000.0,0.0,0.0,467667.0,467667.0,-0.0,-4.07,normal
2008-02-11,EWY,56.3409,56.6,3222699137,57200000.0,0.0,0.0,-140257889.0,-140257889.0,0.0,0.46,normal
2008-02-12,EWY,56.2883,56.94,3219689788,57200000.0,0.0,0.0,-3009349.0,-3009349.0,0.0,1.158,normal
2008-02-13,EWY,55.8453,56.82,3194352018,57200000.0,0.0,0.0,-25337770.0,-25337770.0,-0.0,1.745,normal
2008-02-14,EWY,58.1894,57.36,3328432936,57200000.0,0.0,0.0,134080918.0,134080918.0,-0.0,-1.425,normal
2008-02-15,EWY,58.0108,57.22,3277608166,56500000.0,-700000.0,-40607535.0,-10217236.0,-50824770.0,0.0,-1.363,normal
2008-02-19,EWY,58.9604,58.34,3331261470,56500000.0,0.0,0.0,53653304.0,53653304.0,0.0,-1.052,normal
2008-02-20,EWY,57.6833,57.86,3259104812,56500000.0,0.0,0.0,-72156659.0,-72156658.0,1.0,0.306,normal
2008-02-21,EWY,58.2557,57.15,3291445298,56500000.0,0.0,0.0,32340487.0,32340486.0,-1.0,-1.898,normal
2008-02-22,EWY,57.5506,57.73,3251606810,56500000.0,0.0,0.0,-39838489.0,-39838488.0,1.0,0.312,normal
2008-02-25,EWY,58.4873,58.85,3304530755,56500000.0,0.0,0.0,52923946.0,52923945.0,-1.0,0.62,normal
2008-02-26,EWY,58.5435,58.95,3307709558,56500000.0,0.0,0.0,3178803.0,3178803.0,0.0,0.694,normal
2008-02-27,EWY,59.2824,59.25,3349453962,56500000.0,0.0,0.0,41744403.0,41744404.0,1.0,-0.055,normal
2008-02-28,EWY,60.0227,59.16,3391280516,56500000.0,0.0,0.0,41826555.0,41826554.0,-1.0,-1.437,normal
2008-02-29,EWY,58.821,56.94,3323383958,56500000.0,0.0,0.0,-67896559.0,-67896558.0,1.0,-3.198,normal
2008-03-03,EWY,56.977,56.88,3219201574,56500000.0,0.0,0.0,-104182384.0,-104182384.0,-0.0,-0.17,normal
2008-03-04,EWY,57.0286,56.5,3222118668,56500000.0,0.0,0.0,2917095.0,2917094.0,-1.0,-0.927,normal
2008-03-05,EWY,56.9489,57.3,3189140696,56000000.0,-500000.0,-28474470.0,-4503502.0,-32977972.0,1.0,0.616,normal
2008-03-06,EWY,57.5801,56.0,3201455951,55600000.0,-400000.0,-23032057.0,35347312.0,12315255.0,0.0,-2.744,normal
2008-03-07,EWY,55.9362,55.03,3087680503,55200000.0,-400000.0,-22374496.0,-91400951.0,-113775448.0,-0.0,-1.62,normal
2008-03-10,EWY,54.3752,53.82,2982477855,54850000.0,-350000.0,-19031308.0,-86171340.0,-105202648.0,0.0,-1.021,normal
2008-03-11,EWY,54.5805,56.16,2993739438,54850000.0,0.0,0.0,11261583.0,11261583.0,0.0,2.894,normal
2008-03-12,EWY,55.1452,54.92,2994383328,54300000.0,-550000.0,-30329850.0,30973740.0,643890.0,-1.0,-0.408,normal
2008-03-13,EWY,53.1479,53.23,2875301444,54100000.0,-200000.0,-10629580.0,-108452304.0,-119081884.0,0.0,0.154,normal
2008-03-14,EWY,51.7824,50.94,2796251814,54000000.0,-100000.0,-5178244.0,-73871386.0,-79049630.0,0.0,-1.627,normal
2008-03-17,EWY,49.4121,49.78,2650960184,53650000.0,-350000.0,-17294242.0,-127997388.0,-145291630.0,-0.0,0.745,normal
2008-03-18,EWY,50.6301,52.0,2706179861,53450000.0,-200000.0,-10126024.0,65345700.0,55219677.0,1.0,2.706,normal
2008-03-19,EWY,52.2045,50.97,2779888933,53250000.0,-200000.0,-10440897.0,84149970.0,73709072.0,-0.0,-2.365,normal
2008-03-20,EWY,52.2357,52.9,2763268953,52900000.0,-350000.0,-18282498.0,1662518.0,-16619980.0,-0.0,1.272,normal
2008-03-24,EWY,53.9586,54.8,2854409464,52900000.0,0.0,0.0,91140511.0,91140511.0,0.0,1.559,normal
2008-03-25,EWY,55.9945,55.32,2962108786,52900000.0,0.0,0.0,107699322.0,107699322.0,0.0,-1.205,normal
2008-03-26,EWY,55.627,55.16,2942670839,52900000.0,0.0,0.0,-19437946.0,-19437947.0,-1.0,-0.84,normal
2008-03-27,EWY,55.4801,54.91,2934897554,52900000.0,0.0,0.0,-7773285.0,-7773285.0,-0.0,-1.028,normal
2008-03-28,EWY,56.0066,55.14,2962750727,52900000.0,0.0,0.0,27853172.0,27853173.0,1.0,-1.547,normal
2008-03-31,EWY,56.304,55.79,2955958425,52500000.0,-400000.0,-22521588.0,15729286.0,-6792302.0,0.0,-0.913,normal
2008-04-01,EWY,56.7606,58.21,2974255388,52400000.0,-100000.0,-5676060.0,23973022.0,18296963.0,0.0,2.554,normal
2008-04-02,EWY,58.9043,58.54,3054186555,51850000.0,-550000.0,-32397350.0,112328518.0,79931167.0,-0.0,-0.618,normal
2008-04-03,EWY,59.588,59.17,3089636037,51850000.0,0.0,0.0,35449482.0,35449482.0,-0.0,-0.701,normal
2008-04-04,EWY,59.6939,59.17,3059311452,51250000.0,-600000.0,-35816329.0,5491745.0,-30324585.0,-0.0,-0.878,normal
2008-04-07,EWY,59.8375,59.66,3033761199,50700000.0,-550000.0,-32910624.0,7360371.0,-25550253.0,0.0,-0.297,normal
2008-04-08,EWY,59.0507,58.75,2976157246,50400000.0,-300000.0,-17715222.0,-39888732.0,-57603953.0,1.0,-0.509,normal
2008-04-09,EWY,59.0421,58.25,2946202686,49900000.0,-500000.0,-29521069.0,-433490.0,-29954560.0,-1.0,-1.342,normal
2008-04-10,EWY,59.4308,59.0,2965597619,49900000.0,0.0,0.0,19394932.0,19394933.0,1.0,-0.725,normal
2008-04-11,EWY,60.1339,58.41,3000682658,49900000.0,0.0,0.0,35085039.0,35085039.0,-0.0,-2.867,normal
2008-04-14,EWY,58.7883,58.33,2910020306,49500000.0,-400000.0,-23515316.0,-67147037.0,-90662352.0,0.0,-0.78,normal
2008-04-15,EWY,58.071,57.79,2851283792,49100000.0,-400000.0,-23228381.0,-35508132.0,-58736514.0,-1.0,-0.484,normal
2008-04-16,EWY,58.3161,58.74,2845826656,48800000.0,-300000.0,-17494836.0,12037700.0,-5457136.0,0.0,0.727,normal
2008-04-17,EWY,58.5636,57.9,2849116902,48650000.0,-150000.0,-8784533.0,12074779.0,3290246.0,-0.0,-1.133,normal
2008-04-18,EWY,58.1529,58.59,2797156366,48100000.0,-550000.0,-31984116.0,-19976420.0,-51960536.0,0.0,0.752,normal
2008-04-21,EWY,59.7176,59.33,2872414155,48100000.0,0.0,0.0,75257789.0,75257789.0,-0.0,-0.649,normal
2008-04-22,EWY,58.9607,58.21,2836007746,48100000.0,0.0,0.0,-36406409.0,-36406409.0,0.0,-1.273,normal
2008-04-23,EWY,59.6408,59.96,2862756192,48000000.0,-100000.0,-5964075.0,32712521.0,26748446.0,-0.0,0.535,normal
2008-04-24,EWY,59.4273,59.93,2849541001,47950000.0,-50000.0,-2971367.0,-10243824.0,-13215191.0,0.0,0.846,normal
2008-04-25,EWY,60.4966,60.6,2900811586,47950000.0,0.0,0.0,51270585.0,51270585.0,-0.0,0.171,normal
2008-04-28,EWY,60.6709,60.47,2909171285,47950000.0,0.0,0.0,8359699.0,8359699.0,0.0,-0.331,normal
2008-04-29,EWY,59.9936,59.5,2876694798,47950000.0,0.0,0.0,-32476487.0,-32476487.0,0.0,-0.823,normal
2008-04-30,EWY,60.3246,60.12,2892564330,47950000.0,0.0,0.0,15869532.0,15869532.0,-0.0,-0.339,normal
2008-05-01,EWY,60.3335,60.98,2892993435,47950000.0,0.0,0.0,429105.0,429105.0,0.0,1.071,normal
2008-05-02,EWY,60.7525,61.35,2913084293,47950000.0,0.0,0.0,20090858.0,20090858.0,-0.0,0.983,normal
2008-05-05,EWY,60.7499,61.06,2912955691,47950000.0,0.0,0.0,-128602.0,-128602.0,-0.0,0.51,normal
2008-05-06,EWY,60.7172,61.18,2911391658,47950000.0,0.0,0.0,-1564033.0,-1564033.0,0.0,0.762,normal
2008-05-07,EWY,59.7064,58.78,2862922791,47950000.0,0.0,0.0,-48468867.0,-48468867.0,-0.0,-1.552,normal
2008-05-08,EWY,58.0313,58.7,2782600979,47950000.0,0.0,0.0,-80321812.0,-80321812.0,0.0,1.152,normal
2008-05-09,EWY,57.4815,57.25,2756236151,47950000.0,0.0,0.0,-26364828.0,-26364828.0,0.0,-0.403,normal
2008-05-12,EWY,57.4933,58.18,2756805269,47950000.0,0.0,0.0,569119.0,569118.0,-1.0,1.194,normal
2008-05-13,EWY,58.3804,58.0,2799341427,47950000.0,0.0,0.0,42536157.0,42536158.0,1.0,-0.652,normal
2008-05-14,EWY,58.0754,58.32,2784717492,47950000.0,0.0,0.0,-14623935.0,-14623935.0,-0.0,0.421,normal
2008-05-15,EWY,59.7182,60.15,2854531107,47800000.0,-150000.0,-8957734.0,78771349.0,69813615.0,-0.0,0.723,normal
2008-05-16,EWY,60.0924,60.69,2872417676,47800000.0,0.0,0.0,17886569.0,17886569.0,0.0,0.994,normal
2008-05-19,EWY,59.7151,60.07,2872296454,48100000.0,300000.0,17914531.0,-18035753.0,-121222.0,-0.0,0.594,normal
2008-05-20,EWY,59.064,58.3,2858698665,48400000.0,300000.0,17719207.0,-31316996.0,-13597789.0,0.0,-1.294,normal
2008-05-21,EWY,58.3641,57.52,2824824086,48400000.0,0.0,0.0,-33874579.0,-33874579.0,0.0,-1.446,normal
2008-05-22,EWY,57.8189,57.91,2798434324,48400000.0,0.0,0.0,-26389761.0,-26389762.0,-1.0,0.158,normal
2008-05-23,EWY,57.358,56.79,2773259784,48350000.0,-50000.0,-2867900.0,-22306640.0,-25174540.0,1.0,-0.99,normal
2008-05-27,EWY,57.8203,57.78,2795611263,48350000.0,0.0,0.0,22351480.0,22351479.0,-1.0,-0.07,normal
2008-05-28,EWY,57.1504,57.63,2763221888,48350000.0,0.0,0.0,-32389375.0,-32389375.0,-0.0,0.839,normal
2008-05-29,EWY,58.9277,58.66,2849154972,48350000.0,0.0,0.0,85933084.0,85933084.0,0.0,-0.454,normal
2008-05-30,EWY,59.2423,59.41,2864367429,48350000.0,0.0,0.0,15212457.0,15212457.0,-0.0,0.283,normal
2008-06-02,EWY,59.3826,58.79,2871146728,48350000.0,0.0,0.0,6779299.0,6779299.0,0.0,-0.998,normal
2008-06-03,EWY,58.6428,58.21,2835381169,48350000.0,0.0,0.0,-35765559.0,-35765559.0,-0.0,-0.738,normal
2008-06-04,EWY,59.0768,58.39,2853409778,48300000.0,-50000.0,-2953840.0,20982450.0,18028609.0,-0.0,-1.163,normal
2008-06-05,EWY,58.6615,59.24,2833350112,48300000.0,0.0,0.0,-20059666.0,-20059666.0,0.0,0.986,normal
2008-06-06,EWY,58.6474,57.03,2829734975,48250000.0,-50000.0,-2932368.0,-682769.0,-3615137.0,-0.0,-2.758,normal
2008-06-09,EWY,57.2778,56.87,2763653030,48250000.0,0.0,0.0,-66081946.0,-66081945.0,0.0,-0.712,normal
2008-06-10,EWY,56.408,55.78,2710403823,48050000.0,-200000.0,-11281598.0,-41967609.0,-53249207.0,-1.0,-1.113,normal
2008-06-11,EWY,56.4188,55.27,2710922043,48050000.0,0.0,0.0,518219.0,518220.0,1.0,-2.036,normal
2008-06-12,EWY,54.7357,54.89,2630048031,48050000.0,0.0,0.0,-80874012.0,-80874012.0,0.0,0.282,normal
2008-06-13,EWY,54.7647,55.13,2620492474,47850000.0,-200000.0,-10952947.0,1397390.0,-9555557.0,-1.0,0.667,normal
2008-06-16,EWY,55.4723,55.19,2654350656,47850000.0,0.0,0.0,33858182.0,33858182.0,0.0,-0.509,normal
2008-06-17,EWY,55.9395,55.63,2676706702,47850000.0,0.0,0.0,22356046.0,22356046.0,-0.0,-0.553,normal
2008-06-18,EWY,56.3388,55.61,2695813781,47850000.0,0.0,0.0,19107079.0,19107079.0,-0.0,-1.294,normal
2008-06-19,EWY,55.3184,55.75,2646984627,47850000.0,0.0,0.0,-48829155.0,-48829154.0,1.0,0.78,normal
2008-06-20,EWY,54.8268,53.73,2620723287,47800000.0,-50000.0,-2741342.0,-23519998.0,-26261340.0,-0.0,-2.001,normal
2008-06-23,EWY,53.6909,53.23,2566425546,47800000.0,0.0,0.0,-54297741.0,-54297741.0,-0.0,-0.859,normal
2008-06-24,EWY,53.8221,53.04,2570004654,47750000.0,-50000.0,-2691104.0,6270213.0,3579108.0,-0.0,-1.453,normal
2008-06-25,EWY,53.1961,53.21,2529476790,47550000.0,-200000.0,-10639229.0,-29888635.0,-40527864.0,0.0,0.026,normal
2008-06-26,EWY,53.3352,51.85,2536089331,47550000.0,0.0,0.0,6612541.0,6612541.0,0.0,-2.785,normal
2008-06-27,EWY,51.9286,51.42,2469203979,47550000.0,0.0,0.0,-66885352.0,-66885352.0,-0.0,-0.979,normal
2008-06-30,EWY,51.3884,51.04,2438377777,47450000.0,-100000.0,-5138836.0,-25687366.0,-30826202.0,0.0,-0.678,normal
2008-07-01,EWY,51.308,50.58,2434566878,47450000.0,0.0,0.0,-3810899.0,-3810899.0,0.0,-1.419,normal
2008-07-02,EWY,50.6445,49.17,2408148020,47550000.0,100000.0,5064454.0,-31483312.0,-26418858.0,-0.0,-2.912,normal
2008-07-03,EWY,49.763,49.39,2351303215,47250000.0,-300000.0,-14928909.0,-41915896.0,-56844805.0,-0.0,-0.75,normal
2008-07-07,EWY,48.8934,48.66,2295543768,46950000.0,-300000.0,-14668011.0,-41091435.0,-55759447.0,-1.0,-0.477,normal
2008-07-08,EWY,47.9255,48.98,2235723642,46650000.0,-300000.0,-14377644.0,-45442482.0,-59820126.0,0.0,2.2,normal
2008-07-09,EWY,48.806,48.1,2271918881,46550000.0,-100000.0,-4880599.0,41075838.0,36195239.0,-0.0,-1.446,normal
2008-07-10,EWY,49.3015,49.29,2297449108,46600000.0,50000.0,2465074.0,23065153.0,25530227.0,0.0,-0.023,normal
2008-07-11,EWY,50.2284,49.57,2340644046,46600000.0,0.0,0.0,43194938.0,43194938.0,-0.0,-1.311,normal
2008-07-14,EWY,49.8367,49.24,2294980772,46050000.0,-550000.0,-27410194.0,-18253080.0,-45663274.0,0.0,-1.197,normal
2008-07-15,EWY,48.0712,47.79,2199256622,45750000.0,-300000.0,-14421355.0,-81302795.0,-95724150.0,-0.0,-0.585,normal
2008-07-16,EWY,47.8613,49.11,2165724458,45250000.0,-500000.0,-23930657.0,-9601507.0,-33532164.0,-0.0,2.609,normal
2008-07-17,EWY,48.3978,48.66,2185158909,45150000.0,-100000.0,-4839776.0,24274227.0,19434451.0,0.0,0.542,normal
2008-07-18,EWY,47.8363,48.29,2164593118,45250000.0,100000.0,4783631.0,-25349422.0,-20565791.0,0.0,0.948,normal
2008-07-21,EWY,49.3961,49.26,2232704443,45200000.0,-50000.0,-2469806.0,70581131.0,68111325.0,-0.0,-0.276,normal
2008-07-22,EWY,49.3249,49.91,2222086249,45050000.0,-150000.0,-7398733.0,-3219460.0,-10618194.0,-0.0,1.186,normal
2008-07-23,EWY,50.4354,51.38,2259504262,44800000.0,-250000.0,-12608841.0,50026854.0,37418013.0,0.0,1.873,normal
2008-07-24,EWY,52.0439,51.22,2328963451,44750000.0,-50000.0,-2602194.0,72061382.0,69459189.0,0.0,-1.583,normal
2008-07-25,EWY,50.8648,51.21,2281285338,44850000.0,100000.0,5086478.0,-52764591.0,-47678113.0,-0.0,0.679,normal
2008-07-28,EWY,50.8244,50.04,2287100115,45000000.0,150000.0,7623667.0,-1808890.0,5814777.0,0.0,-1.543,normal
2008-07-29,EWY,49.6261,51.07,2243098002,45200000.0,200000.0,9925212.0,-53927325.0,-44002113.0,-0.0,2.91,normal
2008-07-30,EWY,49.8431,50.78,2252909838,45200000.0,0.0,0.0,9811835.0,9811836.0,1.0,1.88,normal
2008-07-31,EWY,50.514,49.98,2283233342,45200000.0,0.0,0.0,30323505.0,30323504.0,-1.0,-1.057,normal
2008-08-01,EWY,49.8051,49.47,2251190158,45200000.0,0.0,0.0,-32043184.0,-32043184.0,-0.0,-0.673,normal
2008-08-04,EWY,48.7635,48.33,2204111918,45200000.0,0.0,0.0,-47078241.0,-47078240.0,1.0,-0.889,normal
2008-08-05,EWY,48.5096,49.51,2192634101,45200000.0,0.0,0.0,-11477817.0,-11477817.0,-0.0,2.062,normal
2008-08-06,EWY,50.0885,50.09,2264000155,45200000.0,0.0,0.0,71366054.0,71366054.0,0.0,0.003,normal
2008-08-07,EWY,49.5666,48.55,2240410410,45200000.0,0.0,0.0,-23589744.0,-23589745.0,-1.0,-2.051,normal
2008-08-08,EWY,49.1285,49.88,2235348843,45500000.0,300000.0,14738564.0,-19800131.0,-5061567.0,0.0,1.53,normal
2008-08-11,EWY,49.4191,49.91,2248568094,45500000.0,0.0,0.0,13219252.0,13219251.0,-1.0,0.993,normal
2008-08-12,EWY,49.3134,49.0,2246225370,45550000.0,50000.0,2465670.0,-4808395.0,-2342724.0,1.0,-0.635,normal
2008-08-13,EWY,48.61,48.4,2214186730,45550000.0,0.0,0.0,-32038640.0,-32038640.0,0.0,-0.432,normal
2008-08-14,EWY,48.8938,49.06,2227112271,45550000.0,0.0,0.0,12925541.0,12925541.0,-0.0,0.34,normal
2008-08-15,EWY,48.8964,48.72,2224786700,45500000.0,-50000.0,-2444821.0,119250.0,-2325571.0,-0.0,-0.361,normal
2008-08-18,EWY,48.4487,47.92,2204414940,45500000.0,0.0,0.0,-20371760.0,-20371760.0,0.0,-1.091,normal
2008-08-19,EWY,47.4525,46.91,2159086884,45500000.0,0.0,0.0,-45328056.0,-45328056.0,-0.0,-1.143,normal
2008-08-20,EWY,47.3829,47.7,2155919857,45500000.0,0.0,0.0,-3167027.0,-3167027.0,0.0,0.669,normal
2008-08-21,EWY,46.2222,46.52,2100799808,45450000.0,-50000.0,-2311111.0,-52808938.0,-55120049.0,-0.0,0.644,normal
2008-08-22,EWY,45.466,46.12,2066430200,45450000.0,0.0,0.0,-34369608.0,-34369608.0,0.0,1.438,normal
2008-08-25,EWY,45.0228,44.48,2046285987,45450000.0,0.0,0.0,-20144213.0,-20144213.0,-0.0,-1.206,normal
2008-08-26,EWY,44.1029,44.07,2004476669,45450000.0,0.0,0.0,-41809319.0,-41809318.0,1.0,-0.075,normal
2008-08-27,EWY,44.3518,44.5,2022442627,45600000.0,150000.0,6652772.0,11313187.0,17965958.0,-1.0,0.334,normal
2008-08-28,EWY,43.831,44.16,1998692414,45600000.0,0.0,0.0,-23750213.0,-23750213.0,-0.0,0.751,normal
2008-08-29,EWY,43.5463,43.27,1985710322,45600000.0,0.0,0.0,-12982092.0,-12982092.0,-0.0,-0.634,normal
2008-09-02,EWY,40.209,40.05,1833532680,45600000.0,0.0,0.0,-152177642.0,-152177642.0,0.0,-0.396,normal
2008-09-03,EWY,40.2423,39.7,1843095279,45800000.0,200000.0,8048451.0,1514148.0,9562599.0,-0.0,-1.347,normal
2008-09-04,EWY,40.7788,39.35,1873788066,45950000.0,150000.0,6116827.0,24575959.0,30692787.0,0.0,-3.504,normal
2008-09-05,EWY,40.5676,40.46,1864079152,45950000.0,0.0,0.0,-9708913.0,-9708914.0,-1.0,-0.265,normal
2008-09-08,EWY,44.3225,43.01,2016671657,45500000.0,-450000.0,-19945104.0,172537609.0,152592505.0,0.0,-2.961,normal
2008-09-09,EWY,42.8221,41.5,1948406551,45500000.0,0.0,0.0,-68265106.0,-68265106.0,0.0,-3.087,normal
2008-09-10,EWY,43.3023,43.1,1968091035,45450000.0,-50000.0,-2165117.0,21849600.0,19684484.0,0.0,-0.467,normal
2008-09-11,EWY,42.0909,42.5,1885673485,44800000.0,-650000.0,-27359102.0,-55058448.0,-82417550.0,0.0,0.972,normal
2008-09-12,EWY,43.0951,43.54,1930658688,44800000.0,0.0,0.0,44985203.0,44985203.0,-0.0,1.032,normal
2008-09-15,EWY,43.0665,41.24,1918612130,44550000.0,-250000.0,-10766622.0,-1279936.0,-12046558.0,0.0,-4.241,normal
2008-09-16,EWY,38.7707,39.88,1727235264,44550000.0,0.0,0.0,-191376865.0,-191376866.0,-1.0,2.861,normal
2008-09-17,EWY,41.3186,38.58,1844876115,44650000.0,100000.0,4131861.0,113508990.0,117640851.0,0.0,-6.628,normal
2008-09-18,EWY,39.0141,41.65,1741978092,44650000.0,0.0,0.0,-102898024.0,-102898023.0,1.0,6.756,normal
2008-09-19,EWY,41.5589,43.95,1845214139,44400000.0,-250000.0,-10389719.0,113625767.0,103236047.0,-0.0,5.754,normal
2008-09-22,EWY,41.7452,41.39,1840963629,44100000.0,-300000.0,-12523562.0,8273052.0,-4250510.0,0.0,-0.851,normal
2008-09-23,EWY,41.9939,41.25,1900226102,45250000.0,1150000.0,48293039.0,10969434.0,59262473.0,-0.0,-1.772,normal
2008-09-24,EWY,42.0789,41.99,1971394919,46850000.0,1600000.0,67326187.0,3842630.0,71168817.0,-0.0,-0.211,normal
2008-09-25,EWY,42.0967,43.27,1982752356,47100000.0,250000.0,10524163.0,833274.0,11357437.0,-0.0,2.787,normal
2008-09-26,EWY,41.2707,41.78,1937657064,46950000.0,-150000.0,-6190598.0,-38904694.0,-45095292.0,-0.0,1.234,normal
2008-09-29,EWY,39.7354,37.2,1879486076,47300000.0,350000.0,13907402.0,-72078391.0,-58170988.0,1.0,-6.381,normal
2008-09-30,EWY,38.9017,39.73,1851719254,47600000.0,300000.0,11670500.0,-39437321.0,-27766822.0,-0.0,2.129,normal
2008-10-01,EWY,39.2674,39.05,1853420100,47200000.0,-400000.0,-15706950.0,17407796.0,1700846.0,0.0,-0.554,normal
2008-10-02,EWY,37.4934,36.52,1754691401,46800000.0,-400000.0,-14997362.0,-83731337.0,-98728699.0,0.0,-2.596,normal
2008-10-03,EWY,37.4936,36.26,1743450168,46500000.0,-300000.0,-11248066.0,6833.0,-11241233.0,-0.0,-3.29,normal
2008-10-06,EWY,34.6007,33.36,1608930829,46500000.0,0.0,0.0,-134519339.0,-134519339.0,-0.0,-3.586,normal
2008-10-07,EWY,33.3834,31.59,1545651559,46300000.0,-200000.0,-6676681.0,-56602590.0,-63279270.0,1.0,-5.372,normal
2008-10-08,EWY,30.1518,29.4,1411104100,46800000.0,500000.0,15075898.0,-149623358.0,-134547459.0,0.0,-2.493,normal
2008-10-09,EWY,30.6832,28.38,1431369554,46650000.0,-150000.0,-4602474.0,24867929.0,20265454.0,-0.0,-7.506,normal
2008-10-10,EWY,31.0313,30.06,1432094034,46150000.0,-500000.0,-15515645.0,16240125.0,724480.0,0.0,-3.13,normal
2008-10-13,EWY,33.8295,36.8,1524019245,45050000.0,-1100000.0,-37212457.0,129137668.0,91925211.0,-1.0,8.781,normal
2008-10-14,EWY,36.912,36.1,1614902056,43750000.0,-1300000.0,-47985661.0,138868472.0,90882811.0,0.0,-2.2,normal
2008-10-15,EWY,35.1453,31.11,1549906010,44100000.0,350000.0,12300841.0,-77296888.0,-64996046.0,0.0,-11.482,normal
2008-10-16,EWY,28.6366,31.15,1232804683,43050000.0,-1050000.0,-30068407.0,-287032920.0,-317101327.0,0.0,8.777,normal
2008-10-17,EWY,28.539,29.1,1205773299,42250000.0,-800000.0,-22831210.0,-4200173.0,-27031384.0,-0.0,1.966,normal
2008-10-20,EWY,29.8202,30.83,1252448736,42000000.0,-250000.0,-7455052.0,54130489.0,46675437.0,0.0,3.386,normal
2008-10-21,EWY,29.3925,27.69,1225666208,41700000.0,-300000.0,-8817742.0,-17964786.0,-26782528.0,0.0,-5.792,normal
2008-10-22,EWY,27.0625,24.86,1128506000,41700000.0,0.0,0.0,-97160208.0,-97160208.0,-0.0,-8.139,normal
2008-10-23,EWY,24.3561,24.24,1015650454,41700000.0,0.0,0.0,-112855546.0,-112855546.0,-0.0,-0.477,normal
2008-10-24,EWY,21.5793,21.5,896620663,41550000.0,-150000.0,-3236898.0,-115792894.0,-119029791.0,0.0,-0.368,normal
2008-10-27,EWY,21.8689,20.89,893344442,40850000.0,-700000.0,-15308228.0,12032007.0,-3276221.0,-1.0,-4.476,normal
2008-10-28,EWY,22.7115,25.24,927765960,40850000.0,0.0,0.0,34421517.0,34421518.0,1.0,11.133,normal
2008-10-29,EWY,22.7362,24.51,915131889,40250000.0,-600000.0,-13641718.0,1007647.0,-12634071.0,-0.0,7.802,normal
2008-10-30,EWY,29.1562,29.92,1141464251,39150000.0,-1100000.0,-32071792.0,258404155.0,226332362.0,-0.0,2.62,normal
2008-10-31,EWY,28.7327,28.4,1142123394,39750000.0,600000.0,17239598.0,-16580456.0,659143.0,0.0,-1.158,normal
2008-11-03,EWY,29.6722,29.12,1241783118,41850000.0,2100000.0,62311698.0,37348027.0,99659724.0,-0.0,-1.861,normal
2008-11-04,EWY,29.5568,30.98,1265030954,42800000.0,950000.0,28078958.0,-4831122.0,23247836.0,0.0,4.815,normal
2008-11-05,EWY,30.6356,28.68,1311201754,42800000.0,0.0,0.0,46170800.0,46170800.0,0.0,-6.383,normal
2008-11-06,EWY,26.9859,25.38,1154995108,42800000.0,0.0,0.0,-156206646.0,-156206646.0,0.0,-5.951,normal
2008-11-07,EWY,28.0153,28.34,1199053428,42800000.0,0.0,0.0,44058320.0,44058320.0,-0.0,1.159,normal
2008-11-10,EWY,28.3746,27.69,1222947243,43100000.0,300000.0,8512394.0,15381421.0,23893815.0,0.0,-2.413,normal
2008-11-11,EWY,27.6309,26.49,1190893514,43100000.0,0.0,0.0,-32053729.0,-32053729.0,-0.0,-4.129,normal
2008-11-12,EWY,26.955,24.87,1160410985,43050000.0,-50000.0,-1347748.0,-29134781.0,-30482529.0,0.0,-7.735,normal
2008-11-13,EWY,25.5991,27.4,1105882459,43200000.0,150000.0,3839870.0,-58368395.0,-54528526.0,-0.0,7.035,normal
2008-11-14,EWY,25.325,24.6,1111768378,43900000.0,700000.0,17727514.0,-11841595.0,5885919.0,0.0,-2.863,normal
2008-11-17,EWY,24.8314,24.07,1090099689,43900000.0,0.0,0.0,-21668689.0,-21668689.0,-0.0,-3.066,normal
2008-11-18,EWY,23.1362,23.37,1036503462,44800000.0,900000.0,20822614.0,-74418841.0,-53596227.0,-0.0,1.01,normal
2008-11-19,EWY,22.7053,21.05,1022875612,45050000.0,250000.0,5676335.0,-19304186.0,-13627850.0,0.0,-7.29,normal
2008-11-20,EWY,20.4498,19.0,927396435,45350000.0,300000.0,6134927.0,-101614104.0,-95479177.0,0.0,-7.089,normal
2008-11-21,EWY,21.8152,22.57,998044348,45750000.0,400000.0,8726071.0,61921842.0,70647913.0,-0.0,3.46,normal
2008-11-24,EWY,20.7076,22.54,942195982,45500000.0,-250000.0,-5176901.0,-50671465.0,-55848366.0,-0.0,8.849,normal
2008-11-25,EWY,21.2018,21.38,961500632,45350000.0,-150000.0,-3180267.0,22484917.0,19304650.0,-0.0,0.841,normal
2008-11-26,EWY,22.6532,23.4,1026191138,45300000.0,-50000.0,-1132661.0,65823167.0,64690506.0,1.0,3.296,normal
2008-11-28,EWY,23.8568,23.93,1086675874,45550000.0,250000.0,5964192.0,54520543.0,60484736.0,0.0,0.307,normal
2008-12-01,EWY,23.7971,21.79,1083959955,45550000.0,0.0,0.0,-2715919.0,-2715919.0,-0.0,-8.434,normal
2008-12-02,EWY,22.6656,23.31,1032418126,45550000.0,0.0,0.0,-51541829.0,-51541829.0,0.0,2.843,normal
2008-12-03,EWY,22.5223,23.35,1020261776,45300000.0,-250000.0,-5630584.0,-6525766.0,-12156350.0,0.0,3.675,normal
2008-12-04,EWY,22.0069,21.99,990309015,45000000.0,-300000.0,-6602060.0,-23350700.0,-29952761.0,-0.0,-0.077,normal
2008-12-05,EWY,22.5074,23.3,1012833135,45000000.0,0.0,0.0,22524120.0,22524120.0,-0.0,3.522,normal
2008-12-08,EWY,24.7479,25.28,1113653295,45000000.0,0.0,0.0,100820160.0,100820160.0,-0.0,2.15,normal
2008-12-09,EWY,24.813,25.05,1116584865,45000000.0,0.0,0.0,2931570.0,2931570.0,0.0,0.955,normal
2008-12-10,EWY,26.7453,27.02,1203537780,45000000.0,0.0,0.0,86952915.0,86952915.0,-0.0,1.027,normal
2008-12-11,EWY,27.6299,27.24,1243346850,45000000.0,0.0,0.0,39809070.0,39809070.0,0.0,-1.411,normal
2008-12-12,EWY,25.9919,26.89,1169633610,45000000.0,0.0,0.0,-73713240.0,-73713240.0,0.0,3.455,normal
2008-12-15,EWY,27.3741,26.77,1214042621,44350000.0,-650000.0,-17793184.0,62202195.0,44409011.0,-0.0,-2.207,normal
2008-12-16,EWY,27.7221,28.95,1229475490,44350000.0,0.0,0.0,15432869.0,15432869.0,0.0,4.429,normal
2008-12-17,EWY,28.5019,28.5,1264057092,44350000.0,0.0,0.0,34581602.0,34581602.0,-0.0,-0.006,normal
2008-12-18,EWY,29.3384,28.43,1302622962,44400000.0,50000.0,1466918.0,37098952.0,38565870.0,-0.0,-3.096,normal
2008-12-19,EWY,29.5646,29.05,1312666331,44400000.0,0.0,0.0,10043369.0,10043369.0,0.0,-1.74,normal
2008-12-22,EWY,29.0807,28.39,1291184723,44400000.0,0.0,0.0,-21481608.0,-21481608.0,0.0,-2.375,normal
2008-12-23,EWY,27.3055,26.88,1212365932,44400000.0,0.0,0.0,-78818791.0,-78818791.0,0.0,-1.558,normal
2008-12-24,EWY,27.5743,27.8,1224297144,44400000.0,0.0,0.0,11931212.0,11931212.0,-0.0,0.819,normal
2008-12-26,EWY,27.4532,27.62,1218922080,44400000.0,0.0,0.0,-5375064.0,-5375064.0,-0.0,0.608,normal
2008-12-29,EWY,28.2268,28.0,1253269565,44400000.0,0.0,0.0,34347485.0,34347485.0,0.0,-0.803,normal
2008-12-30,EWY,28.3764,27.69,1259914291,44400000.0,0.0,0.0,6644726.0,6644726.0,-0.0,-2.419,normal
2008-12-31,EWY,28.3858,27.97,1260330941,44400000.0,0.0,0.0,416650.0,416650.0,0.0,-1.465,normal
2009-01-02,EWY,28.036,29.02,1244797778,44400000.0,0.0,0.0,-15533162.0,-15533163.0,-1.0,3.51,normal
2009-01-05,EWY,28.7634,29.09,1277093317,44400000.0,0.0,0.0,32295539.0,32295539.0,0.0,1.136,normal
2009-01-06,EWY,29.3431,29.77,1314570701,44800000.0,400000.0,11737238.0,25740145.0,37477384.0,0.0,1.455,normal
2009-01-07,EWY,30.7326,29.77,1392189045,45300000.0,500000.0,15366325.0,62252019.0,77618344.0,-0.0,-3.132,normal
2009-01-08,EWY,29.1514,29.57,1320559054,45300000.0,0.0,0.0,-71629991.0,-71629991.0,-0.0,1.436,normal
2009-01-09,EWY,28.2411,27.9,1279323642,45300000.0,0.0,0.0,-41235412.0,-41235412.0,0.0,-1.208,normal
2009-01-12,EWY,27.3275,26.61,1237934753,45300000.0,0.0,0.0,-41388889.0,-41388889.0,-0.0,-2.626,normal
2009-01-13,EWY,27.7348,27.55,1256385353,45300000.0,0.0,0.0,18450599.0,18450600.0,1.0,-0.666,normal
2009-01-14,EWY,28.215,26.96,1278138866,45300000.0,0.0,0.0,21753513.0,21753513.0,0.0,-4.448,normal
2009-01-15,EWY,25.652,26.23,1149210630,44800000.0,-500000.0,-12826012.0,-116102224.0,-128928236.0,-1.0,2.253,normal
2009-01-16,EWY,26.8657,26.79,1187465133,44200000.0,-600000.0,-16119436.0,54373939.0,38254503.0,0.0,-0.282,normal
2009-01-20,EWY,26.2576,25.23,1160584727,44200000.0,0.0,0.0,-26880407.0,-26880406.0,1.0,-3.913,normal
2009-01-21,EWY,25.6954,26.39,1135734647,44200000.0,0.0,0.0,-24850080.0,-24850080.0,-0.0,2.703,normal
2009-01-22,EWY,25.9404,25.57,1136191579,43800000.0,-400000.0,-10376179.0,10833111.0,456932.0,0.0,-1.428,normal
2009-01-23,EWY,25.1283,25.1,1100621686,43800000.0,0.0,0.0,-35569892.0,-35569893.0,-1.0,-0.113,normal
2009-01-26,EWY,25.1444,25.31,1101325246,43800000.0,0.0,0.0,703559.0,703560.0,1.0,0.658,normal
2009-01-27,EWY,25.1516,25.9,1101641438,43800000.0,0.0,0.0,316192.0,316192.0,-0.0,2.975,normal
2009-01-28,EWY,27.1438,27.75,1188897214,43800000.0,0.0,0.0,87255776.0,87255776.0,0.0,2.233,normal
2009-01-29,EWY,27.383,26.75,1185684333,43300000.0,-500000.0,-13691505.0,10478624.0,-3212881.0,-0.0,-2.312,normal
2009-01-30,EWY,27.2337,26.53,1263644747,46400000.0,3100000.0,84424541.0,-6464127.0,77960414.0,-0.0,-2.584,normal
2009-02-02,EWY,26.6141,26.38,1234892198,46400000.0,0.0,0.0,-28752549.0,-28752549.0,-0.0,-0.879,normal
2009-02-03,EWY,27.0962,27.67,1257265768,46400000.0,0.0,0.0,22373570.0,22373570.0,0.0,2.118,normal
2009-02-04,EWY,28.155,28.2,1383816874,49150000.0,2750000.0,77426173.0,49124933.0,126551106.0,0.0,0.16,normal
2009-02-05,EWY,27.666,28.53,1405435289,50800000.0,1650000.0,45648981.0,-24030565.0,21618415.0,-0.0,3.123,normal
2009-02-06,EWY,28.5272,29.53,1499106830,52550000.0,1750000.0,49922682.0,43748858.0,93671541.0,0.0,3.515,normal
2009-02-09,EWY,28.3154,28.77,1487974375,52550000.0,0.0,0.0,-11132455.0,-11132455.0,-0.0,1.605,normal
2009-02-10,EWY,28.089,26.84,1476077265,52550000.0,0.0,0.0,-11897110.0,-11897110.0,-0.0,-4.447,normal
2009-02-11,EWY,27.619,27.53,1451378660,52550000.0,0.0,0.0,-24698605.0,-24698605.0,0.0,-0.322,normal
2009-02-12,EWY,27.1211,27.26,1423855440,52500000.0,-50000.0,-1356053.0,-26167167.0,-27523220.0,0.0,0.512,normal
2009-02-13,EWY,27.3642,27.18,1436620605,52500000.0,0.0,0.0,12765165.0,12765165.0,0.0,-0.673,normal
2009-02-17,EWY,24.937,24.32,1309189980,52500000.0,0.0,0.0,-127430625.0,-127430625.0,-0.0,-2.474,normal
2009-02-18,EWY,24.3,24.2,1275752625,52500000.0,0.0,0.0,-33437355.0,-33437355.0,0.0,-0.412,normal
2009-02-19,EWY,24.0329,23.75,1264129120,52600000.0,100000.0,2403287.0,-14026793.0,-11623505.0,0.0,-1.177,normal
2009-02-20,EWY,22.7968,22.37,1199113311,52600000.0,0.0,0.0,-65015809.0,-65015809.0,0.0,-1.872,normal
2009-02-23,EWY,23.8419,22.44,1254085939,52600000.0,0.0,0.0,54972628.0,54972628.0,-0.0,-5.88,normal
2009-02-24,EWY,22.5838,23.32,1187906355,52600000.0,0.0,0.0,-66179584.0,-66179584.0,0.0,3.26,normal
2009-02-25,EWY,22.7123,22.63,1194664455,52600000.0,0.0,0.0,6758101.0,6758100.0,-1.0,-0.362,normal
2009-02-26,EWY,22.4513,22.19,1162976252,51800000.0,-800000.0,-17961023.0,-13727180.0,-31688203.0,-0.0,-1.164,normal
2009-02-27,EWY,22.3816,21.8,1120198880,50050000.0,-1750000.0,-39167793.0,-3609579.0,-42777372.0,0.0,-2.599,normal
2009-03-02,EWY,20.9682,20.02,1028491731,49050000.0,-1000000.0,-20968231.0,-70738918.0,-91707149.0,0.0,-4.522,normal
2009-03-03,EWY,21.4666,20.67,1044351355,48650000.0,-400000.0,-8586650.0,24446275.0,15859624.0,-0.0,-3.711,normal
2009-03-04,EWY,22.1551,22.46,1027997522,46400000.0,-2250000.0,-49849018.0,33495184.0,-16353833.0,0.0,1.376,normal
2009-03-05,EWY,21.9416,21.4,928130441,42300000.0,-4100000.0,-89960634.0,-9906446.0,-99867081.0,-1.0,-2.469,normal
2009-03-06,EWY,22.1241,22.04,892705942,40350000.0,-1950000.0,-43141923.0,7717424.0,-35424499.0,0.0,-0.38,normal
2009-03-09,EWY,22.505,22.0,908078404,40350000.0,0.0,0.0,15372462.0,15372462.0,-0.0,-2.244,normal
2009-03-10,EWY,23.4931,24.27,947946464,40350000.0,0.0,0.0,39868060.0,39868060.0,0.0,3.307,normal
2009-03-11,EWY,24.9208,24.55,1005554320,40350000.0,0.0,0.0,57607856.0,57607856.0,-0.0,-1.488,normal
2009-03-12,EWY,24.5463,25.32,986760898,40200000.0,-150000.0,-3681944.0,-15111479.0,-18793422.0,0.0,3.152,normal
2009-03-13,EWY,24.656,24.9,976378788,39600000.0,-600000.0,-14793618.0,4411508.0,-10382110.0,0.0,0.99,normal
2009-03-16,EWY,25.364,25.57,989197950,39000000.0,-600000.0,-15218430.0,28037592.0,12819162.0,0.0,0.812,normal
2009-03-17,EWY,26.8462,26.97,1033577583,38500000.0,-500000.0,-13423086.0,57802719.0,44379633.0,-0.0,0.461,normal
2009-03-18,EWY,26.7614,27.87,1024963037,38300000.0,-200000.0,-5352287.0,-3262259.0,-8614546.0,0.0,4.142,normal
2009-03-19,EWY,26.9398,27.23,1031793574,38300000.0,0.0,0.0,6830537.0,6830537.0,0.0,1.077,normal
2009-03-20,EWY,26.8115,26.77,1029562560,38400000.0,100000.0,2681152.0,-4912166.0,-2231014.0,-0.0,-0.155,normal
2009-03-23,EWY,27.9048,29.25,1071544781,38400000.0,0.0,0.0,41982221.0,41982221.0,0.0,4.821,normal
2009-03-24,EWY,28.6559,28.55,1100386099,38400000.0,0.0,0.0,28841318.0,28841318.0,-0.0,-0.369,normal
2009-03-25,EWY,29.2239,29.36,1138272736,38950000.0,550000.0,16073171.0,21813466.0,37886637.0,1.0,0.466,normal
2009-03-26,EWY,30.2856,30.45,1179625522,38950000.0,0.0,0.0,41352787.0,41352786.0,-1.0,0.543,normal
2009-03-27,EWY,29.8418,29.64,1174275105,39350000.0,400000.0,11936723.0,-17287140.0,-5350417.0,-0.0,-0.676,normal
2009-03-30,EWY,27.9321,27.43,1099126561,39350000.0,0.0,0.0,-75148544.0,-75148544.0,0.0,-1.797,normal
2009-03-31,EWY,28.2289,28.46,1110808356,39350000.0,0.0,0.0,11681795.0,11681795.0,-0.0,0.819,normal
2009-04-01,EWY,28.905,29.73,1143194253,39550000.0,200000.0,5781008.0,26604889.0,32385897.0,0.0,2.854,normal
2009-04-02,EWY,30.9481,31.73,1223999016,39550000.0,0.0,0.0,80804763.0,80804763.0,-0.0,2.526,normal
2009-04-03,EWY,30.984,31.96,1226966281,39600000.0,50000.0,1549200.0,1418065.0,2967265.0,-0.0,3.15,normal
2009-04-06,EWY,32.0396,31.65,1268769546,39600000.0,0.0,0.0,41803265.0,41803265.0,0.0,-1.216,normal
2009-04-07,EWY,31.5839,31.05,1260195775,39900000.0,300000.0,9475156.0,-18048928.0,-8573771.0,0.0,-1.69,normal
2009-04-08,EWY,29.8037,30.68,1193639427,40050000.0,150000.0,4470560.0,-71026908.0,-66556348.0,0.0,2.94,normal
2009-04-09,EWY,31.7972,32.69,1281427724,40300000.0,250000.0,7949304.0,79838994.0,87788297.0,-1.0,2.808,normal
2009-04-13,EWY,31.9832,32.6,1306513597,40850000.0,550000.0,17590758.0,7495115.0,25085873.0,-0.0,1.929,normal
2009-04-14,EWY,32.2242,32.08,1334081300,41400000.0,550000.0,17723302.0,9844401.0,27567703.0,0.0,-0.447,normal
2009-04-15,EWY,31.7353,32.37,1367792551,43100000.0,1700000.0,53950054.0,-20238804.0,33711251.0,1.0,2.0,normal
2009-04-16,EWY,31.9836,32.45,1408878990,44050000.0,950000.0,30384450.0,10701989.0,41086439.0,0.0,1.458,normal
2009-04-17,EWY,32.0139,32.44,1415015441,44200000.0,150000.0,4802089.0,1334363.0,6136451.0,-0.0,1.331,normal
2009-04-20,EWY,32.2404,30.73,1431471984,44400000.0,200000.0,6448072.0,10008471.0,16456543.0,-0.0,-4.685,normal
2009-04-21,EWY,31.8448,32.22,1413908765,44400000.0,0.0,0.0,-17563219.0,-17563219.0,0.0,1.178,normal
2009-04-22,EWY,32.3629,32.28,1436914003,44400000.0,0.0,0.0,23005238.0,23005238.0,-0.0,-0.256,normal
2009-04-23,EWY,32.7172,32.93,1452643636,44400000.0,0.0,0.0,15729632.0,15729633.0,1.0,0.65,normal
2009-04-24,EWY,32.392,33.15,1438203335,44400000.0,0.0,0.0,-14440301.0,-14440301.0,-0.0,2.34,normal
2009-04-27,EWY,31.9664,31.9,1432095795,44800000.0,400000.0,12786570.0,-18894109.0,-6107540.0,-0.0,-0.208,normal
2009-04-28,EWY,30.7524,31.26,1396157553,45400000.0,600000.0,18451421.0,-54389664.0,-35938242.0,1.0,1.651,normal
2009-04-29,EWY,32.0228,33.23,1453833531,45400000.0,0.0,0.0,57675978.0,57675978.0,-0.0,3.77,normal
2009-04-30,EWY,34.2241,34.22,1560619872,45600000.0,200000.0,6844824.0,99941517.0,106786341.0,0.0,-0.012,normal
2009-05-01,EWY,34.2339,34.74,1574759998,46000000.0,400000.0,13693565.0,446561.0,14140126.0,-0.0,1.478,normal
2009-05-04,EWY,35.274,36.76,1622604322,46000000.0,0.0,0.0,47844324.0,47844324.0,0.0,4.213,normal
2009-05-05,EWY,35.2717,36.39,1643660241,46600000.0,600000.0,21163007.0,-107088.0,21055919.0,-0.0,3.171,normal
2009-05-06,EWY,34.9457,36.29,1628468315,46600000.0,0.0,0.0,-15191926.0,-15191926.0,0.0,3.847,normal
2009-05-07,EWY,35.4882,35.2,1676817970,47250000.0,650000.0,23067337.0,25282317.0,48349655.0,0.0,-0.812,normal
2009-05-08,EWY,36.1651,37.03,1759431774,48650000.0,1400000.0,50631130.0,31982674.0,82613804.0,-1.0,2.392,normal
2009-05-11,EWY,36.4498,35.99,1791508260,49150000.0,500000.0,18224906.0,13851579.0,32076486.0,1.0,-1.262,normal
2009-05-12,EWY,35.9687,36.16,1769658072,49200000.0,50000.0,1798433.0,-23648621.0,-21850188.0,-0.0,0.532,normal
2009-05-13,EWY,36.1665,35.0,1793860186,49600000.0,400000.0,14466614.0,9735499.0,24202114.0,0.0,-3.225,normal
2009-05-14,EWY,34.5972,35.15,1731587958,50050000.0,450000.0,15568723.0,-77840950.0,-62272228.0,-0.0,1.598,normal
2009-05-15,EWY,35.2399,34.78,1769043633,50200000.0,150000.0,5285987.0,32169688.0,37455675.0,0.0,-1.305,normal
2009-05-18,EWY,35.0929,36.55,1775702511,50600000.0,400000.0,14037174.0,-7378296.0,6658878.0,-0.0,4.152,normal
2009-05-19,EWY,36.505,36.76,1876354995,51400000.0,800000.0,29203969.0,71448516.0,100652484.0,-0.0,0.699,normal
2009-05-20,EWY,36.6709,36.94,1890384173,51550000.0,150000.0,5500633.0,8528545.0,14029178.0,0.0,0.734,normal
2009-05-21,EWY,36.3555,35.89,1877761110,51650000.0,100000.0,3635549.0,-16258612.0,-12623063.0,0.0,-1.28,normal
2009-05-22,EWY,35.811,35.92,1853218370,51750000.0,100000.0,3581098.0,-28123838.0,-24542740.0,-0.0,0.304,normal
2009-05-26,EWY,34.5599,35.37,1790201888,51800000.0,50000.0,1727994.0,-64744477.0,-63016482.0,1.0,2.344,normal
2009-05-27,EWY,34.217,33.92,1772438165,51800000.0,0.0,0.0,-17763722.0,-17763723.0,-1.0,-0.868,normal
2009-05-28,EWY,35.5254,35.68,1840217533,51800000.0,0.0,0.0,67779368.0,67779368.0,0.0,0.435,normal
2009-05-29,EWY,35.6267,36.11,1868620363,52450000.0,650000.0,23157354.0,5245475.0,28402830.0,0.0,1.357,normal
2009-06-01,EWY,36.581,37.42,1918672296,52450000.0,0.0,0.0,50051934.0,50051933.0,-1.0,2.294,normal
2009-06-02,EWY,36.409,36.58,1913293003,52550000.0,100000.0,3640900.0,-9020194.0,-5379293.0,1.0,0.47,normal
2009-06-03,EWY,36.5449,35.51,1929572832,52800000.0,250000.0,9136235.0,7143594.0,16279829.0,-0.0,-2.832,normal
2009-06-04,EWY,35.1672,35.94,1862105411,52950000.0,150000.0,5275086.0,-72742507.0,-67467421.0,0.0,2.197,normal
2009-06-05,EWY,35.7743,35.71,1894246961,52950000.0,0.0,0.0,32141550.0,32141550.0,-0.0,-0.18,normal
2009-06-08,EWY,35.4758,35.32,1878443028,52950000.0,0.0,0.0,-15803934.0,-15803933.0,1.0,-0.439,normal
2009-06-09,EWY,34.6089,34.99,1832543055,52950000.0,0.0,0.0,-45899972.0,-45899973.0,-1.0,1.101,normal
2009-06-10,EWY,36.3014,35.98,1922157383,52950000.0,0.0,0.0,89614327.0,89614328.0,1.0,-0.885,normal
2009-06-11,EWY,36.2565,36.64,1923405999,53050000.0,100000.0,3625648.0,-2377031.0,1248616.0,-0.0,1.058,normal
2009-06-12,EWY,36.4756,36.55,1951444279,53500000.0,450000.0,16414017.0,11624263.0,28038280.0,-0.0,0.204,normal
2009-06-15,EWY,35.831,35.24,1916959302,53500000.0,0.0,0.0,-34484977.0,-34484977.0,-0.0,-1.649,normal
2009-06-16,EWY,35.6089,34.86,1905077113,53500000.0,0.0,0.0,-11882189.0,-11882189.0,0.0,-2.103,normal
2009-06-17,EWY,35.3615,34.85,1890071480,53450000.0,-50000.0,-1768074.0,-13237559.0,-15005633.0,-0.0,-1.446,normal
2009-06-18,EWY,34.721,34.7,1855838198,53450000.0,0.0,0.0,-34233282.0,-34233282.0,-0.0,-0.06,normal
2009-06-19,EWY,34.8956,34.74,1865169286,53450000.0,0.0,0.0,9331087.0,9331088.0,1.0,-0.446,normal
2009-06-22,EWY,35.2108,33.86,1882015389,53450000.0,0.0,0.0,16846104.0,16846103.0,-1.0,-3.836,normal
2009-06-23,EWY,33.7002,33.77,1801275316,53450000.0,0.0,0.0,-80740073.0,-80740073.0,0.0,0.207,normal
2009-06-24,EWY,34.0455,33.98,1819734060,53450000.0,0.0,0.0,18458744.0,18458744.0,0.0,-0.193,normal
2009-06-25,EWY,34.6209,34.94,1847024855,53350000.0,-100000.0,-3462090.0,30752885.0,27290795.0,-0.0,0.922,normal
2009-06-26,EWY,34.8234,34.85,1857825936,53350000.0,0.0,0.0,10801081.0,10801081.0,0.0,0.076,normal
2009-06-29,EWY,34.6975,35.04,1851109278,53350000.0,0.0,0.0,-6716658.0,-6716658.0,0.0,0.987,normal
2009-06-30,EWY,35.0401,34.79,1869387788,53350000.0,0.0,0.0,18278510.0,18278510.0,-0.0,-0.714,normal
2009-07-01,EWY,35.7978,35.91,1909813964,53350000.0,0.0,0.0,40426176.0,40426176.0,0.0,0.313,normal
2009-07-02,EWY,35.7596,34.8,1907774340,53350000.0,0.0,0.0,-2039624.0,-2039624.0,-0.0,-2.683,normal
2009-07-06,EWY,36.3742,36.11,1940564104,53350000.0,0.0,0.0,32789764.0,32789764.0,0.0,-0.726,normal
2009-07-07,EWY,36.3899,35.71,1941400098,53350000.0,0.0,0.0,835995.0,835994.0,-1.0,-1.868,normal
2009-07-08,EWY,36.2351,35.69,1920459240,53000000.0,-350000.0,-12682278.0,-8258580.0,-20940858.0,-0.0,-1.504,normal
2009-07-09,EWY,36.1582,35.98,1912767881,52900000.0,-100000.0,-3615818.0,-4075541.0,-7691359.0,0.0,-0.493,normal
2009-07-10,EWY,36.001,35.66,1897251382,52700000.0,-200000.0,-7200195.0,-8316303.0,-15516499.0,-1.0,-0.947,normal
2009-07-13,EWY,33.9185,34.7,1787506742,52700000.0,0.0,0.0,-109744641.0,-109744640.0,1.0,2.304,normal
2009-07-14,EWY,34.7765,34.97,1832720127,52700000.0,0.0,0.0,45213385.0,45213385.0,-0.0,0.556,normal
2009-07-15,EWY,36.185,37.21,1903329843,52600000.0,-100000.0,-3618498.0,74228213.0,70609716.0,0.0,2.833,normal
2009-07-16,EWY,36.9347,37.5,1942765115,52600000.0,0.0,0.0,39435272.0,39435272.0,0.0,1.53,normal
2009-07-17,EWY,37.2819,37.73,1961027519,52600000.0,0.0,0.0,18262404.0,18262404.0,-0.0,1.202,normal
2009-07-20,EWY,38.6112,38.93,2030948226,52600000.0,0.0,0.0,69920707.0,69920707.0,0.0,0.826,normal
2009-07-21,EWY,38.9715,39.1,2055746678,52750000.0,150000.0,5845725.0,18952727.0,24798452.0,0.0,0.33,normal
2009-07-22,EWY,39.1213,39.26,2067561762,52850000.0,100000.0,3912132.0,7902952.0,11815084.0,-0.0,0.354,normal
2009-07-23,EWY,39.0848,39.89,2065630623,52850000.0,0.0,0.0,-1931139.0,-1931139.0,-0.0,2.06,normal
2009-07-24,EWY,39.1982,39.8,2083386190,53150000.0,300000.0,11759470.0,5996097.0,17755567.0,-0.0,1.535,normal
2009-07-27,EWY,40.0282,40.3,2131504100,53250000.0,100000.0,4002825.0,44115085.0,48117910.0,1.0,0.679,normal
2009-07-28,EWY,40.3231,40.25,2163335871,53650000.0,400000.0,16129252.0,15702520.0,31831771.0,-0.0,-0.181,normal
2009-07-29,EWY,40.176,39.96,2167494553,53950000.0,300000.0,12052796.0,-7894115.0,4158682.0,0.0,-0.538,normal
2009-07-30,EWY,40.631,41.19,2200168325,54150000.0,200000.0,8126199.0,24547574.0,32673772.0,-1.0,1.376,normal
2009-07-31,EWY,41.5349,41.64,2249113048,54150000.0,0.0,0.0,48944723.0,48944723.0,0.0,0.253,normal
2009-08-03,EWY,41.8826,42.75,2272128338,54250000.0,100000.0,4188255.0,18827034.0,23015290.0,1.0,2.071,normal
2009-08-04,EWY,42.1376,42.36,2290180680,54350000.0,100000.0,4213764.0,13838578.0,18052342.0,-0.0,0.528,normal
2009-08-05,EWY,41.7136,41.92,2275474207,54550000.0,200000.0,8342710.0,-23049183.0,-14706473.0,-0.0,0.495,normal
2009-08-06,EWY,41.8704,41.7,2302872330,55000000.0,450000.0,18841683.0,8556440.0,27398123.0,0.0,-0.407,normal
2009-08-07,EWY,42.0008,42.73,2375146484,56550000.0,1550000.0,65101274.0,7172880.0,72274154.0,-0.0,1.736,normal
2009-08-10,EWY,41.8002,41.72,2363798652,56550000.0,0.0,0.0,-11347832.0,-11347832.0,-0.0,-0.192,normal
2009-08-11,EWY,41.4463,40.76,2354149272,56800000.0,250000.0,10361572.0,-20010953.0,-9649380.0,0.0,-1.656,normal
2009-08-12,EWY,40.7412,41.08,2320213561,56950000.0,150000.0,6111186.0,-40046897.0,-33935711.0,-0.0,0.832,normal
2009-08-13,EWY,41.0419,41.63,2343491462,57100000.0,150000.0,6156282.0,17121619.0,23277901.0,-0.0,1.433,normal
2009-08-14,EWY,41.8428,41.51,2389224794,57100000.0,0.0,0.0,45733331.0,45733332.0,1.0,-0.795,normal
2009-08-17,EWY,40.0623,39.15,2287559443,57100000.0,0.0,0.0,-101665351.0,-101665351.0,-0.0,-2.277,normal
2009-08-18,EWY,40.6199,40.4,2319393778,57100000.0,0.0,0.0,31834335.0,31834335.0,0.0,-0.541,normal
2009-08-19,EWY,40.3315,40.65,2302926195,57100000.0,0.0,0.0,-16467583.0,-16467583.0,-0.0,0.79,normal
2009-08-20,EWY,41.4273,41.68,2365499173,57100000.0,0.0,0.0,62572978.0,62572978.0,0.0,0.61,normal
2009-08-21,EWY,41.5601,42.36,2373083252,57100000.0,0.0,0.0,7584079.0,7584079.0,-0.0,1.925,normal
2009-08-24,EWY,42.8407,42.64,2446206482,57100000.0,0.0,0.0,73123231.0,73123230.0,-1.0,-0.469,normal
2009-08-25,EWY,42.296,42.36,2415100858,57100000.0,0.0,0.0,-31105625.0,-31105624.0,1.0,0.151,normal
2009-08-26,EWY,42.6307,42.46,2434210686,57100000.0,0.0,0.0,19109828.0,19109828.0,-0.0,-0.4,normal
2009-08-27,EWY,42.1145,42.34,2404736922,57100000.0,0.0,0.0,-29473764.0,-29473764.0,-0.0,0.535,normal
2009-08-28,EWY,42.5343,42.35,2428710700,57100000.0,0.0,0.0,23973778.0,23973778.0,0.0,-0.433,normal
2009-08-31,EWY,42.0043,41.59,2398448328,57100000.0,0.0,0.0,-30262372.0,-30262372.0,-0.0,-0.986,normal
2009-09-01,EWY,43.2104,41.84,2467313041,57100000.0,0.0,0.0,68864713.0,68864713.0,0.0,-3.171,normal
2009-09-02,EWY,42.6208,42.57,2433644825,57100000.0,0.0,0.0,-33668216.0,-33668216.0,-0.0,-0.119,normal
2009-09-03,EWY,42.6901,42.95,2433335244,57000000.0,-100000.0,-4269009.0,3959428.0,-309581.0,0.0,0.609,normal
2009-09-04,EWY,42.6374,43.3,2430332085,57000000.0,0.0,0.0,-3003159.0,-3003159.0,-0.0,1.554,normal
2009-09-08,EWY,43.3373,43.73,2470228608,57000000.0,0.0,0.0,39896523.0,39896523.0,-0.0,0.906,normal
2009-09-09,EWY,43.255,43.8,2465534088,57000000.0,0.0,0.0,-4694520.0,-4694520.0,0.0,1.26,normal
2009-09-10,EWY,44.3059,44.64,2525436756,57000000.0,0.0,0.0,59902668.0,59902668.0,-0.0,0.754,normal
2009-09-11,EWY,44.5966,44.81,2542007169,57000000.0,0.0,0.0,16570413.0,16570413.0,0.0,0.478,normal
2009-09-14,EWY,43.9281,44.41,2503899819,57000000.0,0.0,0.0,-38107350.0,-38107350.0,0.0,1.097,normal
2009-09-15,EWY,44.7721,45.54,2552009073,57000000.0,0.0,0.0,48109254.0,48109254.0,-0.0,1.715,normal
2009-09-16,EWY,46.0095,46.84,2629442068,57150000.0,150000.0,6901423.0,70531572.0,77432995.0,0.0,1.805,normal
2009-09-17,EWY,46.6131,46.53,2666267146,57200000.0,50000.0,2330653.0,34494426.0,36825078.0,-1.0,-0.178,normal
2009-09-18,EWY,46.4423,46.77,2665786929,57400000.0,200000.0,9288456.0,-9768673.0,-480217.0,-0.0,0.706,normal
2009-09-21,EWY,46.4536,46.46,2668760641,57450000.0,50000.0,2322681.0,651031.0,2973712.0,0.0,0.014,normal
2009-09-22,EWY,47.2871,47.58,2745018651,58050000.0,600000.0,28372286.0,47885724.0,76258010.0,0.0,0.619,normal
2009-09-23,EWY,47.5358,47.22,2780845119,58500000.0,450000.0,21391116.0,14435352.0,35826468.0,0.0,-0.664,normal
2009-09-24,EWY,46.9784,46.34,2755282515,58650000.0,150000.0,7046758.0,-32609363.0,-25562604.0,0.0,-1.359,normal
2009-09-25,EWY,47.2006,46.69,2782472481,58950000.0,300000.0,14160165.0,13029801.0,27189966.0,-1.0,-1.082,normal
2009-09-28,EWY,46.315,47.07,2730270606,58950000.0,0.0,0.0,-52201876.0,-52201875.0,1.0,1.63,normal
2009-09-29,EWY,47.1448,47.13,2779186903,58950000.0,0.0,0.0,48916297.0,48916297.0,-0.0,-0.031,normal
2009-09-30,EWY,47.0553,47.38,2773911704,58950000.0,0.0,0.0,-5275200.0,-5275199.0,1.0,0.69,normal
2009-10-01,EWY,46.1404,45.39,2701518722,58550000.0,-400000.0,-18456148.0,-53936833.0,-72392982.0,-1.0,-1.626,normal
2009-10-02,EWY,46.1379,45.11,2726752786,59100000.0,550000.0,25375872.0,-141808.0,25234064.0,0.0,-2.228,normal
2009-10-05,EWY,45.079,45.85,2664169314,59100000.0,0.0,0.0,-62583472.0,-62583472.0,0.0,1.71,normal
2009-10-06,EWY,44.9342,45.83,2678080227,59600000.0,500000.0,22467116.0,-8556202.0,13910913.0,-1.0,1.994,normal
2009-10-07,EWY,44.7531,45.17,2667282495,59600000.0,0.0,0.0,-10797732.0,-10797732.0,0.0,0.932,normal
2009-10-08,EWY,45.3757,45.87,2718003711,59900000.0,300000.0,13612706.0,37108510.0,50721216.0,0.0,1.089,normal
2009-10-09,EWY,46.5431,46.62,2846108792,61150000.0,1250000.0,58178839.0,69926242.0,128105081.0,1.0,0.165,normal
2009-10-12,EWY,46.0531,46.4,2836872623,61600000.0,450000.0,20723907.0,-29960076.0,-9236169.0,-1.0,0.753,normal
2009-10-13,EWY,45.8864,46.09,2826602794,61600000.0,0.0,0.0,-10269829.0,-10269829.0,-0.0,0.444,normal
2009-10-14,EWY,46.6774,47.68,2882332290,61750000.0,150000.0,7001617.0,48727879.0,55729496.0,-0.0,2.148,normal
2009-10-15,EWY,47.3747,47.66,2949077254,62250000.0,500000.0,23687368.0,43057596.0,66744964.0,1.0,0.602,normal
2009-10-16,EWY,46.3949,46.08,2908959290,62700000.0,450000.0,20877698.0,-60995662.0,-40117964.0,0.0,-0.679,normal
2009-10-19,EWY,46.3907,46.98,2908698081,62700000.0,0.0,0.0,-261208.0,-261209.0,-1.0,1.27,normal
2009-10-20,EWY,46.8752,46.24,2969542843,63350000.0,650000.0,30468869.0,30375893.0,60844762.0,0.0,-1.355,normal
2009-10-21,EWY,46.1133,45.82,2925889710,63450000.0,100000.0,4611331.0,-48264465.0,-43653133.0,0.0,-0.636,normal
2009-10-22,EWY,44.9901,45.47,2883863166,64100000.0,650000.0,29243542.0,-71270086.0,-42026544.0,-1.0,1.067,normal
2009-10-23,EWY,45.7095,45.43,2929980360,64100000.0,0.0,0.0,46117194.0,46117194.0,0.0,-0.612,normal
2009-10-26,EWY,46.4,45.73,2992801096,64500000.0,400000.0,18560007.0,44260729.0,62820736.0,-0.0,-1.444,normal
2009-10-27,EWY,45.9835,45.32,2965938846,64500000.0,0.0,0.0,-26862250.0,-26862250.0,0.0,-1.443,normal
2009-10-28,EWY,44.3946,43.45,2863451120,64500000.0,0.0,0.0,-102487727.0,-102487726.0,1.0,-2.128,normal
2009-10-29,EWY,43.7758,44.96,2823535875,64500000.0,0.0,0.0,-39915244.0,-39915245.0,-1.0,2.705,normal
2009-10-30,EWY,44.073,42.88,2842711144,64500000.0,0.0,0.0,19175270.0,19175269.0,-1.0,-2.707,normal
2009-11-02,EWY,43.4978,43.13,2807785443,64550000.0,50000.0,2174892.0,-37100594.0,-34925701.0,1.0,-0.846,normal
2009-11-03,EWY,43.2994,42.92,2794978206,64550000.0,0.0,0.0,-12807236.0,-12807237.0,-1.0,-0.876,normal
2009-11-04,EWY,44.3043,44.11,2859842049,64550000.0,0.0,0.0,64863842.0,64863843.0,1.0,-0.439,normal
2009-11-05,EWY,43.4671,44.21,2805803371,64550000.0,0.0,0.0,-54038678.0,-54038678.0,-0.0,1.709,normal
2009-11-06,EWY,44.5736,44.5,2870537135,64400000.0,-150000.0,-6686034.0,71419798.0,64733764.0,-1.0,-0.165,normal
2009-11-09,EWY,45.0147,45.89,2898944748,64400000.0,0.0,0.0,28407613.0,28407613.0,0.0,1.944,normal
2009-11-10,EWY,45.1897,45.36,2910215907,64400000.0,0.0,0.0,11271159.0,11271159.0,-0.0,0.377,normal
2009-11-11,EWY,45.7378,45.75,2945511486,64400000.0,0.0,0.0,35295579.0,35295579.0,-0.0,0.027,normal
2009-11-12,EWY,44.9636,44.67,2895653135,64400000.0,0.0,0.0,-49858351.0,-49858351.0,0.0,-0.653,normal
2009-11-13,EWY,44.8797,45.1,2872299072,64000000.0,-400000.0,-17951869.0,-5402194.0,-23354063.0,0.0,0.491,normal
2009-11-16,EWY,45.7868,46.15,2930356672,64000000.0,0.0,0.0,58057600.0,58057600.0,-0.0,0.793,normal
2009-11-17,EWY,45.6032,45.9,2918603712,64000000.0,0.0,0.0,-11752960.0,-11752960.0,-0.0,0.651,normal
2009-11-18,EWY,46.2538,46.09,2960240896,64000000.0,0.0,0.0,41637184.0,41637184.0,0.0,-0.354,normal
2009-11-19,EWY,46.6513,45.76,2985685056,64000000.0,0.0,0.0,25444160.0,25444160.0,-0.0,-1.911,normal
2009-11-20,EWY,46.5271,46.08,2977733184,64000000.0,0.0,0.0,-7951872.0,-7951872.0,-0.0,-0.961,normal
2009-11-23,EWY,46.6404,46.87,2970993289,63700000.0,-300000.0,-13992119.0,7252224.0,-6739895.0,0.0,0.492,normal
2009-11-24,EWY,46.1717,46.18,2941136143,63700000.0,0.0,0.0,-29857146.0,-29857146.0,-0.0,0.018,normal
2009-11-25,EWY,46.4563,46.48,2959264781,63700000.0,0.0,0.0,18128638.0,18128638.0,0.0,0.051,normal
2009-11-27,EWY,43.0485,44.0,2742190724,63700000.0,0.0,0.0,-217074057.0,-217074057.0,0.0,2.21,normal
2009-11-30,EWY,44.4175,44.38,2829393794,63700000.0,0.0,0.0,87203070.0,87203070.0,-0.0,-0.084,normal
2009-12-01,EWY,44.9841,45.58,2865484749,63700000.0,0.0,0.0,36090955.0,36090955.0,0.0,1.325,normal
2009-12-02,EWY,45.9922,46.06,2929701102,63700000.0,0.0,0.0,64216352.0,64216353.0,1.0,0.147,normal
2009-12-03,EWY,46.6207,46.45,2969741265,63700000.0,0.0,0.0,40040164.0,40040163.0,-1.0,-0.366,normal
2009-12-04,EWY,46.9635,47.06,2975139942,63350000.0,-350000.0,-16437237.0,21835914.0,5398677.0,0.0,0.205,normal
2009-12-07,EWY,47.1704,47.1,2988244903,63350000.0,0.0,0.0,13104961.0,13104961.0,-0.0,-0.149,normal
2009-12-08,EWY,46.9578,46.32,2974773906,63350000.0,0.0,0.0,-13470997.0,-13470997.0,0.0,-1.358,normal
2009-12-09,EWY,46.9037,46.87,2971347811,63350000.0,0.0,0.0,-3426095.0,-3426095.0,-0.0,-0.072,normal
2009-12-10,EWY,47.3388,47.15,2998912917,63350000.0,0.0,0.0,27565105.0,27565106.0,1.0,-0.399,normal
2009-12-11,EWY,47.4142,47.39,3003691407,63350000.0,0.0,0.0,4778490.0,4778490.0,-0.0,-0.051,normal
2009-12-14,EWY,47.8125,47.66,3028924282,63350000.0,0.0,0.0,25232875.0,25232875.0,-0.0,-0.319,normal
2009-12-15,EWY,47.6905,47.53,3021190768,63350000.0,0.0,0.0,-7733515.0,-7733514.0,1.0,-0.337,normal
2009-12-16,EWY,47.4473,47.47,3005784364,63350000.0,0.0,0.0,-15406403.0,-15406404.0,-1.0,0.048,normal
2009-12-17,EWY,46.3715,45.82,2937633321,63350000.0,0.0,0.0,-68151043.0,-68151043.0,0.0,-1.189,normal
2009-12-18,EWY,46.4023,45.92,2939588176,63350000.0,0.0,0.0,1954854.0,1954855.0,1.0,-1.04,normal
2009-12-21,EWY,46.0607,46.08,2917948196,63350000.0,0.0,0.0,-21639980.0,-21639980.0,-0.0,0.042,normal
2009-12-22,EWY,46.434,46.2,2939274859,63300000.0,-50000.0,-2321702.0,23648365.0,21326663.0,0.0,-0.504,normal
2009-12-23,EWY,46.5316,46.52,2945452812,63300000.0,0.0,0.0,6177953.0,6177953.0,-0.0,-0.025,normal
2009-12-24,EWY,47.4208,47.27,3001739425,63300000.0,0.0,0.0,56286613.0,56286613.0,-0.0,-0.318,normal
2009-12-28,EWY,47.6655,47.5,3017224631,63300000.0,0.0,0.0,15485206.0,15485206.0,0.0,-0.347,normal
2009-12-29,EWY,47.3348,47.34,2996291194,63300000.0,0.0,0.0,-20933437.0,-20933437.0,-0.0,0.011,normal
2009-12-30,EWY,47.9582,47.62,3035751844,63300000.0,0.0,0.0,39460650.0,39460650.0,-0.0,-0.705,normal
2009-12-31,EWY,47.9626,47.64,3036032896,63300000.0,0.0,0.0,281052.0,281052.0,-0.0,-0.673,normal
2010-01-04,EWY,48.7677,49.35,3086996676,63300000.0,0.0,0.0,50963779.0,50963780.0,1.0,1.194,normal
2010-01-05,EWY,49.2259,49.37,3115999660,63300000.0,0.0,0.0,29002984.0,29002984.0,0.0,0.293,normal
2010-01-06,EWY,49.882,50.08,3160026791,63350000.0,50000.0,2494102.0,41533029.0,44027131.0,0.0,0.397,normal
2010-01-07,EWY,49.0156,49.06,3105138767,63350000.0,0.0,0.0,-54888024.0,-54888024.0,-0.0,0.091,normal
2010-01-08,EWY,49.4945,49.78,3135474738,63350000.0,0.0,0.0,30335971.0,30335971.0,-0.0,0.577,normal
2010-01-11,EWY,49.7984,50.09,3154725663,63350000.0,0.0,0.0,19250925.0,19250925.0,0.0,0.586,normal
2010-01-12,EWY,49.8679,49.4,3159133175,63350000.0,0.0,0.0,4407513.0,4407512.0,-1.0,-0.938,normal
2010-01-13,EWY,48.9758,49.48,3109960760,63500000.0,150000.0,7346364.0,-56518779.0,-49172415.0,0.0,1.03,normal
2010-01-14,EWY,49.737,49.78,3158297786,63500000.0,0.0,0.0,48337025.0,48337026.0,1.0,0.086,normal
2010-01-15,EWY,50.0632,49.4,3191530785,63750000.0,250000.0,12515807.0,20717193.0,33232999.0,-1.0,-1.325,normal
2010-01-19,EWY,50.0213,50.42,3188856855,63750000.0,0.0,0.0,-2673930.0,-2673930.0,0.0,0.797,normal
2010-01-20,EWY,49.793,49.48,3174305408,63750000.0,0.0,0.0,-14551448.0,-14551447.0,1.0,-0.629,normal
2010-01-21,EWY,50.1715,49.0,3215992317,64100000.0,350000.0,17560020.0,24126889.0,41686909.0,-0.0,-2.335,normal
2010-01-22,EWY,48.3962,47.61,3111875338,64300000.0,200000.0,9679239.0,-113796217.0,-104116979.0,-1.0,-1.625,normal
2010-01-25,EWY,48.1795,48.07,3097941850,64300000.0,0.0,0.0,-13933489.0,-13933488.0,1.0,-0.227,normal
2010-01-26,EWY,46.6132,46.85,2997226510,64300000.0,0.0,0.0,-100715340.0,-100715340.0,0.0,0.508,normal
2010-01-27,EWY,46.3093,46.52,2977688440,64300000.0,0.0,0.0,-19538069.0,-19538070.0,-1.0,0.455,normal
2010-01-28,EWY,47.3411,46.27,3044032859,64300000.0,0.0,0.0,66344419.0,66344419.0,0.0,-2.263,normal
2010-01-29,EWY,45.9071,45.44,2961007563,64500000.0,200000.0,9181419.0,-92206714.0,-83025296.0,-0.0,-1.018,normal
2010-02-01,EWY,45.6787,46.53,2946276344,64500000.0,0.0,0.0,-14731220.0,-14731219.0,1.0,1.864,normal
2010-02-02,EWY,45.741,46.69,2957153193,64650000.0,150000.0,6861144.0,4015706.0,10876849.0,-1.0,2.075,normal
2010-02-03,EWY,46.7227,46.48,3022957590,64700000.0,50000.0,2336134.0,63468263.0,65804397.0,0.0,-0.519,normal
2010-02-04,EWY,46.6295,44.82,3023922426,64850000.0,150000.0,6994424.0,-6029587.0,964836.0,-0.0,-3.881,normal
2010-02-05,EWY,44.42,44.28,2880638816,64850000.0,0.0,0.0,-143283611.0,-143283610.0,1.0,-0.315,normal
2010-02-08,EWY,44.038,43.9,2829443620,64250000.0,-600000.0,-26422820.0,-24772376.0,-51195196.0,-0.0,-0.313,normal
2010-02-09,EWY,44.9362,45.17,2887151621,64250000.0,0.0,0.0,57708001.0,57708001.0,0.0,0.52,normal
2010-02-10,EWY,45.0435,45.09,2894045710,64250000.0,0.0,0.0,6894089.0,6894089.0,-0.0,0.103,normal
2010-02-11,EWY,45.9825,46.15,2954374147,64250000.0,0.0,0.0,60328437.0,60328437.0,-0.0,0.364,normal
2010-02-12,EWY,45.9962,45.69,2964456186,64450000.0,200000.0,9199243.0,882795.0,10082039.0,1.0,-0.666,normal
2010-02-16,EWY,46.1892,46.6,2976891426,64450000.0,0.0,0.0,12435241.0,12435240.0,-1.0,0.889,normal
2010-02-17,EWY,47.4031,47.26,3055126701,64450000.0,0.0,0.0,78235275.0,78235275.0,0.0,-0.302,normal
2010-02-18,EWY,46.8752,47.56,3021104771,64450000.0,0.0,0.0,-34021930.0,-34021930.0,0.0,1.461,normal
2010-02-19,EWY,45.6395,46.54,2941466097,64450000.0,0.0,0.0,-79638674.0,-79638674.0,-0.0,1.973,normal
2010-02-22,EWY,47.1426,47.03,3038339281,64450000.0,0.0,0.0,96873184.0,96873184.0,0.0,-0.239,normal
2010-02-23,EWY,47.0922,46.09,3035089390,64450000.0,0.0,0.0,-3249891.0,-3249891.0,0.0,-2.128,normal
2010-02-24,EWY,46.2999,46.37,2984029908,64450000.0,0.0,0.0,-51059481.0,-51059482.0,-1.0,0.151,normal
2010-02-25,EWY,45.1832,45.4,2912057691,64450000.0,0.0,0.0,-71972217.0,-71972217.0,0.0,0.48,normal
2010-02-26,EWY,45.5079,45.56,2932986217,64450000.0,0.0,0.0,20928526.0,20928526.0,-0.0,0.114,normal
2010-03-01,EWY,45.5123,46.23,2933264964,64450000.0,0.0,0.0,278746.0,278747.0,1.0,1.577,normal
2010-03-02,EWY,46.5282,46.77,2998739783,64450000.0,0.0,0.0,65474819.0,65474819.0,-0.0,0.52,normal
2010-03-03,EWY,46.9788,47.06,3027785336,64450000.0,0.0,0.0,29045553.0,29045553.0,0.0,0.173,normal
2010-03-04,EWY,46.9055,46.86,3023057993,64450000.0,0.0,0.0,-4727343.0,-4727343.0,0.0,-0.097,normal
2010-03-05,EWY,47.5567,48.4,3065027446,64450000.0,0.0,0.0,41969453.0,41969453.0,-0.0,1.773,normal
2010-03-08,EWY,48.6782,48.72,3137310054,64450000.0,0.0,0.0,72282608.0,72282608.0,-0.0,0.086,normal
2010-03-09,EWY,48.5789,48.82,3130908365,64450000.0,0.0,0.0,-6401690.0,-6401689.0,1.0,0.496,normal
2010-03-10,EWY,48.7262,49.24,3140400819,64450000.0,0.0,0.0,9492454.0,9492454.0,0.0,1.055,normal
2010-03-11,EWY,48.3991,48.95,3119323220,64450000.0,0.0,0.0,-21077599.0,-21077599.0,0.0,1.138,normal
2010-03-12,EWY,48.7089,48.68,3158769830,64850000.0,400000.0,19483546.0,19963065.0,39446610.0,-1.0,-0.059,normal
2010-03-15,EWY,48.0347,48.33,3146272260,65500000.0,650000.0,31222549.0,-43720119.0,-12497570.0,-0.0,0.615,normal
2010-03-16,EWY,48.1033,48.58,3150769163,65500000.0,0.0,0.0,4496902.0,4496903.0,1.0,0.991,normal
2010-03-17,EWY,49.4239,49.43,3257031715,65900000.0,400000.0,19769540.0,86493012.0,106262552.0,0.0,0.012,normal
2010-03-18,EWY,48.9196,49.09,3233587279,66100000.0,200000.0,9783925.0,-33228362.0,-23444436.0,0.0,0.348,normal
2010-03-19,EWY,49.3033,49.25,3266344155,66250000.0,150000.0,7395496.0,25361380.0,32756876.0,-0.0,-0.108,normal
2010-03-22,EWY,48.751,49.01,3229752160,66250000.0,0.0,0.0,-36591995.0,-36591995.0,-0.0,0.531,normal
2010-03-23,EWY,49.0627,49.4,3250406392,66250000.0,0.0,0.0,20654233.0,20654232.0,-1.0,0.687,normal
2010-03-24,EWY,49.081,49.03,3251616780,66250000.0,0.0,0.0,1210387.0,1210388.0,1.0,-0.104,normal
2010-03-25,EWY,49.1097,49.04,3253519944,66250000.0,0.0,0.0,1903164.0,1903164.0,0.0,-0.142,normal
2010-03-26,EWY,49.5181,48.74,3280571806,66250000.0,0.0,0.0,27051862.0,27051862.0,-0.0,-1.571,normal
2010-03-29,EWY,49.5558,49.68,3283070756,66250000.0,0.0,0.0,2498950.0,2498950.0,-0.0,0.251,normal
2010-03-30,EWY,49.9876,49.91,3311676115,66250000.0,0.0,0.0,28605359.0,28605359.0,0.0,-0.155,normal
2010-03-31,EWY,49.6959,50.0,3292356091,66250000.0,0.0,0.0,-19320024.0,-19320024.0,-0.0,0.612,normal
2010-04-01,EWY,50.897,51.61,3371923998,66250000.0,0.0,0.0,79567906.0,79567907.0,1.0,1.401,normal
2010-04-05,EWY,51.6937,52.12,3424710805,66250000.0,0.0,0.0,52786808.0,52786807.0,-1.0,0.825,normal
2010-04-06,EWY,51.65,52.15,3421815415,66250000.0,0.0,0.0,-2895390.0,-2895390.0,-0.0,0.968,normal
2010-04-07,EWY,51.663,51.65,3443336217,66650000.0,400000.0,20665184.0,855619.0,21520802.0,-0.0,-0.025,normal
2010-04-08,EWY,51.7697,52.07,3486691989,67350000.0,700000.0,36238818.0,7116954.0,43355772.0,0.0,0.58,normal
2010-04-09,EWY,51.6466,52.05,3504219503,67850000.0,500000.0,25823283.0,-8295769.0,17527514.0,-0.0,0.781,normal
2010-04-12,EWY,51.1952,51.38,3473593370,67850000.0,0.0,0.0,-30626133.0,-30626133.0,0.0,0.361,normal
2010-04-13,EWY,50.8219,51.32,3448267136,67850000.0,0.0,0.0,-25326234.0,-25326234.0,-0.0,0.98,normal
2010-04-14,EWY,52.1512,52.56,3585392181,68750000.0,900000.0,46936043.0,90189002.0,137125045.0,0.0,0.784,normal
2010-04-15,EWY,52.6225,52.68,3662522938,69600000.0,850000.0,44729088.0,32401669.0,77130757.0,1.0,0.109,normal
2010-04-16,EWY,52.1774,51.66,3647202287,69900000.0,300000.0,15653229.0,-30973879.0,-15320651.0,-0.0,-0.992,normal
2010-04-19,EWY,50.8528,51.07,3564779037,70100000.0,200000.0,10170554.0,-92593804.0,-82423250.0,0.0,0.427,normal
2010-04-20,EWY,51.2046,51.7,3599686403,70300000.0,200000.0,10240929.0,24666437.0,34907366.0,-0.0,0.967,normal
2010-04-21,EWY,52.6375,52.36,3718835984,70650000.0,350000.0,18423108.0,100726473.0,119149581.0,0.0,-0.527,normal
2010-04-22,EWY,52.324,52.47,3717622189,71050000.0,400000.0,20929611.0,-22143406.0,-1213795.0,-1.0,0.279,normal
2010-04-23,EWY,52.2309,52.74,3721449701,71250000.0,200000.0,10446175.0,-6618663.0,3827512.0,0.0,0.975,normal
2010-04-26,EWY,52.9754,52.9,3774495469,71250000.0,0.0,0.0,53045767.0,53045768.0,1.0,-0.142,normal
2010-04-27,EWY,52.5884,51.03,3746926421,71250000.0,0.0,0.0,-27569047.0,-27569048.0,-1.0,-2.963,normal
2010-04-28,EWY,51.7388,51.73,3686388574,71250000.0,0.0,0.0,-60537848.0,-60537847.0,1.0,-0.017,normal
2010-04-29,EWY,51.7399,52.4,3686469158,71250000.0,0.0,0.0,80584.0,80584.0,0.0,1.276,normal
2010-04-30,EWY,52.4997,51.85,3740606119,71250000.0,0.0,0.0,54136961.0,54136961.0,-0.0,-1.238,normal
2010-05-03,EWY,51.3183,51.74,3656426809,71250000.0,0.0,0.0,-84179310.0,-84179310.0,-0.0,0.822,normal
2010-05-04,EWY,51.4031,49.63,3662471659,71250000.0,0.0,0.0,6044850.0,6044850.0,0.0,-3.449,normal
2010-05-05,EWY,51.3955,48.68,3661926382,71250000.0,0.0,0.0,-545276.0,-545277.0,-1.0,-5.284,normal
2010-05-06,EWY,49.2263,46.74,3507374659,71250000.0,0.0,0.0,-154551724.0,-154551723.0,1.0,-5.051,normal
2010-05-07,EWY,47.5492,46.89,3378374141,71050000.0,-200000.0,-9509850.0,-119490667.0,-129000518.0,-1.0,-1.387,normal
2010-05-10,EWY,49.3792,49.89,3505923271,71000000.0,-50000.0,-2468960.0,130018090.0,127549130.0,0.0,1.034,normal
2010-05-11,EWY,48.8629,48.97,3435060183,70300000.0,-700000.0,-34204013.0,-36659075.0,-70863088.0,0.0,0.219,normal
2010-05-12,EWY,48.324,49.08,3387509175,70100000.0,-200000.0,-9664791.0,-37886217.0,-47551008.0,-1.0,1.565,normal
2010-05-13,EWY,49.9713,49.35,3502990303,70100000.0,0.0,0.0,115481128.0,115481128.0,0.0,-1.243,normal
2010-05-14,EWY,49.9275,48.69,3499915226,70100000.0,0.0,0.0,-3075077.0,-3075077.0,-0.0,-2.478,normal
2010-05-17,EWY,47.6536,48.05,3340517290,70100000.0,0.0,0.0,-159397937.0,-159397936.0,1.0,0.832,normal
2010-05-18,EWY,47.624,46.74,3336063161,70050000.0,-50000.0,-2381201.0,-2072927.0,-4454129.0,-1.0,-1.856,normal
2010-05-19,EWY,46.4912,46.27,3256705268,70050000.0,0.0,0.0,-79357894.0,-79357893.0,1.0,-0.476,normal
2010-05-20,EWY,44.549,43.3,3120656609,70050000.0,0.0,0.0,-136048658.0,-136048659.0,-1.0,-2.804,normal
2010-05-21,EWY,44.552,44.1,3120868020,70050000.0,0.0,0.0,211411.0,211411.0,0.0,-1.015,normal
2010-05-24,EWY,44.1318,43.52,3091430629,70050000.0,0.0,0.0,-29437392.0,-29437391.0,1.0,-1.386,normal
2010-05-25,EWY,41.7826,42.2,2926873652,70050000.0,0.0,0.0,-164556977.0,-164556977.0,-0.0,0.999,normal
2010-05-26,EWY,42.0876,42.09,2948239462,70050000.0,0.0,0.0,21365810.0,21365810.0,-0.0,0.006,normal
2010-05-27,EWY,43.7927,44.81,3067679546,70050000.0,0.0,0.0,119440083.0,119440084.0,1.0,2.323,normal
2010-05-28,EWY,45.3323,44.0,3175524253,70050000.0,0.0,0.0,107844707.0,107844707.0,0.0,-2.939,normal
2010-06-01,EWY,44.6015,43.49,3124337457,70050000.0,0.0,0.0,-51186796.0,-51186796.0,-0.0,-2.492,normal
2010-06-02,EWY,44.6064,45.07,3124679371,70050000.0,0.0,0.0,341914.0,341914.0,-0.0,1.039,normal
2010-06-03,EWY,46.2133,45.48,3237238303,70050000.0,0.0,0.0,112558932.0,112558932.0,0.0,-1.587,normal
2010-06-04,EWY,46.2318,44.33,3238537170,70050000.0,0.0,0.0,1298867.0,1298867.0,-0.0,-4.114,normal
2010-06-07,EWY,44.2756,43.51,3101506200,70050000.0,0.0,0.0,-137030969.0,-137030970.0,-1.0,-1.729,normal
2010-06-08,EWY,44.6352,44.38,3113301852,69750000.0,-300000.0,-13390546.0,25186197.0,11795652.0,0.0,-0.572,normal
2010-06-09,EWY,43.8541,43.9,3036893378,69250000.0,-500000.0,-21927028.0,-54481446.0,-76408474.0,-0.0,0.105,normal
2010-06-10,EWY,43.9011,44.78,3018197738,68750000.0,-500000.0,-21950529.0,3254888.0,-18695640.0,1.0,2.002,normal
2010-06-11,EWY,44.8458,45.11,3083151156,68750000.0,0.0,0.0,64953419.0,64953418.0,-1.0,0.589,normal
2010-06-14,EWY,46.157,45.93,3173291894,68750000.0,0.0,0.0,90140737.0,90140738.0,1.0,-0.492,normal
2010-06-15,EWY,45.9492,47.12,3159010181,68750000.0,0.0,0.0,-14281713.0,-14281713.0,-0.0,2.548,normal
2010-06-16,EWY,47.0312,47.19,3233392731,68750000.0,0.0,0.0,74382550.0,74382550.0,-0.0,0.338,normal
2010-06-17,EWY,46.9528,47.01,3228001769,68750000.0,0.0,0.0,-5390963.0,-5390962.0,1.0,0.122,normal
2010-06-18,EWY,47.4449,47.92,3261834262,68750000.0,0.0,0.0,33832494.0,33832493.0,-1.0,1.001,normal
2010-06-21,EWY,49.4776,48.89,3401584931,68750000.0,0.0,0.0,139750669.0,139750669.0,0.0,-1.188,normal
2010-06-22,EWY,48.7054,47.89,3338754347,68550000.0,-200000.0,-9741078.0,-53089506.0,-62830584.0,-0.0,-1.674,normal
2010-06-23,EWY,47.9816,47.71,3289137515,68550000.0,0.0,0.0,-49616833.0,-49616832.0,1.0,-0.566,normal
2010-06-24,EWY,48.3191,47.39,3312275813,68550000.0,0.0,0.0,23138298.0,23138298.0,-0.0,-1.923,normal
2010-06-25,EWY,46.9186,47.4,3216266740,68550000.0,0.0,0.0,-96009074.0,-96009073.0,1.0,1.026,normal
2010-06-28,EWY,47.4007,47.17,3249315517,68550000.0,0.0,0.0,33048778.0,33048777.0,-1.0,-0.487,normal
2010-06-29,EWY,46.1849,45.07,3165972907,68550000.0,0.0,0.0,-83342610.0,-83342610.0,0.0,-2.414,normal
2010-06-30,EWY,45.6284,44.71,3127828945,68550000.0,0.0,0.0,-38143962.0,-38143962.0,0.0,-2.013,normal
2010-07-01,EWY,44.8718,44.91,3075964015,68550000.0,0.0,0.0,-51864930.0,-51864930.0,-0.0,0.085,normal
2010-07-02,EWY,44.5377,44.25,3053060226,68550000.0,0.0,0.0,-22903789.0,-22903789.0,-0.0,-0.646,normal
2010-07-06,EWY,45.31,45.45,3106001665,68550000.0,0.0,0.0,52941439.0,52941439.0,-0.0,0.309,normal
2010-07-07,EWY,44.9244,46.03,3079570156,68550000.0,0.0,0.0,-26431509.0,-26431509.0,0.0,2.461,normal
2010-07-08,EWY,46.118,46.5,3142942586,68150000.0,-400000.0,-18447205.0,81819635.0,63372430.0,0.0,0.828,normal
2010-07-09,EWY,47.4408,47.45,3233087112,68150000.0,0.0,0.0,90144527.0,90144526.0,-1.0,0.019,normal
2010-07-12,EWY,47.5297,47.54,3239151849,68150000.0,0.0,0.0,6064737.0,6064737.0,0.0,0.022,normal
2010-07-13,EWY,47.1411,47.87,3212666169,68150000.0,0.0,0.0,-26485680.0,-26485680.0,-0.0,1.546,normal
2010-07-14,EWY,48.1948,48.36,3284474938,68150000.0,0.0,0.0,71808769.0,71808769.0,-0.0,0.343,normal
2010-07-15,EWY,48.017,48.19,3272356369,68150000.0,0.0,0.0,-12118569.0,-12118569.0,0.0,0.36,normal
2010-07-16,EWY,47.4781,46.37,3235631493,68150000.0,0.0,0.0,-36724876.0,-36724876.0,0.0,-2.334,normal
2010-07-19,EWY,46.8237,46.96,3191036450,68150000.0,0.0,0.0,-44595043.0,-44595043.0,-0.0,0.291,normal
2010-07-20,EWY,47.346,47.81,3226628333,68150000.0,0.0,0.0,35591883.0,35591883.0,0.0,0.98,normal
2010-07-21,EWY,47.8557,47.45,3261368885,68150000.0,0.0,0.0,34740553.0,34740552.0,-1.0,-0.848,normal
2010-07-22,EWY,47.4518,48.33,3233842692,68150000.0,0.0,0.0,-27526194.0,-27526193.0,1.0,1.851,normal
2010-07-23,EWY,48.3416,48.85,3294479904,68150000.0,0.0,0.0,60637212.0,60637212.0,-0.0,1.052,normal
2010-07-26,EWY,48.998,49.56,3339216290,68150000.0,0.0,0.0,44736386.0,44736386.0,-0.0,1.147,normal
2010-07-27,EWY,49.4519,49.41,3370145486,68150000.0,0.0,0.0,30929196.0,30929196.0,0.0,-0.085,normal
2010-07-28,EWY,49.4944,49.06,3373043292,68150000.0,0.0,0.0,2897806.0,2897806.0,-0.0,-0.878,normal
2010-07-29,EWY,49.299,49.0,3359723851,68150000.0,0.0,0.0,-13319440.0,-13319441.0,-1.0,-0.606,normal
2010-07-30,EWY,49.0494,49.05,3342718382,68150000.0,0.0,0.0,-17005470.0,-17005469.0,1.0,0.001,normal
2010-08-02,EWY,50.2266,50.63,3422945652,68150000.0,0.0,0.0,80227270.0,80227270.0,-0.0,0.803,normal
2010-08-03,EWY,50.5623,50.83,3445823471,68150000.0,0.0,0.0,22877819.0,22877819.0,0.0,0.529,normal
2010-08-04,EWY,50.5813,50.87,3447116140,68150000.0,0.0,0.0,1292669.0,1292669.0,-0.0,0.571,normal
2010-08-05,EWY,50.4349,50.6,3437137822,68150000.0,0.0,0.0,-9978319.0,-9978318.0,1.0,0.327,normal
2010-08-06,EWY,50.5798,50.66,3447015006,68150000.0,0.0,0.0,9877184.0,9877184.0,0.0,0.159,normal
2010-08-09,EWY,50.8368,50.83,3464526012,68150000.0,0.0,0.0,17511006.0,17511006.0,-0.0,-0.013,normal
2010-08-10,EWY,50.1958,50.13,3420843634,68150000.0,0.0,0.0,-43682378.0,-43682378.0,0.0,-0.131,normal
2010-08-11,EWY,48.9997,48.08,3339326556,68150000.0,0.0,0.0,-81517077.0,-81517078.0,-1.0,-1.877,normal
2010-08-12,EWY,47.7646,47.85,3255158989,68150000.0,0.0,0.0,-84167567.0,-84167567.0,0.0,0.179,normal
2010-08-13,EWY,48.5439,48.28,3308266376,68150000.0,0.0,0.0,53107387.0,53107387.0,0.0,-0.544,normal
2010-08-16,EWY,48.2966,48.36,3291412881,68150000.0,0.0,0.0,-16853495.0,-16853495.0,0.0,0.131,normal
2010-08-17,EWY,48.9965,49.24,3339110589,68150000.0,0.0,0.0,47697708.0,47697708.0,0.0,0.497,normal
2010-08-18,EWY,49.2207,49.41,3354387843,68150000.0,0.0,0.0,15277254.0,15277254.0,0.0,0.385,normal
2010-08-19,EWY,49.9431,49.49,3403620220,68150000.0,0.0,0.0,49232378.0,49232377.0,-1.0,-0.907,normal
2010-08-20,EWY,49.3332,49.25,3362055263,68150000.0,0.0,0.0,-41564958.0,-41564957.0,1.0,-0.169,normal
2010-08-23,EWY,49.1514,48.96,3349671318,68150000.0,0.0,0.0,-12383945.0,-12383945.0,0.0,-0.39,normal
2010-08-24,EWY,48.6198,48.28,3313436167,68150000.0,0.0,0.0,-36235151.0,-36235151.0,-0.0,-0.699,normal
2010-08-25,EWY,47.6823,47.59,3249551267,68150000.0,0.0,0.0,-63884900.0,-63884900.0,0.0,-0.194,normal
2010-08-26,EWY,47.8403,47.34,3260318353,68150000.0,0.0,0.0,10767087.0,10767086.0,-1.0,-1.046,normal
2010-08-27,EWY,47.6215,48.0,3245403180,68150000.0,0.0,0.0,-14915173.0,-14915173.0,-0.0,0.795,normal
2010-08-30,EWY,48.631,47.92,3314204558,68150000.0,0.0,0.0,68801378.0,68801378.0,0.0,-1.462,normal
2010-08-31,EWY,47.7647,47.79,3255167644,68150000.0,0.0,0.0,-59036914.0,-59036914.0,-0.0,0.053,normal
2010-09-01,EWY,48.8328,49.64,3327955933,68150000.0,0.0,0.0,72788289.0,72788289.0,0.0,1.653,normal
2010-09-02,EWY,49.2308,49.66,3355077725,68150000.0,0.0,0.0,27121792.0,27121792.0,0.0,0.872,normal
2010-09-03,EWY,49.5875,50.09,3379389215,68150000.0,0.0,0.0,24311490.0,24311490.0,-0.0,1.013,normal
2010-09-07,EWY,49.8873,49.55,3399819427,68150000.0,0.0,0.0,20430211.0,20430212.0,1.0,-0.676,normal
2010-09-08,EWY,49.7279,49.99,3388954477,68150000.0,0.0,0.0,-10864950.0,-10864950.0,0.0,0.527,normal
2010-09-09,EWY,50.0391,50.49,3410164529,68150000.0,0.0,0.0,21210052.0,21210052.0,0.0,0.901,normal
2010-09-10,EWY,50.5799,50.92,3467252830,68550000.0,400000.0,20231964.0,36856338.0,57088301.0,-1.0,0.672,normal
2010-09-13,EWY,51.2775,51.61,3515073242,68550000.0,0.0,0.0,47820411.0,47820412.0,1.0,0.648,normal
2010-09-14,EWY,51.1747,51.57,3508028016,68550000.0,0.0,0.0,-7045226.0,-7045226.0,0.0,0.772,normal
2010-09-15,EWY,51.4112,51.79,3524235155,68550000.0,0.0,0.0,16207139.0,16207139.0,-0.0,0.737,normal
2010-09-16,EWY,50.8794,51.23,3497956412,68750000.0,200000.0,10175873.0,-36454616.0,-26278743.0,-0.0,0.689,normal
2010-09-17,EWY,51.58,51.38,3546123900,68750000.0,0.0,0.0,48167488.0,48167488.0,0.0,-0.388,normal
2010-09-20,EWY,51.72,52.25,3555752475,68750000.0,0.0,0.0,9628575.0,9628575.0,0.0,1.025,normal
2010-09-21,EWY,51.7187,52.37,3566004227,68950000.0,200000.0,10343740.0,-91987.0,10251752.0,-0.0,1.259,normal
2010-09-22,EWY,51.7171,52.41,3565891218,68950000.0,0.0,0.0,-113009.0,-113009.0,0.0,1.34,normal
2010-09-23,EWY,51.713,51.8,3565611005,68950000.0,0.0,0.0,-280213.0,-280213.0,-0.0,0.168,normal
2010-09-24,EWY,52.2402,52.77,3601961169,68950000.0,0.0,0.0,36350164.0,36350164.0,-0.0,1.014,normal
2010-09-27,EWY,52.7784,52.68,3639067577,68950000.0,0.0,0.0,37106408.0,37106408.0,0.0,-0.186,normal
2010-09-28,EWY,52.6488,52.89,3630137794,68950000.0,0.0,0.0,-8929783.0,-8929783.0,0.0,0.458,normal
2010-09-29,EWY,53.2125,53.15,3669003392,68950000.0,0.0,0.0,38865598.0,38865598.0,-0.0,-0.117,normal
2010-09-30,EWY,53.3949,53.49,3681578217,68950000.0,0.0,0.0,12574825.0,12574825.0,-0.0,0.178,normal
2010-10-01,EWY,54.0597,54.44,3727418659,68950000.0,0.0,0.0,45840442.0,45840442.0,-0.0,0.703,normal
2010-10-04,EWY,54.607,54.57,3765152443,68950000.0,0.0,0.0,37733784.0,37733784.0,0.0,-0.068,normal
2010-10-05,EWY,54.2215,55.16,3738569874,68950000.0,0.0,0.0,-26582569.0,-26582569.0,0.0,1.731,normal
2010-10-06,EWY,55.6083,55.97,3834193664,68950000.0,0.0,0.0,95623790.0,95623790.0,-0.0,0.65,normal
2010-10-07,EWY,55.6003,55.47,3833640685,68950000.0,0.0,0.0,-552979.0,-552979.0,0.0,-0.234,normal
2010-10-08,EWY,55.1315,55.68,3806832423,69050000.0,100000.0,5513153.0,-32321416.0,-26808262.0,0.0,0.995,normal
2010-10-11,EWY,55.0572,55.16,3801696553,69050000.0,0.0,0.0,-5135870.0,-5135870.0,-0.0,0.187,normal
2010-10-12,EWY,53.6579,54.32,3705079790,69050000.0,0.0,0.0,-96616762.0,-96616763.0,-1.0,1.234,normal
2010-10-13,EWY,54.3221,54.99,3761803278,69250000.0,200000.0,10864414.0,45859074.0,56723488.0,0.0,1.23,normal
2010-10-14,EWY,55.5563,55.41,3847270659,69250000.0,0.0,0.0,85467381.0,85467381.0,0.0,-0.263,normal
2010-10-15,EWY,55.6054,55.64,3853451309,69300000.0,50000.0,2780268.0,3400383.0,6180650.0,-1.0,0.062,normal
2010-10-18,EWY,54.318,56.0,3764237400,69300000.0,0.0,0.0,-89213909.0,-89213909.0,0.0,3.097,normal
2010-10-19,EWY,53.2517,52.79,3690341147,69300000.0,0.0,0.0,-73896253.0,-73896253.0,0.0,-0.867,normal
2010-10-20,EWY,53.8217,53.98,3729845681,69300000.0,0.0,0.0,39504534.0,39504534.0,-0.0,0.294,normal
2010-10-21,EWY,53.9094,53.98,3735923984,69300000.0,0.0,0.0,6078303.0,6078303.0,0.0,0.131,normal
2010-10-22,EWY,54.9624,54.7,3808896884,69300000.0,0.0,0.0,72972900.0,72972900.0,-0.0,-0.477,normal
2010-10-25,EWY,55.7937,55.64,3886032807,69650000.0,350000.0,19527803.0,57608120.0,77135923.0,0.0,-0.276,normal
2010-10-26,EWY,55.7768,55.48,3884857394,69650000.0,0.0,0.0,-1175413.0,-1175413.0,0.0,-0.532,normal
2010-10-27,EWY,54.7696,54.5,3814703406,69650000.0,0.0,0.0,-70153987.0,-70153988.0,-1.0,-0.492,normal
2010-10-28,EWY,55.012,55.04,3831585382,69650000.0,0.0,0.0,16881976.0,16881976.0,0.0,0.051,normal
2010-10-29,EWY,54.2,54.39,3775027493,69650000.0,0.0,0.0,-56557890.0,-56557889.0,0.0,0.351,normal
2010-11-01,EWY,55.6216,55.35,3874046878,69650000.0,0.0,0.0,99019385.0,99019385.0,-0.0,-0.488,normal
2010-11-02,EWY,55.854,56.0,3890232493,69650000.0,0.0,0.0,16185615.0,16185615.0,-0.0,0.261,normal
2010-11-03,EWY,56.4766,56.79,3933597976,69650000.0,0.0,0.0,43365483.0,43365483.0,-0.0,0.555,normal
2010-11-04,EWY,56.9913,57.79,3969440980,69650000.0,0.0,0.0,35843004.0,35843004.0,-0.0,1.401,normal
2010-11-05,EWY,57.0938,57.44,3976581429,69650000.0,0.0,0.0,7140448.0,7140449.0,1.0,0.606,normal
2010-11-08,EWY,56.8883,57.13,3962270792,69650000.0,0.0,0.0,-14310637.0,-14310637.0,0.0,0.425,normal
2010-11-09,EWY,56.9189,56.75,3964399017,69650000.0,0.0,0.0,2128225.0,2128225.0,-0.0,-0.297,normal
2010-11-10,EWY,57.7864,57.63,4024823944,69650000.0,0.0,0.0,60424927.0,60424927.0,-0.0,-0.271,normal
2010-11-11,EWY,56.1963,57.3,3914075220,69650000.0,0.0,0.0,-110748724.0,-110748724.0,-0.0,1.964,normal
2010-11-12,EWY,55.3719,55.46,3873263496,69950000.0,300000.0,16611566.0,-57423291.0,-40811724.0,1.0,0.159,normal
2010-11-15,EWY,55.4724,55.47,3880296828,69950000.0,0.0,0.0,7033333.0,7033332.0,-1.0,-0.004,normal
2010-11-16,EWY,55.3721,54.19,3873281683,69950000.0,0.0,0.0,-7015146.0,-7015145.0,1.0,-2.135,normal
2010-11-17,EWY,54.5162,54.47,3813410988,69950000.0,0.0,0.0,-59870695.0,-59870695.0,-0.0,-0.085,normal
2010-11-18,EWY,55.8069,56.08,3900900842,69900000.0,-50000.0,-2790344.0,90280198.0,87489854.0,-0.0,0.489,normal
2010-11-19,EWY,56.3128,56.52,3936264860,69900000.0,0.0,0.0,35364018.0,35364018.0,0.0,0.368,normal
2010-11-22,EWY,56.9377,56.57,3979942434,69900000.0,0.0,0.0,43677574.0,43677574.0,-0.0,-0.646,normal
2010-11-23,EWY,55.9463,53.5,3910646440,69900000.0,0.0,0.0,-69295994.0,-69295994.0,0.0,-4.373,normal
2010-11-24,EWY,55.8451,55.41,3903569974,69900000.0,0.0,0.0,-7076466.0,-7076466.0,0.0,-0.779,normal
2010-11-26,EWY,54.284,53.51,3794450691,69900000.0,0.0,0.0,-109119282.0,-109119283.0,-1.0,-1.426,normal
2010-11-29,EWY,54.5199,53.7,3810943736,69900000.0,0.0,0.0,16493045.0,16493045.0,0.0,-1.504,normal
2010-11-30,EWY,54.2,53.97,3788577204,69900000.0,0.0,0.0,-22366532.0,-22366532.0,0.0,-0.424,normal
2010-12-01,EWY,55.257,55.63,3845887757,69600000.0,-300000.0,-16577102.0,73887655.0,57310553.0,0.0,0.675,normal
2010-12-02,EWY,56.16,56.56,3908737810,69600000.0,0.0,0.0,62850053.0,62850053.0,0.0,0.712,normal
2010-12-03,EWY,57.104,57.31,3948743744,69150000.0,-450000.0,-25696814.0,65702748.0,40005934.0,-0.0,0.361,normal
2010-12-06,EWY,57.344,57.19,3965338914,69150000.0,0.0,0.0,16595170.0,16595170.0,-0.0,-0.269,normal
2010-12-07,EWY,57.7412,57.35,3963935028,68650000.0,-500000.0,-28870612.0,27466726.0,-1403886.0,0.0,-0.677,normal
2010-12-08,EWY,56.7622,57.08,3896725716,68650000.0,0.0,0.0,-67209311.0,-67209312.0,-1.0,0.56,normal
2010-12-09,EWY,58.159,57.92,3992617684,68650000.0,0.0,0.0,95891968.0,95891968.0,0.0,-0.411,normal
2010-12-10,EWY,57.7833,57.95,3978378346,68850000.0,200000.0,11556655.0,-25795993.0,-14239338.0,0.0,0.288,normal
2010-12-13,EWY,58.004,58.22,3993575193,68850000.0,0.0,0.0,15196847.0,15196847.0,-0.0,0.372,normal
2010-12-14,EWY,58.686,58.63,4040533166,68850000.0,0.0,0.0,46957972.0,46957973.0,1.0,-0.096,normal
2010-12-15,EWY,58.0697,57.55,3998096642,68850000.0,0.0,0.0,-42436524.0,-42436524.0,-0.0,-0.895,normal
2010-12-16,EWY,57.8806,58.13,3985076969,68850000.0,0.0,0.0,-13019673.0,-13019673.0,-0.0,0.431,normal
2010-12-17,EWY,58.509,58.08,4028344857,68850000.0,0.0,0.0,43267887.0,43267888.0,1.0,-0.733,normal
2010-12-20,EWY,58.6141,58.49,4035580303,68850000.0,0.0,0.0,7235446.0,7235446.0,-0.0,-0.212,normal
2010-12-21,EWY,58.5506,58.63,4031205574,68850000.0,0.0,0.0,-4374729.0,-4374729.0,-0.0,0.136,normal
2010-12-22,EWY,58.684,58.8,4040394984,68850000.0,0.0,0.0,9189410.0,9189410.0,0.0,0.198,normal
2010-12-23,EWY,58.9514,58.71,4058805887,68850000.0,0.0,0.0,18410903.0,18410903.0,-0.0,-0.409,normal
2010-12-27,EWY,58.3579,58.44,4017940520,68850000.0,0.0,0.0,-40865367.0,-40865367.0,-0.0,0.141,normal
2010-12-28,EWY,58.7821,58.93,4047145933,68850000.0,0.0,0.0,29205413.0,29205413.0,0.0,0.252,normal
2010-12-29,EWY,59.2615,59.7,4080155927,68850000.0,0.0,0.0,33009995.0,33009994.0,-1.0,0.74,normal
2010-12-30,EWY,59.9998,60.83,4130988364,68850000.0,0.0,0.0,50832437.0,50832437.0,0.0,1.384,normal
2010-12-31,EWY,60.0014,61.19,4170094590,69500000.0,650000.0,39000885.0,105341.0,39106226.0,1.0,1.981,normal
2011-01-03,EWY,61.1467,61.78,4249694677,69500000.0,0.0,0.0,79600087.0,79600087.0,-0.0,1.036,normal
2011-01-04,EWY,61.8709,61.92,4334053253,70050000.0,550000.0,34028969.0,50329606.0,84358576.0,0.0,0.079,normal
2011-01-05,EWY,61.5622,61.94,4364763170,70900000.0,850000.0,52327908.0,-21617990.0,30709917.0,-1.0,0.614,normal
2011-01-06,EWY,61.7343,61.51,4392393666,71150000.0,250000.0,15433569.0,12196927.0,27630496.0,0.0,-0.363,normal
2011-01-07,EWY,61.7636,61.84,4428449116,71700000.0,550000.0,33969972.0,2085478.0,36055450.0,0.0,0.124,normal
2011-01-10,EWY,61.2738,60.92,4411711800,72000000.0,300000.0,18382132.0,-35119449.0,-16737316.0,0.0,-0.577,normal
2011-01-11,EWY,61.4414,61.57,4423782024,72000000.0,0.0,0.0,12070224.0,12070224.0,-0.0,0.209,normal
2011-01-12,EWY,62.0264,62.81,4481408628,72250000.0,250000.0,15506604.0,42120000.0,57626604.0,-0.0,1.263,normal
2011-01-13,EWY,62.1862,62.34,4508496890,72500000.0,250000.0,15546541.0,11541721.0,27088262.0,0.0,0.247,normal
2011-01-14,EWY,62.8378,62.98,4574594097,72800000.0,300000.0,18851349.0,47245858.0,66097207.0,0.0,0.226,normal
2011-01-18,EWY,62.3943,62.76,4557903688,73050000.0,250000.0,15598575.0,-32288984.0,-16690409.0,-0.0,0.586,normal
2011-01-19,EWY,63.3729,62.76,4645232397,73300000.0,250000.0,15843221.0,71485488.0,87328709.0,-0.0,-0.967,normal
2011-01-20,EWY,62.4201,62.3,4575390545,73300000.0,0.0,0.0,-69841853.0,-69841852.0,1.0,-0.192,normal
2011-01-21,EWY,61.1141,61.11,4488828809,73450000.0,150000.0,9167111.0,-95728847.0,-86561736.0,-0.0,-0.007,normal
2011-01-24,EWY,61.6768,61.98,4530162356,73450000.0,0.0,0.0,41333547.0,41333547.0,0.0,0.492,normal
2011-01-25,EWY,62.0159,61.66,4555065064,73450000.0,0.0,0.0,24902708.0,24902708.0,-0.0,-0.574,normal
2011-01-26,EWY,63.0032,62.9,4627581441,73450000.0,0.0,0.0,72516377.0,72516377.0,-0.0,-0.164,normal
2011-01-27,EWY,63.1616,63.27,4639217684,73450000.0,0.0,0.0,11636243.0,11636243.0,0.0,0.172,normal
2011-01-28,EWY,63.1317,61.36,4637021015,73450000.0,0.0,0.0,-2196669.0,-2196669.0,0.0,-2.806,normal
2011-01-31,EWY,61.5566,61.4,4521335796,73450000.0,0.0,0.0,-115685219.0,-115685219.0,-0.0,-0.255,normal
2011-02-01,EWY,61.9235,63.32,4548281295,73450000.0,0.0,0.0,26945500.0,26945499.0,-1.0,2.255,normal
2011-02-02,EWY,61.9283,63.19,4536248708,73250000.0,-200000.0,-12385662.0,353074.0,-12032587.0,1.0,2.037,normal
2011-02-03,EWY,61.9289,63.05,4536295368,73250000.0,0.0,0.0,46660.0,46660.0,-0.0,1.81,normal
2011-02-04,EWY,61.9289,63.14,4536292072,73250000.0,0.0,0.0,-3296.0,-3296.0,0.0,1.956,normal
2011-02-07,EWY,62.7546,62.95,4596776208,73250000.0,0.0,0.0,60484136.0,60484136.0,-0.0,0.311,normal
2011-02-08,EWY,62.4946,62.74,4577729670,73250000.0,0.0,0.0,-19046538.0,-19046538.0,0.0,0.393,normal
2011-02-09,EWY,61.5255,61.09,4506742362,73250000.0,0.0,0.0,-70987308.0,-70987308.0,-0.0,-0.708,normal
2011-02-10,EWY,59.8671,60.04,4388256598,73300000.0,50000.0,2993354.0,-121479118.0,-118485764.0,1.0,0.289,normal
2011-02-11,EWY,58.2977,59.3,4273225002,73300000.0,0.0,0.0,-115031596.0,-115031596.0,-0.0,1.719,normal
2011-02-14,EWY,59.9998,59.66,4397984827,73300000.0,0.0,0.0,124759825.0,124759825.0,-0.0,-0.566,normal
2011-02-15,EWY,60.0451,59.62,4416313795,73550000.0,250000.0,15011264.0,3317705.0,18328968.0,-0.0,-0.708,normal
2011-02-16,EWY,59.2862,59.6,4360500084,73550000.0,0.0,0.0,-55813712.0,-55813711.0,1.0,0.529,normal
2011-02-17,EWY,59.2389,59.72,4357019036,73550000.0,0.0,0.0,-3481048.0,-3481048.0,-0.0,0.812,normal
2011-02-18,EWY,60.5163,60.47,4450971511,73550000.0,0.0,0.0,93952476.0,93952475.0,-1.0,-0.076,normal
2011-02-22,EWY,58.4149,58.09,4296415969,73550000.0,0.0,0.0,-154555543.0,-154555542.0,1.0,-0.556,normal
2011-02-23,EWY,58.382,57.8,4293995806,73550000.0,0.0,0.0,-2420163.0,-2420163.0,-0.0,-0.997,normal
2011-02-24,EWY,57.7032,57.81,4244072861,73550000.0,0.0,0.0,-49922945.0,-49922945.0,0.0,0.185,normal
2011-02-25,EWY,58.3019,58.5,4288107613,73550000.0,0.0,0.0,44034753.0,44034752.0,-1.0,0.34,normal
2011-02-28,EWY,57.6231,58.06,4238177240,73550000.0,0.0,0.0,-49930374.0,-49930373.0,1.0,0.758,normal
2011-03-01,EWY,57.6242,57.2,4238262043,73550000.0,0.0,0.0,84803.0,84803.0,-0.0,-0.736,normal
2011-03-02,EWY,57.3747,57.87,4219908376,73550000.0,0.0,0.0,-18353667.0,-18353667.0,0.0,0.863,normal
2011-03-03,EWY,59.0385,59.41,4342282337,73550000.0,0.0,0.0,122373961.0,122373961.0,-0.0,0.629,normal
2011-03-04,EWY,60.4387,60.12,4445267488,73550000.0,0.0,0.0,102985151.0,102985151.0,-0.0,-0.527,normal
2011-03-07,EWY,59.3036,58.91,4361780442,73550000.0,0.0,0.0,-83487046.0,-83487046.0,0.0,-0.664,normal
2011-03-08,EWY,59.7622,59.86,4395510178,73550000.0,0.0,0.0,33729736.0,33729736.0,0.0,0.164,normal
2011-03-09,EWY,59.9448,59.95,4408937245,73550000.0,0.0,0.0,13427067.0,13427067.0,-0.0,0.009,normal
2011-03-10,EWY,58.8339,57.93,4327235772,73550000.0,0.0,0.0,-81701473.0,-81701473.0,-0.0,-1.536,normal
2011-03-11,EWY,57.8791,58.1,4257011041,73550000.0,0.0,0.0,-70224731.0,-70224731.0,-0.0,0.382,normal
2011-03-14,EWY,58.6177,58.77,4311334336,73550000.0,0.0,0.0,54323295.0,54323295.0,0.0,0.26,normal
2011-03-15,EWY,56.9149,57.7,4186088762,73550000.0,0.0,0.0,-125245574.0,-125245574.0,-0.0,1.379,normal
2011-03-16,EWY,58.2053,56.61,4281002683,73550000.0,0.0,0.0,94913921.0,94913921.0,-0.0,-2.741,normal
2011-03-17,EWY,58.0153,58.19,4267026198,73550000.0,0.0,0.0,-13976486.0,-13976485.0,1.0,0.301,normal
2011-03-18,EWY,58.9788,58.96,4337890666,73550000.0,0.0,0.0,70864469.0,70864468.0,-1.0,-0.032,normal
2011-03-21,EWY,59.5466,60.05,4379654489,73550000.0,0.0,0.0,41763823.0,41763823.0,0.0,0.845,normal
2011-03-22,EWY,59.9738,60.07,4411075711,73550000.0,0.0,0.0,31421222.0,31421222.0,0.0,0.16,normal
2011-03-23,EWY,59.7185,60.09,4392294719,73550000.0,0.0,0.0,-18780992.0,-18780992.0,0.0,0.622,normal
2011-03-24,EWY,60.5988,61.37,4463100294,73650000.0,100000.0,6059878.0,64745697.0,70805575.0,-0.0,1.273,normal
2011-03-25,EWY,61.6677,62.13,4557243252,73900000.0,250000.0,15416926.0,78726032.0,94142958.0,1.0,0.75,normal
2011-03-28,EWY,61.7565,61.97,4585416487,74250000.0,350000.0,21614758.0,6558477.0,28173235.0,-0.0,0.346,normal
2011-03-29,EWY,62.434,62.78,4641964852,74350000.0,100000.0,6243396.0,50304969.0,56548365.0,0.0,0.554,normal
2011-03-30,EWY,63.4674,63.99,4741015154,74700000.0,350000.0,22213592.0,76836710.0,99050302.0,0.0,0.823,normal
2011-03-31,EWY,64.2744,64.35,4830219732,75150000.0,450000.0,28923471.0,60281107.0,89204578.0,-1.0,0.118,normal
2011-04-01,EWY,65.0391,65.74,4923458507,75700000.0,550000.0,35771495.0,57467280.0,93238775.0,-0.0,1.078,normal
2011-04-04,EWY,65.1604,65.38,4994543510,76650000.0,950000.0,61902366.0,9182637.0,71085003.0,0.0,0.337,normal
2011-04-05,EWY,65.3866,65.51,5047845520,77200000.0,550000.0,35962630.0,17339380.0,53302010.0,0.0,0.189,normal
2011-04-06,EWY,65.4031,65.69,5114522498,78200000.0,1000000.0,65403101.0,1273877.0,66676978.0,-0.0,0.439,normal
2011-04-07,EWY,65.0348,65.05,5114986312,78650000.0,450000.0,29265656.0,-28801842.0,463814.0,0.0,0.023,normal
2011-04-08,EWY,65.417,64.97,5151585521,78750000.0,100000.0,6541696.0,30057513.0,36599209.0,-0.0,-0.683,normal
2011-04-11,EWY,65.2248,64.41,5159280810,79100000.0,350000.0,22828676.0,-15133388.0,7695289.0,0.0,-1.249,normal
2011-04-12,EWY,63.656,63.24,5035185882,79100000.0,0.0,0.0,-124094928.0,-124094928.0,-0.0,-0.653,normal
2011-04-13,EWY,65.1141,64.79,5150525706,79100000.0,0.0,0.0,115339823.0,115339824.0,1.0,-0.498,normal
2011-04-14,EWY,65.8013,65.53,5204882593,79100000.0,0.0,0.0,54356887.0,54356887.0,-0.0,-0.412,normal
2011-04-15,EWY,65.528,65.62,5183265512,79100000.0,0.0,0.0,-21617081.0,-21617081.0,-0.0,0.14,normal
2011-04-18,EWY,65.3733,64.45,5171025024,79100000.0,0.0,0.0,-12240488.0,-12240488.0,-0.0,-1.412,normal
2011-04-19,EWY,64.9101,65.3,5134389147,79100000.0,0.0,0.0,-36635877.0,-36635877.0,-0.0,0.601,normal
2011-04-20,EWY,67.1545,67.55,5311924826,79100000.0,0.0,0.0,177535679.0,177535679.0,0.0,0.589,normal
2011-04-21,EWY,68.144,68.36,5390192457,79100000.0,0.0,0.0,78267631.0,78267631.0,0.0,0.317,normal
2011-04-25,EWY,68.325,68.24,5404509794,79100000.0,0.0,0.0,14317337.0,14317337.0,-0.0,-0.124,normal
2011-04-26,EWY,67.776,68.47,5361078911,79100000.0,0.0,0.0,-43430883.0,-43430883.0,0.0,1.024,normal
2011-04-27,EWY,68.3594,68.36,5407232337,79100000.0,0.0,0.0,46153426.0,46153426.0,-0.0,0.001,normal
2011-04-28,EWY,68.9038,68.34,5457177238,79200000.0,100000.0,6890375.0,43054525.0,49944901.0,0.0,-0.818,normal
2011-04-29,EWY,68.4889,68.97,5424322464,79200000.0,0.0,0.0,-32854774.0,-32854774.0,-0.0,0.702,normal
2011-05-02,EWY,70.1309,69.64,5554366567,79200000.0,0.0,0.0,130044103.0,130044103.0,-0.0,-0.7,normal
2011-05-03,EWY,69.0178,68.28,5466212849,79200000.0,0.0,0.0,-88153718.0,-88153718.0,0.0,-1.069,normal
2011-05-04,EWY,67.7759,66.91,5367853102,79200000.0,0.0,0.0,-98359747.0,-98359747.0,0.0,-1.278,normal
2011-05-05,EWY,67.7774,66.17,5367968575,79200000.0,0.0,0.0,115474.0,115473.0,-1.0,-2.372,normal
2011-05-06,EWY,66.1817,66.65,5241588581,79200000.0,0.0,0.0,-126379994.0,-126379994.0,0.0,0.708,normal
2011-05-09,EWY,66.0485,66.18,5224438565,79100000.0,-100000.0,-6604853.0,-10545163.0,-17150016.0,-0.0,0.199,normal
2011-05-10,EWY,66.0506,66.8,5224604438,79100000.0,0.0,0.0,165873.0,165873.0,0.0,1.135,normal
2011-05-11,EWY,67.4163,65.82,5332631940,79100000.0,0.0,0.0,108027503.0,108027502.0,-1.0,-2.368,normal
2011-05-12,EWY,65.3788,65.63,5191074497,79400000.0,300000.0,19613632.0,-161171075.0,-141557443.0,0.0,0.384,normal
2011-05-13,EWY,65.1939,64.32,5176399154,79400000.0,0.0,0.0,-14675343.0,-14675343.0,0.0,-1.341,normal
2011-05-16,EWY,64.3162,64.07,5106703580,79400000.0,0.0,0.0,-69695573.0,-69695574.0,-1.0,-0.383,normal
2011-05-17,EWY,64.4494,63.95,5117280613,79400000.0,0.0,0.0,10577033.0,10577033.0,0.0,-0.775,normal
2011-05-18,EWY,65.5378,65.34,5203699017,79400000.0,0.0,0.0,86418404.0,86418404.0,-0.0,-0.302,normal
2011-05-19,EWY,64.3291,64.66,4959777234,77100000.0,-2300000.0,-147957038.0,-95964746.0,-243921783.0,1.0,0.514,normal
2011-05-20,EWY,64.9983,64.25,5011366154,77100000.0,0.0,0.0,51588921.0,51588920.0,-1.0,-1.151,normal
2011-05-23,EWY,62.3932,61.9,4810512713,77100000.0,0.0,0.0,-200853441.0,-200853441.0,0.0,-0.79,normal
2011-05-24,EWY,62.7789,62.23,4840251340,77100000.0,0.0,0.0,29738626.0,29738627.0,1.0,-0.874,normal
2011-05-25,EWY,61.6121,62.21,4750289132,77100000.0,0.0,0.0,-89962207.0,-89962208.0,-1.0,0.971,normal
2011-05-26,EWY,64.1846,63.64,4948631812,77100000.0,0.0,0.0,198342680.0,198342680.0,0.0,-0.849,normal
2011-05-27,EWY,64.8115,64.89,4996965956,77100000.0,0.0,0.0,48334144.0,48334144.0,-0.0,0.121,normal
2011-05-31,EWY,66.0831,66.01,5068573463,76700000.0,-400000.0,-26433238.0,98040745.0,71607507.0,-0.0,-0.111,normal
2011-06-01,EWY,66.2926,64.94,5084640042,76700000.0,0.0,0.0,16066579.0,16066579.0,-0.0,-2.04,normal
2011-06-02,EWY,64.9984,65.14,4985377970,76700000.0,0.0,0.0,-99262072.0,-99262072.0,0.0,0.218,normal
2011-06-03,EWY,65.009,64.81,4986191144,76700000.0,0.0,0.0,813173.0,813174.0,1.0,-0.306,normal
2011-06-06,EWY,65.006,64.06,4985962041,76700000.0,0.0,0.0,-229103.0,-229103.0,-0.0,-1.455,normal
2011-06-07,EWY,64.4911,64.38,4946464916,76700000.0,0.0,0.0,-39497125.0,-39497125.0,0.0,-0.172,normal
2011-06-08,EWY,64.0626,63.51,4897584394,76450000.0,-250000.0,-16015646.0,-32864876.0,-48880522.0,-0.0,-0.863,normal
2011-06-09,EWY,63.3975,63.9,4846740328,76450000.0,0.0,0.0,-50844066.0,-50844066.0,0.0,0.793,normal
2011-06-10,EWY,62.6047,62.01,4786129239,76450000.0,0.0,0.0,-60611089.0,-60611089.0,0.0,-0.95,normal
2011-06-13,EWY,62.5823,62.3,4784413777,76450000.0,0.0,0.0,-1715462.0,-1715462.0,-0.0,-0.451,normal
2011-06-14,EWY,63.7306,63.87,4872204064,76450000.0,0.0,0.0,87790287.0,87790287.0,-0.0,0.219,normal
2011-06-15,EWY,63.9134,62.55,4886181418,76450000.0,0.0,0.0,13977354.0,13977354.0,0.0,-2.133,normal
2011-06-16,EWY,62.1871,62.0,4751092072,76400000.0,-50000.0,-3109353.0,-131979993.0,-135089346.0,0.0,-0.301,normal
2011-06-17,EWY,61.6271,61.91,4708313725,76400000.0,0.0,0.0,-42778346.0,-42778347.0,-1.0,0.459,normal
2011-06-20,EWY,61.144,61.55,4671403892,76400000.0,0.0,0.0,-36909833.0,-36909833.0,0.0,0.664,normal
2011-06-21,EWY,62.5696,63.07,4780319961,76400000.0,0.0,0.0,108916069.0,108916069.0,-0.0,0.8,normal
2011-06-22,EWY,62.9557,62.44,4809815709,76400000.0,0.0,0.0,29495748.0,29495748.0,0.0,-0.819,normal
2011-06-23,EWY,62.4681,62.29,4772562764,76400000.0,0.0,0.0,-37252946.0,-37252945.0,1.0,-0.285,normal
2011-06-24,EWY,63.5831,62.51,4857745860,76400000.0,0.0,0.0,85183097.0,85183096.0,-1.0,-1.688,normal
2011-06-27,EWY,62.5436,62.9,4778332644,76400000.0,0.0,0.0,-79413216.0,-79413216.0,-0.0,0.57,normal
2011-06-28,EWY,62.408,63.55,4767967456,76400000.0,0.0,0.0,-10365188.0,-10365188.0,0.0,1.83,normal
2011-06-29,EWY,63.7609,64.32,4871330086,76400000.0,0.0,0.0,103362630.0,103362630.0,0.0,0.877,normal
2011-06-30,EWY,64.4407,65.0,4923271772,76400000.0,0.0,0.0,51941686.0,51941686.0,0.0,0.868,normal
2011-07-01,EWY,65.3946,66.07,4996146829,76400000.0,0.0,0.0,72875057.0,72875057.0,0.0,1.033,normal
2011-07-05,EWY,66.6702,66.53,5093599536,76400000.0,0.0,0.0,97452708.0,97452707.0,-1.0,-0.21,normal
2011-07-06,EWY,67.1389,66.71,5129410279,76400000.0,0.0,0.0,35810743.0,35810743.0,0.0,-0.639,normal
2011-07-07,EWY,67.3509,67.94,5145605093,76400000.0,0.0,0.0,16194814.0,16194814.0,0.0,0.875,normal
2011-07-08,EWY,67.8357,67.47,5182647938,76400000.0,0.0,0.0,37042846.0,37042845.0,-1.0,-0.539,normal
2011-07-11,EWY,66.8986,65.69,5114395677,76450000.0,50000.0,3344929.0,-71597190.0,-68252261.0,1.0,-1.807,normal
2011-07-12,EWY,64.772,64.61,4951817795,76450000.0,0.0,0.0,-162577882.0,-162577882.0,-0.0,-0.25,normal
2011-07-13,EWY,65.6866,65.7,5021737130,76450000.0,0.0,0.0,69919335.0,69919335.0,-0.0,0.021,normal
2011-07-14,EWY,65.6603,65.3,5019730470,76450000.0,0.0,0.0,-2006660.0,-2006660.0,-0.0,-0.549,normal
2011-07-15,EWY,66.0174,65.62,5047028930,76450000.0,0.0,0.0,27298460.0,27298460.0,-0.0,-0.602,normal
2011-07-18,EWY,65.1483,64.5,4980585624,76450000.0,0.0,0.0,-66443307.0,-66443306.0,1.0,-0.995,normal
2011-07-19,EWY,65.159,65.69,4981402874,76450000.0,0.0,0.0,817250.0,817250.0,-0.0,0.815,normal
2011-07-20,EWY,66.4136,66.23,5077322931,76450000.0,0.0,0.0,95920057.0,95920057.0,0.0,-0.277,normal
2011-07-21,EWY,66.098,66.64,5053189348,76450000.0,0.0,0.0,-24133583.0,-24133583.0,0.0,0.82,normal
2011-07-22,EWY,67.0284,66.77,5124319192,76450000.0,0.0,0.0,71129844.0,71129844.0,-0.0,-0.386,normal
2011-07-25,EWY,66.0481,66.22,5049377321,76450000.0,0.0,0.0,-74941871.0,-74941871.0,-0.0,0.26,normal
2011-07-26,EWY,66.8966,66.55,5114247899,76450000.0,0.0,0.0,64870577.0,64870578.0,1.0,-0.518,normal
2011-07-27,EWY,67.1405,65.72,5132889543,76450000.0,0.0,0.0,18641644.0,18641644.0,-0.0,-2.116,normal
2011-07-28,EWY,66.3579,65.97,5073060767,76450000.0,0.0,0.0,-59828776.0,-59828776.0,0.0,-0.585,normal
2011-07-29,EWY,65.5487,65.68,5011199950,76450000.0,0.0,0.0,-61860817.0,-61860817.0,0.0,0.2,normal
2011-08-01,EWY,67.0767,65.89,5128010581,76450000.0,0.0,0.0,116810631.0,116810631.0,0.0,-1.769,normal
2011-08-02,EWY,65.3519,63.72,4996150309,76450000.0,0.0,0.0,-131860272.0,-131860272.0,-0.0,-2.497,normal
2011-08-03,EWY,62.9273,62.76,4810793538,76450000.0,0.0,0.0,-185356771.0,-185356771.0,0.0,-0.266,normal
2011-08-04,EWY,61.4052,58.61,4694429451,76450000.0,0.0,0.0,-116364086.0,-116364087.0,-1.0,-4.552,normal
2011-08-05,EWY,58.8555,58.37,4499501522,76450000.0,0.0,0.0,-194927929.0,-194927929.0,-0.0,-0.825,normal
2011-08-08,EWY,55.8987,53.0,4273459438,76450000.0,0.0,0.0,-226042085.0,-226042084.0,1.0,-5.186,normal
2011-08-09,EWY,53.5451,55.0,4093522054,76450000.0,0.0,0.0,-179937383.0,-179937384.0,-1.0,2.717,normal
2011-08-10,EWY,53.9967,51.44,4074053505,75450000.0,-1000000.0,-53996733.0,34528184.0,-19468549.0,0.0,-4.735,normal
2011-08-11,EWY,54.0926,55.03,4067764197,75200000.0,-250000.0,-13523152.0,7233844.0,-6289308.0,0.0,1.733,normal
2011-08-12,EWY,53.2465,54.23,4004139131,75200000.0,0.0,0.0,-63625066.0,-63625066.0,-0.0,1.847,normal
2011-08-15,EWY,53.2582,55.43,3986373501,74850000.0,-350000.0,-18640357.0,874726.0,-17765630.0,1.0,4.078,normal
2011-08-16,EWY,56.5267,55.43,4231025217,74850000.0,0.0,0.0,244651716.0,244651716.0,0.0,-1.94,normal
2011-08-17,EWY,56.5964,56.21,4236243459,74850000.0,0.0,0.0,5218243.0,5218242.0,-1.0,-0.683,normal
2011-08-18,EWY,55.1422,52.69,4075007619,73900000.0,-950000.0,-52385078.0,-108850762.0,-161235840.0,-0.0,-4.447,normal
2011-08-19,EWY,50.8748,50.86,3724033896,73200000.0,-700000.0,-35612346.0,-315361377.0,-350973723.0,0.0,-0.029,normal
2011-08-22,EWY,50.1311,50.31,3639519602,72600000.0,-600000.0,-30078674.0,-54435619.0,-84514294.0,-0.0,0.357,normal
2011-08-23,EWY,52.6237,53.14,3809955301,72400000.0,-200000.0,-10524738.0,180960437.0,170435699.0,1.0,0.981,normal
2011-08-24,EWY,51.7546,52.65,3747032171,72400000.0,0.0,0.0,-62923130.0,-62923130.0,-0.0,1.73,normal
2011-08-25,EWY,52.0315,51.37,3746264832,72000000.0,-400000.0,-20812582.0,20045243.0,-767339.0,0.0,-1.271,normal
2011-08-26,EWY,52.8783,53.06,3794014940,71750000.0,-250000.0,-13219564.0,60969672.0,47750108.0,0.0,0.344,normal
2011-08-29,EWY,54.8353,55.3,3934432416,71750000.0,0.0,0.0,140417477.0,140417476.0,-1.0,0.848,normal
2011-08-30,EWY,55.3723,55.16,3972963314,71750000.0,0.0,0.0,38530898.0,38530898.0,-0.0,-0.383,normal
2011-08-31,EWY,56.7425,56.7,4071273801,71750000.0,0.0,0.0,98310487.0,98310487.0,0.0,-0.075,normal
2011-09-01,EWY,57.1612,56.02,4101313302,71750000.0,0.0,0.0,30039501.0,30039501.0,0.0,-1.996,normal
2011-09-02,EWY,56.499,54.65,4053805116,71750000.0,0.0,0.0,-47508186.0,-47508186.0,0.0,-3.273,normal
2011-09-06,EWY,52.6509,53.97,3767174042,71550000.0,-200000.0,-10530186.0,-276100888.0,-286631074.0,-0.0,2.505,normal
2011-09-07,EWY,55.0618,56.14,3939669000,71550000.0,0.0,0.0,172494958.0,172494958.0,-0.0,1.958,normal
2011-09-08,EWY,55.4672,54.6,3968675584,71550000.0,0.0,0.0,29006585.0,29006584.0,-1.0,-1.563,normal
2011-09-09,EWY,54.239,52.19,3869954933,71350000.0,-200000.0,-10847806.0,-87872845.0,-98720651.0,-0.0,-3.778,normal
2011-09-12,EWY,54.2365,52.18,3869773347,71350000.0,0.0,0.0,-181586.0,-181586.0,-0.0,-3.792,normal
2011-09-13,EWY,54.2359,52.39,3869729824,71350000.0,0.0,0.0,-43523.0,-43523.0,0.0,-3.403,normal
2011-09-14,EWY,50.8164,52.06,3625750925,71350000.0,0.0,0.0,-243978899.0,-243978899.0,0.0,2.447,normal
2011-09-15,EWY,51.2696,52.73,3627321794,70750000.0,-600000.0,-30761740.0,32332609.0,1570869.0,-1.0,2.849,normal
2011-09-16,EWY,53.4295,53.58,3812192399,71350000.0,600000.0,32057680.0,152812925.0,184870605.0,0.0,0.282,normal
2011-09-19,EWY,51.8364,51.57,3698525998,71350000.0,0.0,0.0,-113666401.0,-113666401.0,-0.0,-0.514,normal
2011-09-20,EWY,51.8903,51.83,3702372477,71350000.0,0.0,0.0,3846478.0,3846479.0,1.0,-0.116,normal
2011-09-21,EWY,52.275,49.98,3729819181,71350000.0,0.0,0.0,27446704.0,27446704.0,0.0,-4.39,normal
2011-09-22,EWY,49.3393,45.67,3520360625,71350000.0,0.0,0.0,-209458556.0,-209458556.0,0.0,-7.437,normal
2011-09-23,EWY,46.8223,46.67,3340770106,71350000.0,0.0,0.0,-179590519.0,-179590519.0,-0.0,-0.325,normal
2011-09-26,EWY,45.1101,47.24,3193792460,70800000.0,-550000.0,-24810535.0,-122167111.0,-146977646.0,-0.0,4.722,normal
2011-09-27,EWY,48.3428,49.18,3417837798,70700000.0,-100000.0,-4834283.0,228879620.0,224045338.0,0.0,1.732,normal
2011-09-28,EWY,48.2852,47.42,3413761519,70700000.0,0.0,0.0,-4076279.0,-4076279.0,0.0,-1.792,normal
2011-09-29,EWY,49.6472,48.57,3510055343,70700000.0,0.0,0.0,96293824.0,96293824.0,-0.0,-2.17,normal
2011-09-30,EWY,49.3857,46.57,3491569556,70700000.0,0.0,0.0,-18485788.0,-18485787.0,1.0,-5.702,normal
2011-10-03,EWY,49.3835,45.27,3456844090,70000000.0,-700000.0,-34568441.0,-157025.0,-34725466.0,-0.0,-8.33,normal
2011-10-04,EWY,46.9803,46.8,3288618760,70000000.0,0.0,0.0,-168225330.0,-168225330.0,0.0,-0.384,normal
2011-10-05,EWY,46.0634,47.15,3224439820,70000000.0,0.0,0.0,-64178940.0,-64178940.0,0.0,2.359,normal
2011-10-06,EWY,47.4145,48.62,3231300697,68150000.0,-1850000.0,-87716893.0,94577770.0,6860877.0,0.0,2.542,normal
2011-10-07,EWY,49.3014,48.49,3359890955,68150000.0,0.0,0.0,128590259.0,128590258.0,-1.0,-1.646,normal
2011-10-10,EWY,49.7375,50.75,3389610625,68150000.0,0.0,0.0,29719670.0,29719670.0,0.0,2.036,normal
2011-10-11,EWY,50.8276,50.45,3463900395,68150000.0,0.0,0.0,74289770.0,74289770.0,0.0,-0.743,normal
2011-10-12,EWY,51.1923,52.0,3488752315,68150000.0,0.0,0.0,24851920.0,24851920.0,0.0,1.578,normal
2011-10-13,EWY,51.9587,51.45,3540982475,68150000.0,0.0,0.0,52230160.0,52230160.0,-0.0,-0.979,normal
2011-10-14,EWY,52.2412,52.82,3560234781,68150000.0,0.0,0.0,19252307.0,19252306.0,-1.0,1.108,normal
2011-10-17,EWY,53.7056,51.62,3660038071,68150000.0,0.0,0.0,99803290.0,99803290.0,0.0,-3.883,normal
2011-10-18,EWY,52.6635,52.98,3567954970,67750000.0,-400000.0,-21065417.0,-71017684.0,-92083101.0,-0.0,0.601,normal
2011-10-19,EWY,53.755,52.84,3636524938,67650000.0,-100000.0,-5375499.0,73945466.0,68569968.0,0.0,-1.702,normal
2011-10-20,EWY,51.7953,51.64,3498769340,67550000.0,-100000.0,-5179525.0,-132576073.0,-137755598.0,0.0,-0.3,normal
2011-10-21,EWY,52.6641,52.98,3552191319,67450000.0,-100000.0,-5266407.0,58688386.0,53421979.0,-0.0,0.6,normal
2011-10-24,EWY,55.0864,55.48,3688034480,66950000.0,-500000.0,-27543200.0,163386361.0,135843161.0,0.0,0.715,normal
2011-10-25,EWY,55.1578,54.3,3692811630,66950000.0,0.0,0.0,4777150.0,4777150.0,-0.0,-1.555,normal
2011-10-26,EWY,55.0009,54.63,3632811096,66050000.0,-900000.0,-49500832.0,-10499702.0,-60000534.0,0.0,-0.674,normal
2011-10-27,EWY,56.5764,58.02,3736872277,66050000.0,0.0,0.0,104061181.0,104061181.0,0.0,2.552,normal
2011-10-28,EWY,57.445,57.46,3782755291,65850000.0,-200000.0,-11489006.0,57372021.0,45883014.0,-1.0,0.026,normal
2011-10-31,EWY,56.7941,55.4,3666056831,64550000.0,-1300000.0,-73832283.0,-42866177.0,-116698460.0,0.0,-2.455,normal
2011-11-01,EWY,56.5793,54.53,3652195752,64550000.0,0.0,0.0,-13861080.0,-13861079.0,1.0,-3.622,normal
2011-11-02,EWY,55.7604,55.82,3599332206,64550000.0,0.0,0.0,-52863545.0,-52863546.0,-1.0,0.107,normal
2011-11-03,EWY,54.4316,55.76,3480900244,63950000.0,-600000.0,-32658955.0,-85773007.0,-118431962.0,-0.0,2.441,normal
2011-11-04,EWY,57.3016,56.55,3652975916,63750000.0,-200000.0,-11460317.0,183535988.0,172075672.0,0.0,-1.312,normal
2011-11-07,EWY,56.6108,56.68,3600446180,63600000.0,-150000.0,-8491618.0,-44038118.0,-52529736.0,-0.0,0.122,normal
2011-11-08,EWY,55.798,56.75,3548753436,63600000.0,0.0,0.0,-51692744.0,-51692744.0,0.0,1.706,normal
2011-11-09,EWY,56.2241,53.5,3575853205,63600000.0,0.0,0.0,27099769.0,27099769.0,-0.0,-4.845,normal
2011-11-10,EWY,52.4632,53.23,3336656976,63600000.0,0.0,0.0,-239196229.0,-239196229.0,0.0,1.462,normal
2011-11-11,EWY,54.4183,54.83,3461006297,63600000.0,0.0,0.0,124349321.0,124349321.0,0.0,0.756,normal
2011-11-14,EWY,55.7209,54.57,3513203817,63050000.0,-550000.0,-30646504.0,82844024.0,52197520.0,-0.0,-2.066,normal
2011-11-15,EWY,55.039,54.7,3470208256,63050000.0,0.0,0.0,-42995560.0,-42995561.0,-1.0,-0.616,normal
2011-11-16,EWY,53.6714,53.34,3351779554,62450000.0,-600000.0,-32202846.0,-86225856.0,-118428702.0,-0.0,-0.618,normal
2011-11-17,EWY,54.4435,52.25,3399995701,62450000.0,0.0,0.0,48216146.0,48216147.0,1.0,-4.029,normal
2011-11-18,EWY,52.829,52.69,3254267632,61600000.0,-850000.0,-44904667.0,-100823402.0,-145728069.0,-0.0,-0.263,normal
2011-11-21,EWY,52.1451,50.99,3183456157,61050000.0,-550000.0,-28679785.0,-42131690.0,-70811475.0,-0.0,-2.215,normal
2011-11-22,EWY,52.209,51.75,3153423358,60400000.0,-650000.0,-33935847.0,3903049.0,-30032799.0,-0.0,-0.879,normal
2011-11-23,EWY,50.5157,49.77,3028413637,59950000.0,-450000.0,-22732046.0,-102277676.0,-125009721.0,0.0,-1.476,normal
2011-11-25,EWY,49.9059,49.52,2951931028,59150000.0,-800000.0,-39924680.0,-36557930.0,-76482609.0,1.0,-0.773,normal
2011-11-28,EWY,51.5882,51.99,3051443331,59150000.0,0.0,0.0,99512304.0,99512303.0,-1.0,0.779,normal
2011-11-29,EWY,53.3624,52.97,3156386315,59150000.0,0.0,0.0,104942984.0,104942984.0,0.0,-0.735,normal
2011-11-30,EWY,53.1687,56.06,3144928842,59150000.0,0.0,0.0,-11457473.0,-11457473.0,0.0,5.438,normal
2011-12-01,EWY,56.2318,55.98,3326113868,59150000.0,0.0,0.0,181185027.0,181185026.0,-1.0,-0.448,normal
2011-12-02,EWY,55.8628,55.59,3304282372,59150000.0,0.0,0.0,-21831496.0,-21831496.0,0.0,-0.488,normal
2011-12-05,EWY,56.1555,56.4,3321600605,59150000.0,0.0,0.0,17318233.0,17318233.0,0.0,0.435,normal
2011-12-06,EWY,55.4569,55.76,3280276641,59150000.0,0.0,0.0,-41323965.0,-41323964.0,1.0,0.546,normal
2011-12-07,EWY,56.157,55.81,3321688443,59150000.0,0.0,0.0,41411802.0,41411802.0,-0.0,-0.618,normal
2011-12-08,EWY,55.6598,54.04,3292277111,59150000.0,0.0,0.0,-29411332.0,-29411332.0,-0.0,-2.91,normal
2011-12-09,EWY,53.7228,54.68,3177700899,59150000.0,0.0,0.0,-114576212.0,-114576212.0,-0.0,1.782,normal
2011-12-12,EWY,54.5177,52.94,3211093531,58900000.0,-250000.0,-13629429.0,47022061.0,33392632.0,-0.0,-2.894,normal
2011-12-13,EWY,53.0461,52.21,3124414406,58900000.0,0.0,0.0,-86679125.0,-86679125.0,-0.0,-1.576,normal
2011-12-14,EWY,52.6155,51.27,3083266425,58600000.0,-300000.0,-15784640.0,-25363341.0,-41147981.0,1.0,-2.557,normal
2011-12-15,EWY,51.1564,51.39,2977302014,58200000.0,-400000.0,-20462557.0,-85501854.0,-105964411.0,-1.0,0.457,normal
2011-12-16,EWY,52.0972,51.77,3032059659,58200000.0,0.0,0.0,54757645.0,54757645.0,0.0,-0.628,normal
2011-12-19,EWY,49.6925,49.48,2877196329,57900000.0,-300000.0,-14907753.0,-139955577.0,-154863330.0,0.0,-0.428,normal
2011-12-20,EWY,50.199,51.56,2906523953,57900000.0,0.0,0.0,29327624.0,29327624.0,0.0,2.711,normal
2011-12-21,EWY,52.6066,52.14,3045924109,57900000.0,0.0,0.0,139400156.0,139400156.0,0.0,-0.887,normal
2011-12-22,EWY,52.2111,52.67,3033465375,58100000.0,200000.0,10442222.0,-22900955.0,-12458734.0,-0.0,0.879,normal
2011-12-23,EWY,53.044,53.09,3081858434,58100000.0,0.0,0.0,48393059.0,48393059.0,0.0,0.087,normal
2011-12-27,EWY,51.9543,51.81,3018545992,58100000.0,0.0,0.0,-63312441.0,-63312442.0,-1.0,-0.278,normal
2011-12-28,EWY,52.094,51.48,3026660877,58100000.0,0.0,0.0,8114885.0,8114885.0,-0.0,-1.179,normal
2011-12-29,EWY,52.3005,52.2,3038659863,58100000.0,0.0,0.0,11998986.0,11998986.0,-0.0,-0.192,normal
2011-12-30,EWY,52.2998,52.26,3038615766,58100000.0,0.0,0.0,-44098.0,-44097.0,1.0,-0.076,normal
2012-01-03,EWY,54.0393,54.27,3139682052,58100000.0,0.0,0.0,101066286.0,101066286.0,-0.0,0.427,normal
2012-01-04,EWY,53.7482,54.02,3122772221,58100000.0,0.0,0.0,-16909831.0,-16909831.0,-0.0,0.506,normal
2012-01-05,EWY,53.3508,53.38,3099681364,58100000.0,0.0,0.0,-23090857.0,-23090857.0,0.0,0.055,normal
2012-01-06,EWY,52.2667,52.19,3036693643,58100000.0,0.0,0.0,-62987721.0,-62987721.0,-0.0,-0.147,normal
2012-01-09,EWY,51.6761,52.07,3002382862,58100000.0,0.0,0.0,-34310781.0,-34310781.0,-0.0,0.762,normal
2012-01-10,EWY,52.7106,53.15,3062485221,58100000.0,0.0,0.0,60102358.0,60102359.0,1.0,0.834,normal
2012-01-11,EWY,52.3706,52.58,3042733952,58100000.0,0.0,0.0,-19751269.0,-19751269.0,0.0,0.4,normal
2012-01-12,EWY,52.9427,53.19,3075970638,58100000.0,0.0,0.0,33236686.0,33236686.0,-0.0,0.467,normal
2012-01-13,EWY,53.8138,53.29,3126580444,58100000.0,0.0,0.0,50609806.0,50609806.0,-0.0,-0.973,normal
2012-01-17,EWY,54.4637,54.32,3153445856,57900000.0,-200000.0,-10892732.0,37758144.0,26865412.0,-0.0,-0.264,normal
2012-01-18,EWY,54.6587,55.21,3164739946,57900000.0,0.0,0.0,11294090.0,11294090.0,0.0,1.009,normal
2012-01-19,EWY,55.7259,56.17,3226530247,57900000.0,0.0,0.0,61790301.0,61790301.0,-0.0,0.797,normal
2012-01-20,EWY,57.0476,56.76,3303057198,57900000.0,0.0,0.0,76526951.0,76526951.0,-0.0,-0.504,normal
2012-01-23,EWY,57.0449,57.54,3302899247,57900000.0,0.0,0.0,-157951.0,-157951.0,0.0,0.868,normal
2012-01-24,EWY,57.0442,57.53,3302861959,57900000.0,0.0,0.0,-37288.0,-37288.0,-0.0,0.852,normal
2012-01-25,EWY,57.5432,58.06,3331753538,57900000.0,0.0,0.0,28891579.0,28891579.0,0.0,0.898,normal
2012-01-26,EWY,57.7709,57.52,3344934705,57900000.0,0.0,0.0,13181167.0,13181167.0,0.0,-0.434,normal
2012-01-27,EWY,57.9875,57.94,3357473702,57900000.0,0.0,0.0,12538998.0,12538997.0,-1.0,-0.082,normal
2012-01-30,EWY,56.956,57.01,3297750837,57900000.0,0.0,0.0,-59722866.0,-59722865.0,1.0,0.095,normal
2012-01-31,EWY,57.5335,57.36,3331186871,57900000.0,0.0,0.0,33436034.0,33436034.0,-0.0,-0.301,normal
2012-02-01,EWY,57.3613,58.21,3321217128,57900000.0,0.0,0.0,-9969743.0,-9969743.0,0.0,1.48,normal
2012-02-02,EWY,58.4781,58.47,3385880542,57900000.0,0.0,0.0,64663415.0,64663414.0,-1.0,-0.014,normal
2012-02-03,EWY,58.009,59.03,3358720347,57900000.0,0.0,0.0,-27160195.0,-27160195.0,0.0,1.76,normal
2012-02-06,EWY,57.9699,58.32,3356457094,57900000.0,0.0,0.0,-2263253.0,-2263253.0,0.0,0.604,normal
2012-02-07,EWY,58.312,58.68,3382095884,58000000.0,100000.0,5831200.0,19807590.0,25638790.0,0.0,0.631,normal
2012-02-08,EWY,59.1091,59.17,3428328786,58000000.0,0.0,0.0,46232902.0,46232902.0,0.0,0.103,normal
2012-02-09,EWY,59.4105,59.19,3445807898,58000000.0,0.0,0.0,17479112.0,17479112.0,0.0,-0.371,normal
2012-02-10,EWY,58.2074,57.71,3376027344,58000000.0,0.0,0.0,-69780554.0,-69780554.0,-0.0,-0.855,normal
2012-02-13,EWY,58.7298,58.82,3406329560,58000000.0,0.0,0.0,30302216.0,30302216.0,0.0,0.154,normal
2012-02-14,EWY,58.5786,58.38,3397557234,58000000.0,0.0,0.0,-8772326.0,-8772326.0,-0.0,-0.339,normal
2012-02-15,EWY,59.5416,58.89,3453412336,58000000.0,0.0,0.0,55855102.0,55855102.0,-0.0,-1.094,normal
2012-02-16,EWY,58.1597,58.95,3373262600,58000000.0,0.0,0.0,-80149736.0,-80149736.0,0.0,1.359,normal
2012-02-17,EWY,59.4371,59.42,3447351278,58000000.0,0.0,0.0,74088678.0,74088678.0,-0.0,-0.029,normal
2012-02-21,EWY,59.6115,59.16,3457467696,58000000.0,0.0,0.0,10116418.0,10116418.0,0.0,-0.757,normal
2012-02-22,EWY,59.599,59.06,3456742000,58000000.0,0.0,0.0,-725696.0,-725696.0,0.0,-0.904,normal
2012-02-23,EWY,58.6737,58.52,3403075354,58000000.0,0.0,0.0,-53666646.0,-53666646.0,-0.0,-0.262,normal
2012-02-24,EWY,59.2388,59.24,3435848196,58000000.0,0.0,0.0,32772842.0,32772842.0,-0.0,0.002,normal
2012-02-27,EWY,58.1884,58.39,3374927664,58000000.0,0.0,0.0,-60920532.0,-60920532.0,-0.0,0.346,normal
2012-02-28,EWY,58.9022,58.93,3416327252,58000000.0,0.0,0.0,41399588.0,41399588.0,0.0,0.047,normal
2012-02-29,EWY,60.0868,59.87,3485035618,58000000.0,0.0,0.0,68708366.0,68708366.0,0.0,-0.361,normal
2012-03-01,EWY,60.0858,60.31,3484976574,58000000.0,0.0,0.0,-59044.0,-59044.0,0.0,0.373,normal
2012-03-02,EWY,60.293,60.14,3496996262,58000000.0,0.0,0.0,12019688.0,12019688.0,-0.0,-0.254,normal
2012-03-05,EWY,59.5596,59.36,3454458366,58000000.0,0.0,0.0,-42537896.0,-42537896.0,0.0,-0.335,normal
2012-03-06,EWY,58.9406,57.64,3418552944,58000000.0,0.0,0.0,-35905422.0,-35905422.0,0.0,-2.207,normal
2012-03-07,EWY,58.2494,58.38,3378467520,58000000.0,0.0,0.0,-40085424.0,-40085424.0,-0.0,0.224,normal
2012-03-08,EWY,59.1797,59.71,3432421034,58000000.0,0.0,0.0,53953514.0,53953514.0,-0.0,0.896,normal
2012-03-09,EWY,59.8914,59.71,3455732857,57700000.0,-300000.0,-17967415.0,41279238.0,23311823.0,0.0,-0.303,normal
2012-03-12,EWY,59.1358,58.95,3412133121,57700000.0,0.0,0.0,-43599736.0,-43599736.0,-0.0,-0.314,normal
2012-03-13,EWY,60.0691,60.79,3465987647,57700000.0,0.0,0.0,53854526.0,53854526.0,0.0,1.2,normal
2012-03-14,EWY,60.5361,60.03,3492931931,57700000.0,0.0,0.0,26944284.0,26944284.0,-0.0,-0.836,normal
2012-03-15,EWY,60.4755,60.66,3489434100,57700000.0,0.0,0.0,-3497832.0,-3497831.0,1.0,0.305,normal
2012-03-16,EWY,60.1953,60.46,3473269906,57700000.0,0.0,0.0,-16164193.0,-16164194.0,-1.0,0.44,normal
2012-03-19,EWY,60.8647,60.74,3499722378,57500000.0,-200000.0,-12172947.0,38625419.0,26452472.0,1.0,-0.205,normal
2012-03-20,EWY,60.5986,59.9,3484419442,57500000.0,0.0,0.0,-15302935.0,-15302936.0,-1.0,-1.153,normal
2012-03-21,EWY,59.8772,59.67,3427972104,57250000.0,-250000.0,-14969310.0,-41478027.0,-56447338.0,-0.0,-0.346,normal
2012-03-22,EWY,60.0059,59.01,3435339779,57250000.0,0.0,0.0,7367674.0,7367675.0,1.0,-1.66,normal
2012-03-23,EWY,59.7259,59.37,3419306802,57250000.0,0.0,0.0,-16032977.0,-16032977.0,-0.0,-0.596,normal
2012-03-26,EWY,59.26,60.18,3380782315,57050000.0,-200000.0,-11851998.0,-26672489.0,-38524487.0,-1.0,1.552,normal
2012-03-27,EWY,60.5082,59.87,3427790153,56650000.0,-400000.0,-24203284.0,71211122.0,47007838.0,0.0,-1.055,normal
2012-03-28,EWY,60.2278,59.34,3411903964,56650000.0,0.0,0.0,-15886190.0,-15886189.0,1.0,-1.474,normal
2012-03-29,EWY,59.6499,59.22,3379165192,56650000.0,0.0,0.0,-32738771.0,-32738772.0,-1.0,-0.721,normal
2012-03-30,EWY,59.7067,59.54,3352530587,56150000.0,-500000.0,-29853344.0,3218740.0,-26634605.0,-0.0,-0.279,normal
2012-04-02,EWY,60.564,60.62,3388557087,55950000.0,-200000.0,-12112805.0,48139304.0,36026500.0,0.0,0.092,normal
2012-04-03,EWY,61.787,61.07,3456983881,55950000.0,0.0,0.0,68426794.0,68426794.0,-0.0,-1.161,normal
2012-04-04,EWY,60.4651,59.88,3373954812,55800000.0,-150000.0,-9069771.0,-73959298.0,-83029069.0,-0.0,-0.968,normal
2012-04-05,EWY,61.0335,60.31,3405667068,55800000.0,0.0,0.0,31712256.0,31712256.0,0.0,-1.185,normal
2012-04-09,EWY,59.5912,59.23,3325189685,55800000.0,0.0,0.0,-80477383.0,-80477383.0,-0.0,-0.606,normal
2012-04-10,EWY,59.3383,57.75,3311076191,55800000.0,0.0,0.0,-14113494.0,-14113494.0,0.0,-2.677,normal
2012-04-11,EWY,59.3377,58.52,3275441758,55200000.0,-600000.0,-35602628.0,-31806.0,-35634433.0,1.0,-1.378,normal
2012-04-12,EWY,58.9341,59.4,3253163590,55200000.0,0.0,0.0,-22278168.0,-22278168.0,0.0,0.79,normal
2012-04-13,EWY,59.8413,59.03,3261353466,54500000.0,-700000.0,-41888944.0,50078820.0,8189876.0,-0.0,-1.356,normal
2012-04-16,EWY,59.1324,58.92,3222716236,54500000.0,0.0,0.0,-38637230.0,-38637230.0,0.0,-0.359,normal
2012-04-17,EWY,58.7023,59.39,3199274642,54500000.0,0.0,0.0,-23441594.0,-23441594.0,0.0,1.171,normal
2012-04-18,EWY,59.5773,59.02,3238026744,54350000.0,-150000.0,-8936596.0,47688699.0,38752102.0,-1.0,-0.935,normal
2012-04-19,EWY,59.4099,58.69,3228930619,54350000.0,0.0,0.0,-9096125.0,-9096125.0,-0.0,-1.212,normal
2012-04-20,EWY,58.4579,58.4,3177184745,54350000.0,0.0,0.0,-51745874.0,-51745874.0,0.0,-0.099,normal
2012-04-23,EWY,58.4019,57.58,3174144135,54350000.0,0.0,0.0,-3040611.0,-3040610.0,1.0,-1.407,normal
2012-04-24,EWY,58.1469,57.82,3160284124,54350000.0,0.0,0.0,-13860011.0,-13860011.0,-0.0,-0.562,normal
2012-04-25,EWY,58.2053,58.44,3163460066,54350000.0,0.0,0.0,3175942.0,3175942.0,-0.0,0.403,normal
2012-04-26,EWY,58.7254,58.88,3179980302,54150000.0,-200000.0,-11745080.0,28265315.0,16520236.0,0.0,0.263,normal
2012-04-27,EWY,59.2121,59.22,3200412924,54050000.0,-100000.0,-5921208.0,26353830.0,20432622.0,-0.0,0.013,normal
2012-04-30,EWY,59.6937,59.24,3226446215,54050000.0,0.0,0.0,26033291.0,26033291.0,0.0,-0.76,normal
2012-05-01,EWY,59.6869,59.61,3214139619,53850000.0,-200000.0,-11937380.0,-369216.0,-12306596.0,-0.0,-0.129,normal
2012-05-02,EWY,60.3515,59.79,3249929837,53850000.0,0.0,0.0,35790218.0,35790218.0,0.0,-0.93,normal
2012-05-03,EWY,60.1191,59.5,3225390198,53650000.0,-200000.0,-12023822.0,-12515817.0,-24539639.0,-0.0,-1.03,normal
2012-05-04,EWY,59.6078,58.34,3197956592,53650000.0,0.0,0.0,-27433606.0,-27433606.0,-0.0,-2.127,normal
2012-05-07,EWY,58.1923,58.48,3122014910,53650000.0,0.0,0.0,-75941682.0,-75941682.0,0.0,0.494,normal
2012-05-08,EWY,58.6172,57.95,3144813048,53650000.0,0.0,0.0,22798138.0,22798138.0,-0.0,-1.138,normal
2012-05-09,EWY,57.8757,57.21,3093457768,53450000.0,-200000.0,-11575146.0,-39780134.0,-51355280.0,-0.0,-1.15,normal
2012-05-10,EWY,57.6184,57.22,3079704014,53450000.0,0.0,0.0,-13753754.0,-13753754.0,0.0,-0.692,normal
2012-05-11,EWY,56.5853,56.21,2984874680,52750000.0,-700000.0,-39609711.0,-55219623.0,-94829334.0,-0.0,-0.663,normal
2012-05-14,EWY,56.5196,55.49,2967276532,52500000.0,-250000.0,-14129888.0,-3468260.0,-17598148.0,-0.0,-1.822,normal
2012-05-15,EWY,55.8349,54.83,2931332040,52500000.0,0.0,0.0,-35944493.0,-35944492.0,1.0,-1.8,normal
2012-05-16,EWY,53.3591,52.94,2774675488,52000000.0,-500000.0,-26679572.0,-129976980.0,-156656552.0,0.0,-0.785,normal
2012-05-17,EWY,53.7,52.25,2762864125,51450000.0,-550000.0,-29534991.0,17723628.0,-11811363.0,-0.0,-2.7,normal
2012-05-18,EWY,51.3796,51.44,2602378665,50650000.0,-800000.0,-41103710.0,-119381750.0,-160485460.0,1.0,0.117,normal
2012-05-21,EWY,52.1718,52.67,2642501974,50650000.0,0.0,0.0,40123309.0,40123309.0,-0.0,0.955,normal
2012-05-22,EWY,53.3179,52.62,2689889518,50450000.0,-200000.0,-10663586.0,58051130.0,47387544.0,-0.0,-1.309,normal
2012-05-23,EWY,52.2837,52.26,2635098530,50400000.0,-50000.0,-2614185.0,-52176803.0,-54790988.0,-0.0,-0.045,normal
2012-05-24,EWY,52.07,51.77,2611310099,50150000.0,-250000.0,-13017498.0,-10770934.0,-23788431.0,1.0,-0.576,normal
2012-05-25,EWY,52.0725,51.68,2598416004,49900000.0,-250000.0,-13018116.0,124021.0,-12894095.0,0.0,-0.754,normal
2012-05-29,EWY,53.3881,53.08,2664063895,49900000.0,0.0,0.0,65647891.0,65647891.0,-0.0,-0.577,normal
2012-05-30,EWY,53.2743,52.27,2655724453,49850000.0,-50000.0,-2663716.0,-5675726.0,-8339442.0,-1.0,-1.885,normal
2012-05-31,EWY,52.9794,52.62,2625128824,49550000.0,-300000.0,-15893817.0,-14701812.0,-30595629.0,0.0,-0.678,normal
2012-06-01,EWY,52.783,51.42,2615397898,49550000.0,0.0,0.0,-9730926.0,-9730926.0,0.0,-2.582,normal
2012-06-04,EWY,51.0486,51.35,2526905997,49500000.0,-50000.0,-2552430.0,-85939470.0,-88491901.0,-0.0,0.59,normal
2012-06-05,EWY,51.6004,51.49,2543900706,49300000.0,-200000.0,-10320084.0,27314793.0,16994709.0,-0.0,-0.214,normal
2012-06-06,EWY,51.5989,52.95,2541245776,49250000.0,-50000.0,-2579945.0,-74985.0,-2654930.0,0.0,2.619,normal
2012-06-07,EWY,53.5531,53.8,2637490372,49250000.0,0.0,0.0,96244596.0,96244596.0,-0.0,0.461,normal
2012-06-08,EWY,52.9547,53.37,2608020650,49250000.0,0.0,0.0,-29469722.0,-29469722.0,0.0,0.784,normal
2012-06-11,EWY,54.369,52.84,2677674087,49250000.0,0.0,0.0,69653438.0,69653437.0,-1.0,-2.812,normal
2012-06-12,EWY,53.7668,54.14,2648017264,49250000.0,0.0,0.0,-29656823.0,-29656823.0,0.0,0.694,normal
2012-06-13,EWY,54.0338,53.81,2661162729,49250000.0,0.0,0.0,13145465.0,13145465.0,-0.0,-0.414,normal
2012-06-14,EWY,54.4121,54.41,2679795777,49250000.0,0.0,0.0,18633048.0,18633048.0,-0.0,-0.004,normal
2012-06-15,EWY,53.9784,54.68,2658437333,49250000.0,0.0,0.0,-21358445.0,-21358444.0,1.0,1.3,normal
2012-06-18,EWY,55.4022,55.06,2728559630,49250000.0,0.0,0.0,70122298.0,70122297.0,-1.0,-0.618,normal
2012-06-19,EWY,55.4164,55.96,2729256173,49250000.0,0.0,0.0,696543.0,696543.0,0.0,0.981,normal
2012-06-20,EWY,56.0485,55.74,2760387689,49250000.0,0.0,0.0,31131516.0,31131516.0,0.0,-0.55,normal
2012-06-21,EWY,55.4258,54.15,2729720748,49250000.0,0.0,0.0,-30666941.0,-30666941.0,-0.0,-2.302,normal
2012-06-22,EWY,53.7801,53.72,2648669531,49250000.0,0.0,0.0,-81051217.0,-81051217.0,0.0,-0.112,normal
2012-06-25,EWY,52.7547,52.03,2598171240,49250000.0,0.0,0.0,-50498291.0,-50498291.0,-0.0,-1.374,normal
2012-06-26,EWY,52.677,52.36,2594342644,49250000.0,0.0,0.0,-3828596.0,-3828596.0,0.0,-0.602,normal
2012-06-27,EWY,52.7832,52.69,2599571763,49250000.0,0.0,0.0,5229119.0,5229119.0,0.0,-0.176,normal
2012-06-28,EWY,52.9799,52.39,2609259041,49250000.0,0.0,0.0,9687278.0,9687278.0,0.0,-1.113,normal
2012-06-29,EWY,54.5192,54.81,2685071831,49250000.0,0.0,0.0,75812791.0,75812790.0,-1.0,0.533,normal
2012-07-02,EWY,54.3106,54.24,2663935519,49050000.0,-200000.0,-10862122.0,-10274190.0,-21136312.0,1.0,-0.13,normal
2012-07-03,EWY,55.1615,55.36,2705669907,49050000.0,0.0,0.0,41734389.0,41734388.0,-1.0,0.36,normal
2012-07-05,EWY,55.4961,55.17,2713760904,48900000.0,-150000.0,-8324420.0,16415416.0,8090997.0,1.0,-0.588,normal
2012-07-06,EWY,54.7842,53.73,2678948602,48900000.0,0.0,0.0,-34812301.0,-34812302.0,-1.0,-1.924,normal
2012-07-09,EWY,53.769,53.37,2629303562,48900000.0,0.0,0.0,-49645040.0,-49645040.0,0.0,-0.742,normal
2012-07-10,EWY,53.4689,52.85,2614629846,48900000.0,0.0,0.0,-14673716.0,-14673716.0,0.0,-1.157,normal
2012-07-11,EWY,53.4462,52.96,2613519767,48900000.0,0.0,0.0,-1110079.0,-1110079.0,-0.0,-0.91,normal
2012-07-12,EWY,51.7113,51.73,2520923486,48750000.0,-150000.0,-7756688.0,-84839593.0,-92596281.0,-0.0,0.036,normal
2012-07-13,EWY,52.7147,52.88,2517126256,47750000.0,-1000000.0,-52714686.0,48917456.0,-3797230.0,-0.0,0.314,normal
2012-07-16,EWY,53.0257,52.64,2518720892,47500000.0,-250000.0,-13256426.0,14851062.0,1594636.0,0.0,-0.727,normal
2012-07-17,EWY,53.347,53.39,2531312967,47450000.0,-50000.0,-2667348.0,15259422.0,12592075.0,0.0,0.081,normal
2012-07-18,EWY,52.5449,52.86,2469611099,47000000.0,-450000.0,-23645213.0,-38056656.0,-61701868.0,0.0,0.6,normal
2012-07-19,EWY,53.6318,53.58,2515330951,46900000.0,-100000.0,-5363179.0,51083031.0,45719852.0,-0.0,-0.097,normal
2012-07-20,EWY,53.5301,52.98,2510561127,46900000.0,0.0,0.0,-4769824.0,-4769824.0,-0.0,-1.028,normal
2012-07-23,EWY,52.2414,51.63,2450121003,46900000.0,0.0,0.0,-60440124.0,-60440124.0,-0.0,-1.17,normal
2012-07-24,EWY,52.4583,51.53,2460296005,46900000.0,0.0,0.0,10175002.0,10175002.0,0.0,-1.77,normal
2012-07-25,EWY,51.493,51.73,2409872213,46800000.0,-100000.0,-5149300.0,-45274493.0,-50423792.0,1.0,0.46,normal
2012-07-26,EWY,52.0874,52.83,2432480179,46700000.0,-100000.0,-5208737.0,27816703.0,22607966.0,-0.0,1.426,normal
2012-07-27,EWY,54.0696,54.93,2525050227,46700000.0,0.0,0.0,92570048.0,92570048.0,0.0,1.591,normal
2012-07-30,EWY,54.7171,54.53,2555290812,46700000.0,0.0,0.0,30240585.0,30240585.0,-0.0,-0.342,normal
2012-07-31,EWY,56.3404,55.59,2631096213,46700000.0,0.0,0.0,75805401.0,75805401.0,-0.0,-1.332,normal
2012-08-01,EWY,56.4021,55.89,2622697882,46500000.0,-200000.0,-11280421.0,2882090.0,-8398331.0,-0.0,-0.908,normal
2012-08-02,EWY,55.7011,54.68,2590102824,46500000.0,0.0,0.0,-32595059.0,-32595058.0,1.0,-1.833,normal
2012-08-03,EWY,54.8104,55.96,2548682298,46500000.0,0.0,0.0,-41420526.0,-41420526.0,-0.0,2.098,normal
2012-08-06,EWY,56.3624,56.31,2612397657,46350000.0,-150000.0,-8454361.0,72169720.0,63715359.0,-0.0,-0.093,normal
2012-08-07,EWY,56.3854,56.63,2613461621,46350000.0,0.0,0.0,1063964.0,1063964.0,-0.0,0.434,normal
2012-08-08,EWY,56.9511,56.79,2639683207,46350000.0,0.0,0.0,26221585.0,26221586.0,1.0,-0.283,normal
2012-08-09,EWY,58.2335,57.76,2699124255,46350000.0,0.0,0.0,59441048.0,59441048.0,0.0,-0.813,normal
2012-08-10,EWY,58.1824,58.33,2696752618,46350000.0,0.0,0.0,-2371637.0,-2371637.0,-0.0,0.254,normal
2012-08-13,EWY,57.5669,57.62,2668223915,46350000.0,0.0,0.0,-28528703.0,-28528703.0,0.0,0.092,normal
2012-08-14,EWY,58.4383,58.05,2708613861,46350000.0,0.0,0.0,40389946.0,40389946.0,-0.0,-0.664,normal
2012-08-15,EWY,58.4377,57.72,2708585124,46350000.0,0.0,0.0,-28737.0,-28737.0,-0.0,-1.228,normal
2012-08-16,EWY,58.148,58.3,2695159522,46350000.0,0.0,0.0,-13425602.0,-13425602.0,-0.0,0.261,normal
2012-08-17,EWY,57.6294,57.76,2671123617,46350000.0,0.0,0.0,-24035905.0,-24035905.0,-0.0,0.227,normal
2012-08-20,EWY,57.4976,57.98,2662138880,46300000.0,-50000.0,-2874880.0,-6109857.0,-8984737.0,0.0,0.839,normal
2012-08-21,EWY,57.65,57.58,2669194537,46300000.0,0.0,0.0,7055657.0,7055657.0,-0.0,-0.121,normal
2012-08-22,EWY,57.1189,57.49,2653174624,46450000.0,150000.0,8567841.0,-24587754.0,-16019913.0,0.0,0.65,normal
2012-08-23,EWY,57.6315,57.08,2676983221,46450000.0,0.0,0.0,23808598.0,23808597.0,-1.0,-0.957,normal
2012-08-24,EWY,56.6404,57.17,2630944397,46450000.0,0.0,0.0,-46038825.0,-46038824.0,1.0,0.935,normal
2012-08-27,EWY,56.2857,56.42,2622913014,46600000.0,150000.0,8442853.0,-16474236.0,-8031383.0,-0.0,0.239,normal
2012-08-28,EWY,56.1647,56.45,2622891957,46700000.0,100000.0,5616471.0,-5637528.0,-21057.0,0.0,0.508,normal
2012-08-29,EWY,56.7844,56.78,2666028566,46950000.0,250000.0,14196105.0,28940504.0,43136609.0,0.0,-0.008,normal
2012-08-30,EWY,56.0474,55.83,2653842922,47350000.0,400000.0,22418948.0,-34604591.0,-12185644.0,-0.0,-0.388,normal
2012-08-31,EWY,55.9692,56.29,2658537712,47500000.0,150000.0,8395382.0,-3700592.0,4694790.0,-0.0,0.573,normal
2012-09-04,EWY,56.0518,55.92,2673669000,47700000.0,200000.0,11210352.0,3920935.0,15131288.0,1.0,-0.235,normal
2012-09-05,EWY,54.8348,55.08,2615617909,47700000.0,0.0,0.0,-58051091.0,-58051091.0,-0.0,0.447,normal
2012-09-06,EWY,55.1163,56.36,2637316056,47850000.0,150000.0,8267448.0,13430698.0,21698147.0,0.0,2.256,normal
2012-09-07,EWY,56.9611,57.69,2734134960,48000000.0,150000.0,8544172.0,88274733.0,96818904.0,-0.0,1.28,normal
2012-09-10,EWY,56.8844,56.83,2738985256,48150000.0,150000.0,8532664.0,-3682368.0,4850296.0,-0.0,-0.096,normal
2012-09-11,EWY,56.8024,57.33,2774797728,48850000.0,700000.0,39761687.0,-3949215.0,35812472.0,-0.0,0.929,normal
2012-09-12,EWY,57.8291,57.93,2830732928,48950000.0,100000.0,5782907.0,50152292.0,55935200.0,1.0,0.174,normal
2012-09-13,EWY,57.6866,59.53,2843949824,49300000.0,350000.0,20190313.0,-6973417.0,13216896.0,-0.0,3.196,normal
2012-09-14,EWY,60.1724,60.55,2984551139,49600000.0,300000.0,18051721.0,122549595.0,140601315.0,-1.0,0.627,normal
2012-09-17,EWY,60.0114,59.84,2979568095,49650000.0,50000.0,3000572.0,-7983616.0,-4983044.0,-0.0,-0.286,normal
2012-09-18,EWY,59.901,59.93,2977080346,49700000.0,50000.0,2995051.0,-5482800.0,-2487749.0,0.0,0.048,normal
2012-09-19,EWY,60.0674,60.11,2988355090,49750000.0,50000.0,3003372.0,8271372.0,11274744.0,-0.0,0.071,normal
2012-09-20,EWY,59.0156,59.54,2936028040,49750000.0,0.0,0.0,-52327050.0,-52327050.0,0.0,0.888,normal
2012-09-21,EWY,59.5215,59.52,2964171098,49800000.0,50000.0,2976075.0,25166983.0,28143058.0,-0.0,-0.003,normal
2012-09-24,EWY,59.5049,59.55,2972268057,49950000.0,150000.0,8925730.0,-828772.0,8096959.0,1.0,0.076,normal
2012-09-25,EWY,59.2116,58.52,2960581350,50000000.0,50000.0,2960581.0,-14647288.0,-11686707.0,-0.0,-1.168,normal
2012-09-26,EWY,58.7795,58.36,2938973200,50000000.0,0.0,0.0,-21608150.0,-21608150.0,0.0,-0.714,normal
2012-09-27,EWY,59.2835,59.61,2964176500,50000000.0,0.0,0.0,25203300.0,25203300.0,-0.0,0.551,normal
2012-09-28,EWY,59.7728,59.13,2988639050,50000000.0,0.0,0.0,24462550.0,24462550.0,-0.0,-1.075,normal
2012-10-01,EWY,59.77,59.65,2988498500,50000000.0,0.0,0.0,-140550.0,-140550.0,0.0,-0.201,normal
2012-10-02,EWY,59.7052,59.18,2985260250,50000000.0,0.0,0.0,-3238250.0,-3238250.0,0.0,-0.88,normal
2012-10-03,EWY,59.7044,59.31,2985220350,50000000.0,0.0,0.0,-39900.0,-39900.0,-0.0,-0.661,normal
2012-10-04,EWY,59.5136,59.75,2975680300,50000000.0,0.0,0.0,-9540050.0,-9540050.0,0.0,0.397,normal
2012-10-05,EWY,59.6809,59.86,2984046700,50000000.0,0.0,0.0,8366400.0,8366400.0,0.0,0.3,normal
2012-10-08,EWY,59.1623,59.3,2958114900,50000000.0,0.0,0.0,-25931800.0,-25931800.0,0.0,0.233,normal
2012-10-09,EWY,59.0744,58.45,2953717900,50000000.0,0.0,0.0,-4397000.0,-4397000.0,0.0,-1.057,normal
2012-10-10,EWY,57.8857,57.45,2894283600,50000000.0,0.0,0.0,-59434300.0,-59434300.0,-0.0,-0.753,normal
2012-10-11,EWY,57.4175,57.67,2870875250,50000000.0,0.0,0.0,-23408350.0,-23408350.0,0.0,0.44,normal
2012-10-12,EWY,57.4155,57.24,2870774800,50000000.0,0.0,0.0,-100450.0,-100450.0,0.0,-0.306,normal
2012-10-15,EWY,57.1625,57.75,2858125450,50000000.0,0.0,0.0,-12649350.0,-12649350.0,-0.0,1.028,normal
2012-10-16,EWY,57.9393,58.54,2896967100,50000000.0,0.0,0.0,38841650.0,38841650.0,-0.0,1.037,normal
2012-10-17,EWY,58.5252,58.96,2926261800,50000000.0,0.0,0.0,29294700.0,29294700.0,0.0,0.743,normal
2012-10-18,EWY,58.891,58.94,2944548400,50000000.0,0.0,0.0,18286600.0,18286600.0,-0.0,0.083,normal
2012-10-19,EWY,58.3813,57.43,2919067250,50000000.0,0.0,0.0,-25481150.0,-25481150.0,-0.0,-1.629,normal
2012-10-22,EWY,58.1848,58.22,2909238250,50000000.0,0.0,0.0,-9829000.0,-9829000.0,0.0,0.061,normal
2012-10-23,EWY,57.6575,56.64,2882877400,50000000.0,0.0,0.0,-26360850.0,-26360850.0,0.0,-1.765,normal
2012-10-24,EWY,57.0683,56.63,2853414100,50000000.0,0.0,0.0,-29463300.0,-29463300.0,-0.0,-0.768,normal
2012-10-25,EWY,57.926,57.87,2896298700,50000000.0,0.0,0.0,42884600.0,42884600.0,0.0,-0.097,normal
2012-10-26,EWY,56.9545,57.37,2847722900,50000000.0,0.0,0.0,-48575800.0,-48575800.0,-0.0,0.73,normal
2012-10-31,EWY,57.9674,57.58,2898370900,50000000.0,0.0,0.0,50648000.0,50648000.0,0.0,-0.668,normal
2012-11-01,EWY,57.3075,58.08,2865374350,50000000.0,0.0,0.0,-32996550.0,-32996550.0,0.0,1.348,normal
2012-11-02,EWY,58.1045,57.86,2905226750,50000000.0,0.0,0.0,39852400.0,39852400.0,0.0,-0.421,normal
2012-11-05,EWY,57.6269,58.06,2881345500,50000000.0,0.0,0.0,-23881250.0,-23881250.0,-0.0,0.751,normal
2012-11-06,EWY,58.3437,58.85,2917185900,50000000.0,0.0,0.0,35840400.0,35840400.0,-0.0,0.868,normal
2012-11-07,EWY,59.0333,57.95,2951664750,50000000.0,0.0,0.0,34478850.0,34478850.0,0.0,-1.835,normal
2012-11-08,EWY,58.0455,57.17,2902275950,50000000.0,0.0,0.0,-49388800.0,-49388800.0,0.0,-1.508,normal
2012-11-09,EWY,57.7645,57.32,2888226650,50000000.0,0.0,0.0,-14049300.0,-14049300.0,-0.0,-0.77,normal
2012-11-12,EWY,57.5294,57.68,2876468300,50000000.0,0.0,0.0,-11758350.0,-11758350.0,-0.0,0.262,normal
2012-11-13,EWY,57.1649,57.13,2858242950,50000000.0,0.0,0.0,-18225350.0,-18225350.0,0.0,-0.061,normal
2012-11-14,EWY,57.6726,56.61,2883628150,50000000.0,0.0,0.0,25385200.0,25385200.0,0.0,-1.842,normal
2012-11-15,EWY,56.8455,56.75,2842275000,50000000.0,0.0,0.0,-41353150.0,-41353150.0,-0.0,-0.168,normal
2012-11-16,EWY,56.3618,56.65,2818088750,50000000.0,0.0,0.0,-24186250.0,-24186250.0,-0.0,0.511,normal
2012-11-19,EWY,57.0589,58.09,2852942750,50000000.0,0.0,0.0,34854000.0,34854000.0,0.0,1.807,normal
2012-11-20,EWY,57.7611,58.34,2888055200,50000000.0,0.0,0.0,35112450.0,35112450.0,-0.0,1.002,normal
2012-11-21,EWY,57.569,58.1,2878449750,50000000.0,0.0,0.0,-9605450.0,-9605450.0,0.0,0.922,normal
2012-11-23,EWY,58.4597,59.01,2922984050,50000000.0,0.0,0.0,44534300.0,44534300.0,-0.0,0.941,normal
2012-11-26,EWY,58.3348,58.76,2916742450,50000000.0,0.0,0.0,-6241600.0,-6241600.0,0.0,0.729,normal
2012-11-27,EWY,59.1416,58.85,2957079350,50000000.0,0.0,0.0,40336900.0,40336900.0,-0.0,-0.493,normal
2012-11-28,EWY,58.6166,59.37,2930828650,50000000.0,0.0,0.0,-26250700.0,-26250700.0,-0.0,1.285,normal
2012-11-29,EWY,59.4861,59.7,2986200262,50200000.0,200000.0,11897212.0,43474400.0,55371612.0,-0.0,0.36,normal
2012-11-30,EWY,59.3886,59.64,2987246882,50300000.0,100000.0,5938861.0,-4892241.0,1046620.0,0.0,0.423,normal
2012-12-03,EWY,59.7136,59.65,3003592571,50300000.0,0.0,0.0,16345689.0,16345689.0,-0.0,-0.106,normal
2012-12-04,EWY,59.4791,59.6,2991797774,50300000.0,0.0,0.0,-11794797.0,-11794797.0,-0.0,0.203,normal
2012-12-05,EWY,60.0448,59.95,3020253943,50300000.0,0.0,0.0,28456169.0,28456169.0,0.0,-0.158,normal
2012-12-06,EWY,60.121,60.48,3033105257,50450000.0,150000.0,9018152.0,3833162.0,12851314.0,-0.0,0.597,normal
2012-12-07,EWY,60.5184,60.83,3053155500,50450000.0,0.0,0.0,20050243.0,20050243.0,0.0,0.515,normal
2012-12-10,EWY,60.6846,61.22,3061540492,50450000.0,0.0,0.0,8384992.0,8384992.0,0.0,0.882,normal
2012-12-11,EWY,61.1498,61.8,3085007460,50450000.0,0.0,0.0,23466969.0,23466968.0,-1.0,1.063,normal
2012-12-12,EWY,61.5477,61.83,3105082625,50450000.0,0.0,0.0,20075165.0,20075165.0,0.0,0.459,normal
2012-12-13,EWY,62.5447,62.06,3155381628,50450000.0,0.0,0.0,50299003.0,50299003.0,-0.0,-0.775,normal
2012-12-14,EWY,62.1676,62.11,3176765433,51100000.0,650000.0,40408954.0,-19025149.0,21383805.0,0.0,-0.093,normal
2012-12-17,EWY,61.8183,62.48,3180550094,51450000.0,350000.0,21636395.0,-17851734.0,3784661.0,-0.0,1.07,normal
2012-12-18,EWY,61.7403,62.32,3191972734,51700000.0,250000.0,15435071.0,-4012431.0,11422640.0,-0.0,0.939,normal
2012-12-19,EWY,61.7396,62.38,3235154568,52400000.0,700000.0,43217714.0,-35880.0,43181834.0,0.0,1.037,normal
2012-12-20,EWY,61.8272,62.29,3239744861,52400000.0,0.0,0.0,4590292.0,4590293.0,1.0,0.749,normal
2012-12-21,EWY,61.149,61.65,3228666883,52800000.0,400000.0,24459598.0,-35537575.0,-11077978.0,-0.0,0.819,normal
2012-12-24,EWY,61.2147,61.53,3238256360,52900000.0,100000.0,6121468.0,3468010.0,9589477.0,-0.0,0.515,normal
2012-12-26,EWY,61.2069,61.38,3271511478,53450000.0,550000.0,33663822.0,-408705.0,33255118.0,1.0,0.283,normal
2012-12-27,EWY,61.4714,61.66,3291793791,53550000.0,100000.0,6147141.0,14135173.0,20282313.0,-1.0,0.307,normal
2012-12-28,EWY,62.3469,62.26,3344910434,53650000.0,100000.0,6234689.0,46881954.0,53116643.0,0.0,-0.139,normal
2012-12-31,EWY,62.344,63.35,3344757102,53650000.0,0.0,0.0,-153332.0,-153332.0,-0.0,1.614,normal
2013-01-02,EWY,63.947,64.97,3430754887,53650000.0,0.0,0.0,85997785.0,85997785.0,0.0,1.6,normal
2013-01-03,EWY,63.6216,63.86,3413300450,53650000.0,0.0,0.0,-17454437.0,-17454437.0,0.0,0.375,normal
2013-01-04,EWY,63.1508,63.6,3388038274,53650000.0,0.0,0.0,-25262176.0,-25262176.0,-0.0,0.711,normal
2013-01-07,EWY,63.0976,63.07,3400961718,53900000.0,250000.0,15774405.0,-2850961.0,12923444.0,-0.0,-0.044,normal
2013-01-08,EWY,62.7281,62.66,3387319398,54000000.0,100000.0,6272814.0,-19915134.0,-13642320.0,0.0,-0.109,normal
2013-01-09,EWY,62.5083,62.66,3375448848,54000000.0,0.0,0.0,-11870550.0,-11870550.0,0.0,0.243,normal
2013-01-10,EWY,63.0368,63.42,3407136500,54050000.0,50000.0,3151838.0,28535814.0,31687652.0,0.0,0.608,normal
2013-01-11,EWY,62.921,63.06,3400879834,54050000.0,0.0,0.0,-6256666.0,-6256666.0,-0.0,0.221,normal
2013-01-14,EWY,63.0936,62.98,3416517140,54150000.0,100000.0,6309358.0,9327949.0,15637306.0,-1.0,-0.18,normal
2013-01-15,EWY,62.3175,62.54,3380722259,54250000.0,100000.0,6231746.0,-42026627.0,-35794881.0,0.0,0.357,normal
2013-01-16,EWY,62.0506,62.15,3366246081,54250000.0,0.0,0.0,-14476179.0,-14476178.0,1.0,0.16,normal
2013-01-17,EWY,62.0217,62.72,3364674567,54250000.0,0.0,0.0,-1571514.0,-1571514.0,-0.0,1.126,normal
2013-01-18,EWY,62.4196,62.45,3386264602,54250000.0,0.0,0.0,21590035.0,21590035.0,-0.0,0.049,normal
2013-01-22,EWY,62.3454,62.31,3382239198,54250000.0,0.0,0.0,-4025404.0,-4025404.0,0.0,-0.057,normal
2013-01-23,EWY,61.6524,61.62,3344642700,54250000.0,0.0,0.0,-37596498.0,-37596498.0,-0.0,-0.053,normal
2013-01-24,EWY,60.9418,60.99,3306092324,54250000.0,0.0,0.0,-38550375.0,-38550376.0,-1.0,0.079,normal
2013-01-25,EWY,59.9963,59.78,3254798516,54250000.0,0.0,0.0,-51293809.0,-51293808.0,1.0,-0.36,normal
2013-01-28,EWY,58.7124,59.12,3185147808,54250000.0,0.0,0.0,-69650707.0,-69650708.0,-1.0,0.694,normal
2013-01-29,EWY,59.9644,59.9,3253068429,54250000.0,0.0,0.0,67920620.0,67920621.0,1.0,-0.107,normal
2013-01-30,EWY,60.052,59.58,3257823278,54250000.0,0.0,0.0,4754850.0,4754849.0,-1.0,-0.786,normal
2013-01-31,EWY,59.81,59.57,3244691849,54250000.0,0.0,0.0,-13131430.0,-13131429.0,1.0,-0.401,normal
2013-02-01,EWY,59.2417,59.54,3213864449,54250000.0,0.0,0.0,-30827400.0,-30827400.0,-0.0,0.503,normal
2013-02-04,EWY,59.7806,58.81,3243096682,54250000.0,0.0,0.0,29232233.0,29232233.0,0.0,-1.624,normal
2013-02-05,EWY,59.1506,59.03,3208919182,54250000.0,0.0,0.0,-34177500.0,-34177500.0,-0.0,-0.204,normal
2013-02-06,EWY,58.9246,58.72,3196660310,54250000.0,0.0,0.0,-12258873.0,-12258872.0,1.0,-0.347,normal
2013-02-07,EWY,58.8004,58.51,3189918988,54250000.0,0.0,0.0,-6741322.0,-6741322.0,-0.0,-0.494,normal
2013-02-08,EWY,59.1511,59.56,3208946307,54250000.0,0.0,0.0,19027319.0,19027319.0,-0.0,0.691,normal
2013-02-11,EWY,59.1484,59.8,3208799181,54250000.0,0.0,0.0,-147126.0,-147126.0,-0.0,1.102,normal
2013-02-12,EWY,59.3637,59.8,3220483383,54250000.0,0.0,0.0,11684202.0,11684202.0,-0.0,0.735,normal
2013-02-13,EWY,60.5474,60.57,3284699108,54250000.0,0.0,0.0,64215725.0,64215725.0,-0.0,0.037,normal
2013-02-14,EWY,60.857,61.01,3301494691,54250000.0,0.0,0.0,16795583.0,16795583.0,0.0,0.251,normal
2013-02-15,EWY,61.2084,60.98,3320554018,54250000.0,0.0,0.0,19059327.0,19059327.0,0.0,-0.373,normal
2013-02-19,EWY,61.0982,61.21,3314577187,54250000.0,0.0,0.0,-5976831.0,-5976831.0,-0.0,0.183,normal
2013-02-20,EWY,62.6272,61.76,3397524027,54250000.0,0.0,0.0,82946839.0,82946840.0,1.0,-1.385,normal
2013-02-21,EWY,61.9131,61.48,3374261280,54500000.0,250000.0,15478263.0,-38741010.0,-23262747.0,0.0,-0.7,normal
2013-02-22,EWY,62.1112,61.98,3385058220,54500000.0,0.0,0.0,10796940.0,10796940.0,-0.0,-0.211,normal
2013-02-25,EWY,61.7021,60.51,3362763578,54500000.0,0.0,0.0,-22294642.0,-22294642.0,-0.0,-1.932,normal
2013-02-26,EWY,61.3114,61.31,3341469938,54500000.0,0.0,0.0,-21293641.0,-21293640.0,1.0,-0.002,normal
2013-02-27,EWY,61.557,62.18,3354858626,54500000.0,0.0,0.0,13388688.0,13388688.0,-0.0,1.012,normal
2013-02-28,EWY,62.3144,61.69,3396132674,54500000.0,0.0,0.0,41274049.0,41274048.0,-1.0,-1.002,normal
2013-03-01,EWY,62.3134,61.94,3396080028,54500000.0,0.0,0.0,-52647.0,-52646.0,1.0,-0.599,normal
2013-03-04,EWY,61.2991,61.65,3340798879,54500000.0,0.0,0.0,-55281149.0,-55281149.0,-0.0,0.573,normal
2013-03-05,EWY,61.6845,62.19,3361803615,54500000.0,0.0,0.0,21004736.0,21004736.0,0.0,0.82,normal
2013-03-06,EWY,62.0409,61.78,3381231284,54500000.0,0.0,0.0,19427669.0,19427669.0,-0.0,-0.421,normal
2013-03-07,EWY,61.2102,61.49,3335957916,54500000.0,0.0,0.0,-45273368.0,-45273368.0,-0.0,0.457,normal
2013-03-08,EWY,61.0023,61.1,3324622898,54500000.0,0.0,0.0,-11335019.0,-11335018.0,1.0,0.16,normal
2013-03-11,EWY,60.6072,60.67,3303092564,54500000.0,0.0,0.0,-21530334.0,-21530334.0,-0.0,0.104,normal
2013-03-12,EWY,60.1838,59.91,3280019280,54500000.0,0.0,0.0,-23073284.0,-23073284.0,-0.0,-0.455,normal
2013-03-13,EWY,60.275,59.78,3284988590,54500000.0,0.0,0.0,4969310.0,4969310.0,-0.0,-0.821,normal
2013-03-14,EWY,59.6176,59.79,3249160072,54500000.0,0.0,0.0,-35828518.0,-35828518.0,-0.0,0.289,normal
2013-03-15,EWY,59.0448,58.79,3217942962,54500000.0,0.0,0.0,-31217109.0,-31217110.0,-1.0,-0.432,normal
2013-03-18,EWY,58.297,58.4,3177189225,54500000.0,0.0,0.0,-40753738.0,-40753737.0,1.0,0.177,normal
2013-03-19,EWY,58.7869,58.19,3203883325,54500000.0,0.0,0.0,26694100.0,26694100.0,-0.0,-1.015,normal
2013-03-20,EWY,57.9354,58.05,3157477011,54500000.0,0.0,0.0,-46406314.0,-46406314.0,0.0,0.198,normal
2013-03-21,EWY,57.7154,57.18,3145487883,54500000.0,0.0,0.0,-11989128.0,-11989128.0,0.0,-0.928,normal
2013-03-22,EWY,57.4682,57.77,3132014556,54500000.0,0.0,0.0,-13473326.0,-13473327.0,-1.0,0.525,normal
2013-03-25,EWY,58.8159,58.48,3205467476,54500000.0,0.0,0.0,73452920.0,73452920.0,-0.0,-0.571,normal
2013-03-26,EWY,59.2855,59.45,3231061821,54500000.0,0.0,0.0,25594345.0,25594345.0,0.0,0.277,normal
2013-03-27,EWY,59.2728,59.55,3230369072,54500000.0,0.0,0.0,-692750.0,-692749.0,1.0,0.468,normal
2013-03-28,EWY,59.2558,59.43,3229443552,54500000.0,0.0,0.0,-925519.0,-925520.0,-1.0,0.294,normal
2013-04-01,EWY,59.2064,58.81,3226748310,54500000.0,0.0,0.0,-2695243.0,-2695242.0,1.0,-0.669,normal
2013-04-02,EWY,58.6476,58.44,3196294908,54500000.0,0.0,0.0,-30453401.0,-30453402.0,-1.0,-0.354,normal
2013-04-03,EWY,58.5605,57.91,3191549103,54500000.0,0.0,0.0,-4745806.0,-4745805.0,1.0,-1.111,normal
2013-04-04,EWY,57.4548,56.87,3131286328,54500000.0,0.0,0.0,-60262775.0,-60262775.0,0.0,-1.018,normal
2013-04-05,EWY,56.066,55.77,3055594711,54500000.0,0.0,0.0,-75691616.0,-75691617.0,-1.0,-0.528,normal
2013-04-08,EWY,55.5602,55.48,3028029320,54500000.0,0.0,0.0,-27565392.0,-27565391.0,1.0,-0.144,normal
2013-04-09,EWY,55.6815,55.93,3034644312,54500000.0,0.0,0.0,6614992.0,6614992.0,-0.0,0.446,normal
2013-04-10,EWY,56.2803,57.0,3067275478,54500000.0,0.0,0.0,32631166.0,32631166.0,-0.0,1.279,normal
2013-04-11,EWY,56.9686,56.91,3104790662,54500000.0,0.0,0.0,37515184.0,37515184.0,0.0,-0.103,normal
2013-04-12,EWY,56.0545,55.12,3147461579,56150000.0,1650000.0,92489966.0,-49819049.0,42670917.0,0.0,-1.667,normal
2013-04-15,EWY,56.2111,54.89,3240567609,57650000.0,1500000.0,84316590.0,8789440.0,93106030.0,-0.0,-2.35,normal
2013-04-16,EWY,56.4885,56.58,3256564273,57650000.0,0.0,0.0,15996664.0,15996664.0,-0.0,0.162,normal
2013-04-17,EWY,56.2332,55.64,3224974536,57350000.0,-300000.0,-16869963.0,-14719775.0,-31589737.0,0.0,-1.055,normal
2013-04-18,EWY,55.1248,54.8,3161404699,57350000.0,0.0,0.0,-63569837.0,-63569837.0,-0.0,-0.589,normal
2013-04-19,EWY,55.7119,55.24,3195079874,57350000.0,0.0,0.0,33675174.0,33675175.0,1.0,-0.847,normal
2013-04-22,EWY,56.1103,55.88,3217928114,57350000.0,0.0,0.0,22848240.0,22848240.0,-0.0,-0.41,normal
2013-04-23,EWY,55.6927,56.09,3193976288,57350000.0,0.0,0.0,-23951826.0,-23951826.0,0.0,0.713,normal
2013-04-24,EWY,56.3415,56.45,3231185943,57350000.0,0.0,0.0,37209655.0,37209655.0,0.0,0.193,normal
2013-04-25,EWY,57.244,57.32,3282941507,57350000.0,0.0,0.0,51755565.0,51755564.0,-1.0,0.133,normal
2013-04-26,EWY,56.897,56.85,3263041459,57350000.0,0.0,0.0,-19900049.0,-19900048.0,1.0,-0.083,normal
2013-04-29,EWY,56.9515,57.28,3266166632,57350000.0,0.0,0.0,3125174.0,3125173.0,-1.0,0.577,normal
2013-04-30,EWY,58.0252,58.42,3327743729,57350000.0,0.0,0.0,61577096.0,61577097.0,1.0,0.68,normal
2013-05-01,EWY,58.0254,57.84,3327756862,57350000.0,0.0,0.0,13133.0,13133.0,-0.0,-0.32,normal
2013-05-02,EWY,57.7707,58.18,3313151308,57350000.0,0.0,0.0,-14605554.0,-14605554.0,-0.0,0.708,normal
2013-05-03,EWY,58.2019,58.65,3337876270,57350000.0,0.0,0.0,24724961.0,24724962.0,1.0,0.77,normal
2013-05-06,EWY,58.2265,58.28,3339290234,57350000.0,0.0,0.0,1413964.0,1413964.0,-0.0,0.092,normal
2013-05-07,EWY,58.0227,58.51,3327599092,57350000.0,0.0,0.0,-11691142.0,-11691142.0,-0.0,0.84,normal
2013-05-08,EWY,58.3368,58.64,3345613186,57350000.0,0.0,0.0,18014094.0,18014094.0,0.0,0.52,normal
2013-05-09,EWY,58.9179,58.7,3378940992,57350000.0,0.0,0.0,33327806.0,33327806.0,0.0,-0.37,normal
2013-05-10,EWY,57.0626,57.05,3272539766,57350000.0,0.0,0.0,-106401226.0,-106401226.0,-0.0,-0.022,normal
2013-05-13,EWY,56.8674,56.79,3261344759,57350000.0,0.0,0.0,-11195007.0,-11195007.0,-0.0,-0.136,normal
2013-05-14,EWY,57.8892,57.82,3319944301,57350000.0,0.0,0.0,58599542.0,58599542.0,0.0,-0.119,normal
2013-05-15,EWY,57.5629,57.6,3301230767,57350000.0,0.0,0.0,-18713534.0,-18713534.0,0.0,0.065,normal
2013-05-16,EWY,58.0423,58.12,3328725045,57350000.0,0.0,0.0,27494278.0,27494278.0,-0.0,0.134,normal
2013-05-17,EWY,58.0414,58.17,3328676355,57350000.0,0.0,0.0,-48690.0,-48690.0,0.0,0.222,normal
2013-05-20,EWY,58.0271,58.41,3327852464,57350000.0,0.0,0.0,-823890.0,-823891.0,-1.0,0.66,normal
2013-05-21,EWY,58.2742,58.36,3350766442,57500000.0,150000.0,8741130.0,14172848.0,22913978.0,-0.0,0.147,normal
2013-05-22,EWY,58.5318,57.88,3365578328,57500000.0,0.0,0.0,14811885.0,14811886.0,1.0,-1.114,normal
2013-05-23,EWY,56.974,57.45,3276006208,57500000.0,0.0,0.0,-89572120.0,-89572120.0,-0.0,0.835,normal
2013-05-24,EWY,57.1973,57.13,3288847452,57500000.0,0.0,0.0,12841245.0,12841244.0,-1.0,-0.118,normal
2013-05-28,EWY,57.5349,57.72,3308256290,57500000.0,0.0,0.0,19408837.0,19408838.0,1.0,0.322,normal
2013-05-29,EWY,57.8347,57.82,3325493295,57500000.0,0.0,0.0,17237005.0,17237005.0,0.0,-0.025,normal
2013-05-30,EWY,58.1816,58.36,3345440735,57500000.0,0.0,0.0,19947440.0,19947440.0,-0.0,0.307,normal
2013-05-31,EWY,58.1065,57.64,3341121392,57500000.0,0.0,0.0,-4319343.0,-4319343.0,-0.0,-0.803,normal
2013-06-03,EWY,57.9455,58.8,3378222242,58300000.0,800000.0,46356394.0,-9255545.0,37100850.0,1.0,1.475,normal
2013-06-04,EWY,58.3457,58.11,3430725984,58800000.0,500000.0,29172840.0,23330902.0,52503742.0,-0.0,-0.404,normal
2013-06-05,EWY,57.7321,57.12,3394649009,58800000.0,0.0,0.0,-36076975.0,-36076975.0,0.0,-1.06,normal
2013-06-06,EWY,57.7238,57.37,3394161733,58800000.0,0.0,0.0,-487276.0,-487276.0,-0.0,-0.613,normal
2013-06-07,EWY,56.4951,56.51,3321911821,58800000.0,0.0,0.0,-72249912.0,-72249912.0,-0.0,0.026,normal
2013-06-10,EWY,56.1997,55.87,3304541654,58800000.0,0.0,0.0,-17370167.0,-17370167.0,-0.0,-0.587,normal
2013-06-11,EWY,55.4459,55.12,3260216803,58800000.0,0.0,0.0,-44324851.0,-44324851.0,0.0,-0.588,normal
2013-06-12,EWY,55.0505,54.67,3242473979,58900000.0,100000.0,5505049.0,-23247874.0,-17742824.0,0.0,-0.691,normal
2013-06-13,EWY,54.1296,54.94,3188231261,58900000.0,0.0,0.0,-54242718.0,-54242718.0,0.0,1.497,normal
2013-06-14,EWY,54.7518,54.18,3224879548,58900000.0,0.0,0.0,36648287.0,36648287.0,0.0,-1.044,normal
2013-06-17,EWY,54.6059,54.5,3216290102,58900000.0,0.0,0.0,-8589446.0,-8589446.0,-0.0,-0.194,normal
2013-06-18,EWY,54.9589,54.8,3237077914,58900000.0,0.0,0.0,20787813.0,20787812.0,-1.0,-0.289,normal
2013-06-19,EWY,54.5868,53.39,3215163521,58900000.0,0.0,0.0,-21914393.0,-21914393.0,-0.0,-2.192,normal
2013-06-20,EWY,52.7745,51.35,3108416224,58900000.0,0.0,0.0,-106747297.0,-106747297.0,0.0,-2.699,normal
2013-06-21,EWY,51.6206,51.3,3040454341,58900000.0,0.0,0.0,-67961883.0,-67961883.0,-0.0,-0.621,normal
2013-06-24,EWY,50.6232,50.15,2974115526,58750000.0,-150000.0,-7593486.0,-58745329.0,-66338815.0,0.0,-0.935,normal
2013-06-25,EWY,50.3238,51.06,2956522192,58750000.0,0.0,0.0,-17593334.0,-17593334.0,-0.0,1.463,normal
2013-06-26,EWY,50.6454,51.0,2975419365,58750000.0,0.0,0.0,18897172.0,18897173.0,1.0,0.7,normal
2013-06-27,EWY,52.421,52.8,3079736276,58750000.0,0.0,0.0,104316911.0,104316911.0,-0.0,0.723,normal
2013-06-28,EWY,53.6157,53.2,3149919790,58750000.0,0.0,0.0,70183514.0,70183514.0,0.0,-0.775,normal
2013-07-01,EWY,53.8533,53.79,3150415710,58500000.0,-250000.0,-13463315.0,13959235.0,495920.0,0.0,-0.117,normal
2013-07-02,EWY,53.679,53.0,3140224250,58500000.0,0.0,0.0,-10191461.0,-10191460.0,1.0,-1.265,normal
2013-07-03,EWY,52.3424,52.42,3062029347,58500000.0,0.0,0.0,-78194902.0,-78194903.0,-1.0,0.148,normal
2013-07-05,EWY,52.4625,51.71,3090039071,58900000.0,400000.0,20984985.0,7024738.0,28009724.0,0.0,-1.434,normal
2013-07-08,EWY,51.5486,51.84,3036215190,58900000.0,0.0,0.0,-53823880.0,-53823881.0,-1.0,0.565,normal
2013-07-09,EWY,52.4265,52.47,3087921557,58900000.0,0.0,0.0,51706366.0,51706367.0,1.0,0.083,normal
2013-07-10,EWY,52.5666,52.32,3096174743,58900000.0,0.0,0.0,8253186.0,8253186.0,0.0,-0.469,normal
2013-07-11,EWY,54.9172,55.15,3223640638,58700000.0,-200000.0,-10983443.0,138449339.0,127465895.0,-0.0,0.424,normal
2013-07-12,EWY,54.496,54.5,3190742439,58550000.0,-150000.0,-8174404.0,-24723794.0,-32898199.0,-1.0,0.007,normal
2013-07-15,EWY,54.8195,54.95,3209682018,58550000.0,0.0,0.0,18939578.0,18939579.0,1.0,0.238,normal
2013-07-16,EWY,54.7264,54.81,3204228202,58550000.0,0.0,0.0,-5453815.0,-5453816.0,-1.0,0.153,normal
2013-07-17,EWY,55.2077,55.42,3232411947,58550000.0,0.0,0.0,28183745.0,28183745.0,-0.0,0.385,normal
2013-07-18,EWY,54.537,54.78,3193143751,58550000.0,0.0,0.0,-39268197.0,-39268196.0,1.0,0.446,normal
2013-07-19,EWY,54.5734,54.91,3195272102,58550000.0,0.0,0.0,2128351.0,2128351.0,-0.0,0.617,normal
2013-07-22,EWY,54.942,55.22,3216852636,58550000.0,0.0,0.0,21580535.0,21580534.0,-1.0,0.506,normal
2013-07-23,EWY,55.8521,55.67,3270141450,58550000.0,0.0,0.0,53288814.0,53288814.0,-0.0,-0.326,normal
2013-07-24,EWY,56.344,55.5,3298942195,58550000.0,0.0,0.0,28800745.0,28800745.0,-0.0,-1.498,normal
2013-07-25,EWY,56.1432,56.04,3287184828,58550000.0,0.0,0.0,-11757367.0,-11757367.0,-0.0,-0.184,normal
2013-07-26,EWY,56.4517,56.44,3305247796,58550000.0,0.0,0.0,18062968.0,18062968.0,0.0,-0.021,normal
2013-07-29,EWY,56.1872,55.89,3289760384,58550000.0,0.0,0.0,-15487412.0,-15487412.0,-0.0,-0.529,normal
2013-07-30,EWY,56.5993,56.09,3313890245,58550000.0,0.0,0.0,24129860.0,24129861.0,1.0,-0.9,normal
2013-07-31,EWY,55.9869,55.83,3278032351,58550000.0,0.0,0.0,-35857894.0,-35857894.0,-0.0,-0.28,normal
2013-08-01,EWY,56.1425,56.44,3287145073,58550000.0,0.0,0.0,9112722.0,9112722.0,-0.0,0.53,normal
2013-08-02,EWY,56.2352,56.55,3292570374,58550000.0,0.0,0.0,5425302.0,5425301.0,-1.0,0.56,normal
2013-08-05,EWY,56.5165,56.37,3309039260,58550000.0,0.0,0.0,16468885.0,16468886.0,1.0,-0.259,normal
2013-08-06,EWY,56.1735,55.92,3288957313,58550000.0,0.0,0.0,-20081947.0,-20081947.0,0.0,-0.451,normal
2013-08-07,EWY,55.0793,55.16,3224894303,58550000.0,0.0,0.0,-64063009.0,-64063010.0,-1.0,0.146,normal
2013-08-08,EWY,55.5,55.67,3249524414,58550000.0,0.0,0.0,24630111.0,24630111.0,-0.0,0.306,normal
2013-08-09,EWY,55.4551,55.36,3246895344,58550000.0,0.0,0.0,-2629071.0,-2629070.0,1.0,-0.172,normal
2013-08-12,EWY,55.5729,55.57,3253794759,58550000.0,0.0,0.0,6899415.0,6899415.0,0.0,-0.005,normal
2013-08-13,EWY,56.4886,56.31,3307408408,58550000.0,0.0,0.0,53613650.0,53613649.0,-1.0,-0.316,normal
2013-08-14,EWY,56.6854,56.56,3318928589,58550000.0,0.0,0.0,11520181.0,11520181.0,0.0,-0.221,normal
2013-08-15,EWY,56.6846,56.13,3318883096,58550000.0,0.0,0.0,-45493.0,-45493.0,0.0,-0.978,normal
2013-08-16,EWY,56.8161,56.51,3326585056,58550000.0,0.0,0.0,7701960.0,7701960.0,0.0,-0.539,normal
2013-08-19,EWY,56.6462,56.14,3316637293,58550000.0,0.0,0.0,-9947762.0,-9947763.0,-1.0,-0.894,normal
2013-08-20,EWY,55.5037,55.83,3249741694,58550000.0,0.0,0.0,-66895600.0,-66895599.0,1.0,0.588,normal
2013-08-21,EWY,55.0852,54.42,3225239163,58550000.0,0.0,0.0,-24502531.0,-24502531.0,-0.0,-1.208,normal
2013-08-22,EWY,54.3911,54.83,3184596563,58550000.0,0.0,0.0,-40642600.0,-40642600.0,-0.0,0.807,normal
2013-08-23,EWY,55.336,55.62,3239920751,58550000.0,0.0,0.0,55324188.0,55324188.0,0.0,0.513,normal
2013-08-26,EWY,56.105,55.76,3284945701,58550000.0,0.0,0.0,45024950.0,45024950.0,0.0,-0.615,normal
2013-08-27,EWY,55.9121,55.09,3273656148,58550000.0,0.0,0.0,-11289552.0,-11289553.0,-1.0,-1.47,normal
2013-08-28,EWY,55.892,55.9,3272479118,58550000.0,0.0,0.0,-1177031.0,-1177030.0,1.0,0.014,normal
2013-08-29,EWY,57.1261,57.06,3344731984,58550000.0,0.0,0.0,72252866.0,72252866.0,-0.0,-0.116,normal
2013-08-30,EWY,57.6668,57.23,3376390847,58550000.0,0.0,0.0,31658863.0,31658863.0,-0.0,-0.757,normal
2013-09-03,EWY,58.3915,57.78,3418824843,58550000.0,0.0,0.0,42433995.0,42433996.0,1.0,-1.047,normal
2013-09-04,EWY,58.6465,59.14,3460142084,59000000.0,450000.0,26390914.0,14926327.0,41317241.0,-0.0,0.842,normal
2013-09-05,EWY,59.0036,59.36,3481213403,59000000.0,0.0,0.0,21071319.0,21071319.0,0.0,0.604,normal
2013-09-06,EWY,59.4382,60.4,3506853328,59000000.0,0.0,0.0,25639925.0,25639925.0,-0.0,1.618,normal
2013-09-09,EWY,60.5172,61.14,3570513974,59000000.0,0.0,0.0,63660646.0,63660646.0,-0.0,1.029,normal
2013-09-10,EWY,61.4203,61.65,3706714803,60350000.0,1350000.0,82917398.0,53283431.0,136200829.0,-0.0,0.374,normal
2013-09-11,EWY,61.5528,61.97,3723942101,60500000.0,150000.0,9232914.0,7994383.0,17227298.0,0.0,0.678,normal
2013-09-12,EWY,61.5085,61.38,3742792042,60850000.0,350000.0,21527974.0,-2678033.0,18849941.0,-0.0,-0.209,normal
2013-09-13,EWY,61.0389,61.45,3750840528,61450000.0,600000.0,36623341.0,-28574856.0,8048486.0,1.0,0.673,normal
2013-09-16,EWY,62.0766,62.03,3814607869,61450000.0,0.0,0.0,63767341.0,63767341.0,0.0,-0.075,normal
2013-09-17,EWY,61.6968,61.75,3806692992,61700000.0,250000.0,15424202.0,-23339079.0,-7914877.0,-0.0,0.086,normal
2013-09-18,EWY,61.6959,64.28,3806637894,61700000.0,0.0,0.0,-55098.0,-55098.0,0.0,4.188,normal
2013-09-19,EWY,61.695,63.97,3806581315,61700000.0,0.0,0.0,-56579.0,-56579.0,-0.0,3.688,normal
2013-09-20,EWY,61.6941,62.68,3806524859,61700000.0,0.0,0.0,-56455.0,-56456.0,-1.0,1.598,normal
2013-09-23,EWY,62.4657,62.45,3854131469,61700000.0,0.0,0.0,47606609.0,47606610.0,1.0,-0.025,normal
2013-09-24,EWY,62.4907,62.42,3855673167,61700000.0,0.0,0.0,1541698.0,1541698.0,0.0,-0.113,normal
2013-09-25,EWY,61.8784,61.76,3817899131,61700000.0,0.0,0.0,-37774036.0,-37774036.0,-0.0,-0.191,normal
2013-09-26,EWY,62.2515,62.43,3840919278,61700000.0,0.0,0.0,23020147.0,23020147.0,0.0,0.287,normal
2013-09-27,EWY,62.4003,62.19,3850097029,61700000.0,0.0,0.0,9177752.0,9177751.0,-1.0,-0.337,normal
2013-09-30,EWY,61.7847,61.5,3849188804,62300000.0,600000.0,37070839.0,-37979065.0,-908225.0,1.0,-0.461,normal
2013-10-01,EWY,61.983,62.4,3861542769,62300000.0,0.0,0.0,12353965.0,12353965.0,-0.0,0.673,normal
2013-10-02,EWY,62.0361,62.49,3864849404,62300000.0,0.0,0.0,3306635.0,3306635.0,0.0,0.732,normal
2013-10-03,EWY,62.0352,62.36,3874095804,62450000.0,150000.0,9305274.0,-58873.0,9246400.0,-1.0,0.524,normal
2013-10-04,EWY,62.2363,62.52,3886656623,62450000.0,0.0,0.0,12560818.0,12560819.0,1.0,0.456,normal
2013-10-07,EWY,62.1527,62.17,3887648633,62550000.0,100000.0,6215266.0,-5223256.0,992010.0,-0.0,0.028,normal
2013-10-08,EWY,62.4104,62.01,3903771708,62550000.0,0.0,0.0,16123076.0,16123075.0,-1.0,-0.642,normal
2013-10-09,EWY,62.4095,62.25,3903712286,62550000.0,0.0,0.0,-59422.0,-59422.0,0.0,-0.256,normal
2013-10-10,EWY,62.4545,63.44,3906530038,62550000.0,0.0,0.0,2817752.0,2817752.0,-0.0,1.578,normal
2013-10-11,EWY,63.4034,63.87,4118049986,64950000.0,2400000.0,152168129.0,59351818.0,211519948.0,1.0,0.736,normal
2013-10-14,EWY,63.3074,64.07,4111814721,64950000.0,0.0,0.0,-6235265.0,-6235265.0,-0.0,1.205,normal
2013-10-15,EWY,64.3532,64.12,4205482927,65350000.0,400000.0,25741288.0,67926918.0,93668206.0,-0.0,-0.362,normal
2013-10-16,EWY,64.2045,64.69,4195761853,65350000.0,0.0,0.0,-9721074.0,-9721074.0,-0.0,0.756,normal
2013-10-17,EWY,64.7015,65.28,4228245704,65350000.0,0.0,0.0,32483851.0,32483851.0,-0.0,0.894,normal
2013-10-18,EWY,65.2419,65.52,4270082813,65450000.0,100000.0,6524191.0,35312918.0,41837109.0,0.0,0.426,normal
2013-10-21,EWY,65.1294,65.29,4275743337,65650000.0,200000.0,13025875.0,-7365350.0,5660524.0,-0.0,0.247,normal
2013-10-22,EWY,65.1985,65.68,4299841800,65950000.0,300000.0,19559553.0,4538910.0,24098463.0,0.0,0.739,normal
2013-10-23,EWY,64.7056,64.47,4357924517,67350000.0,1400000.0,90587889.0,-32505172.0,58082717.0,0.0,-0.364,normal
2013-10-24,EWY,64.6816,64.67,4366007392,67500000.0,150000.0,9702239.0,-1619363.0,8082875.0,-0.0,-0.018,normal
2013-10-25,EWY,64.2167,64.45,4334628465,67500000.0,0.0,0.0,-31378927.0,-31378927.0,0.0,0.363,normal
2013-10-28,EWY,64.8422,64.9,4409267084,68000000.0,500000.0,32421082.0,42217537.0,74638619.0,0.0,0.089,normal
2013-10-29,EWY,64.9914,65.25,4442162942,68350000.0,350000.0,22746994.0,10148864.0,32895858.0,0.0,0.398,normal
2013-10-30,EWY,65.3096,65.06,4463909178,68350000.0,0.0,0.0,21746236.0,21746236.0,-0.0,-0.382,normal
2013-10-31,EWY,64.1667,63.9,4408255588,68700000.0,350000.0,22458362.0,-78111952.0,-55653590.0,0.0,-0.416,normal
2013-11-01,EWY,64.548,64.35,4434446020,68700000.0,0.0,0.0,26190432.0,26190432.0,-0.0,-0.307,normal
2013-11-04,EWY,63.912,64.16,4400340098,68850000.0,150000.0,9586798.0,-43692719.0,-34105922.0,-0.0,0.388,normal
2013-11-05,EWY,63.7119,63.34,4386561354,68850000.0,0.0,0.0,-13778744.0,-13778744.0,-0.0,-0.584,normal
2013-11-06,EWY,63.701,63.7,4385813368,68850000.0,0.0,0.0,-747986.0,-747986.0,0.0,-0.002,normal
2013-11-07,EWY,63.3614,62.4,4362429154,68850000.0,0.0,0.0,-23384214.0,-23384214.0,-0.0,-1.517,normal
2013-11-08,EWY,62.471,62.51,4301126835,68850000.0,0.0,0.0,-61302319.0,-61302319.0,-0.0,0.062,normal
2013-11-11,EWY,61.9948,61.96,4268339157,68850000.0,0.0,0.0,-32787678.0,-32787678.0,0.0,-0.056,normal
2013-11-12,EWY,62.6949,62.21,4316541868,68850000.0,0.0,0.0,48202711.0,48202711.0,-0.0,-0.773,normal
2013-11-13,EWY,61.4188,61.73,4228684793,68850000.0,0.0,0.0,-87857075.0,-87857075.0,0.0,0.507,normal
2013-11-14,EWY,61.8158,62.17,4256016522,68850000.0,0.0,0.0,27331729.0,27331729.0,0.0,0.573,normal
2013-11-15,EWY,63.4401,63.81,4367852744,68850000.0,0.0,0.0,111836222.0,111836222.0,-0.0,0.583,normal
2013-11-18,EWY,64.0362,64.09,4408890442,68850000.0,0.0,0.0,41037698.0,41037698.0,-0.0,0.084,normal
2013-11-19,EWY,64.8461,64.48,4464650542,68850000.0,0.0,0.0,55760100.0,55760100.0,-0.0,-0.565,normal
2013-11-20,EWY,64.1333,63.66,4415578256,68850000.0,0.0,0.0,-49072287.0,-49072286.0,1.0,-0.738,normal
2013-11-21,EWY,63.0311,63.26,4339692405,68850000.0,0.0,0.0,-75885850.0,-75885851.0,-1.0,0.363,normal
2013-11-22,EWY,63.5455,63.43,4375109465,68850000.0,0.0,0.0,35417060.0,35417060.0,0.0,-0.182,normal
2013-11-25,EWY,63.7628,63.2,4390070088,68850000.0,0.0,0.0,14960623.0,14960623.0,-0.0,-0.883,normal
2013-11-26,EWY,64.1236,63.81,4414907863,68850000.0,0.0,0.0,24837775.0,24837775.0,-0.0,-0.489,normal
2013-11-27,EWY,64.2467,64.29,4423383780,68850000.0,0.0,0.0,8475917.0,8475917.0,0.0,0.067,normal
2013-11-29,EWY,64.9497,65.03,4471786088,68850000.0,0.0,0.0,48402307.0,48402308.0,1.0,0.124,normal
2013-12-02,EWY,64.5836,63.9,4446577831,68850000.0,0.0,0.0,-25208257.0,-25208257.0,0.0,-1.058,normal
2013-12-03,EWY,63.6435,63.27,4381851946,68850000.0,0.0,0.0,-64725885.0,-64725885.0,0.0,-0.587,normal
2013-12-04,EWY,62.8665,62.7,4328359420,68850000.0,0.0,0.0,-53492526.0,-53492526.0,-0.0,-0.265,normal
2013-12-05,EWY,62.871,62.45,4328669727,68850000.0,0.0,0.0,310307.0,310307.0,0.0,-0.67,normal
2013-12-06,EWY,62.866,63.51,4328326923,68850000.0,0.0,0.0,-342804.0,-342804.0,0.0,1.024,normal
2013-12-09,EWY,63.9054,63.87,4399886583,68850000.0,0.0,0.0,71559661.0,71559660.0,-1.0,-0.055,normal
2013-12-10,EWY,63.6991,63.64,4385685445,68850000.0,0.0,0.0,-14201139.0,-14201138.0,1.0,-0.093,normal
2013-12-11,EWY,63.2245,62.34,4353005861,68850000.0,0.0,0.0,-32679584.0,-32679584.0,-0.0,-1.399,normal
2013-12-12,EWY,62.9327,62.13,4332917979,68850000.0,0.0,0.0,-20087883.0,-20087882.0,1.0,-1.276,normal
2013-12-13,EWY,62.6214,62.33,4311482495,68850000.0,0.0,0.0,-21435484.0,-21435484.0,-0.0,-0.465,normal
2013-12-16,EWY,62.6308,63.16,4312133678,68850000.0,0.0,0.0,651183.0,651183.0,-0.0,0.845,normal
2013-12-17,EWY,62.86,62.67,4327912170,68850000.0,0.0,0.0,15778492.0,15778492.0,-0.0,-0.302,normal
2013-12-18,EWY,62.2391,62.98,4285158730,68850000.0,0.0,0.0,-42753440.0,-42753440.0,0.0,1.19,normal
2013-12-19,EWY,61.7527,61.88,4251672500,68850000.0,0.0,0.0,-33486230.0,-33486230.0,0.0,0.206,normal
2013-12-20,EWY,61.9662,61.89,4266374729,68850000.0,0.0,0.0,14702229.0,14702229.0,-0.0,-0.123,normal
2013-12-23,EWY,62.4493,62.58,4299632240,68850000.0,0.0,0.0,33257511.0,33257511.0,0.0,0.209,normal
2013-12-24,EWY,62.5662,62.65,4307684798,68850000.0,0.0,0.0,8052558.0,8052558.0,-0.0,0.134,normal
2013-12-26,EWY,62.4623,62.27,4300531283,68850000.0,0.0,0.0,-7153515.0,-7153515.0,0.0,-0.308,normal
2013-12-27,EWY,63.4181,63.74,4385364312,69150000.0,300000.0,19025442.0,65807587.0,84833029.0,-0.0,0.507,normal
2013-12-30,EWY,63.6,63.89,4397941245,69150000.0,0.0,0.0,12576933.0,12576933.0,0.0,0.456,normal
2013-12-31,EWY,63.5992,64.67,4397887169,69150000.0,0.0,0.0,-54075.0,-54076.0,-1.0,1.684,normal
2014-01-02,EWY,62.3435,61.64,4339109966,69600000.0,450000.0,28054590.0,-86831793.0,-58777203.0,-0.0,-1.129,normal
2014-01-03,EWY,61.2652,61.26,4264058407,69600000.0,0.0,0.0,-75051559.0,-75051559.0,0.0,-0.009,normal
2014-01-06,EWY,60.8618,60.77,4235978218,69600000.0,0.0,0.0,-28080190.0,-28080189.0,1.0,-0.151,normal
2014-01-07,EWY,60.8598,61.0,4235845142,69600000.0,0.0,0.0,-133075.0,-133076.0,-1.0,0.23,normal
2014-01-08,EWY,61.0545,60.73,4249393618,69600000.0,0.0,0.0,13548475.0,13548476.0,1.0,-0.531,normal
2014-01-09,EWY,60.6651,60.52,4222290125,69600000.0,0.0,0.0,-27103493.0,-27103493.0,-0.0,-0.239,normal
2014-01-10,EWY,60.4184,60.64,4205122310,69600000.0,0.0,0.0,-17167814.0,-17167815.0,-1.0,0.367,normal
2014-01-13,EWY,61.0382,60.51,4248255379,69600000.0,0.0,0.0,43133069.0,43133069.0,0.0,-0.865,normal
2014-01-14,EWY,60.8256,60.89,4233463152,69600000.0,0.0,0.0,-14792227.0,-14792227.0,0.0,0.106,normal
2014-01-15,EWY,60.7972,60.78,4231486094,69600000.0,0.0,0.0,-1977058.0,-1977058.0,-0.0,-0.028,normal
2014-01-16,EWY,60.9109,60.75,4239398362,69600000.0,0.0,0.0,7912267.0,7912268.0,1.0,-0.264,normal
2014-01-17,EWY,60.6361,60.39,4220274230,69600000.0,0.0,0.0,-19124131.0,-19124132.0,-1.0,-0.406,normal
2014-01-21,EWY,61.0086,60.49,4246201831,69600000.0,0.0,0.0,25927601.0,25927601.0,0.0,-0.85,normal
2014-01-22,EWY,61.0923,60.81,4252020809,69600000.0,0.0,0.0,5818978.0,5818978.0,0.0,-0.462,normal
2014-01-23,EWY,59.9881,59.35,4175171203,69600000.0,0.0,0.0,-76849606.0,-76849606.0,-0.0,-1.064,normal
2014-01-24,EWY,59.4491,57.64,4137659170,69600000.0,0.0,0.0,-37512034.0,-37512033.0,1.0,-3.043,normal
2014-01-27,EWY,58.2992,58.14,4043050699,69350000.0,-250000.0,-14574804.0,-80033666.0,-94608471.0,-0.0,-0.273,normal
2014-01-28,EWY,58.6565,58.72,4067827720,69350000.0,0.0,0.0,24777021.0,24777021.0,-0.0,0.108,normal
2014-01-29,EWY,60.0024,58.52,4155165161,69250000.0,-100000.0,-6000238.0,93337680.0,87337441.0,-0.0,-2.47,normal
2014-01-30,EWY,60.0045,58.93,4155313356,69250000.0,0.0,0.0,148195.0,148195.0,-0.0,-1.791,normal
2014-01-31,EWY,60.0036,59.04,4155251793,69250000.0,0.0,0.0,-61563.0,-61563.0,0.0,-1.606,normal
2014-02-03,EWY,58.4507,57.47,4018483288,68750000.0,-500000.0,-29225333.0,-107543173.0,-136768505.0,1.0,-1.678,normal
2014-02-04,EWY,57.407,57.91,3897935979,67900000.0,-850000.0,-48795958.0,-71751350.0,-120547309.0,-1.0,0.876,normal
2014-02-05,EWY,57.9706,58.03,3913012867,67500000.0,-400000.0,-23188224.0,38265113.0,15076888.0,-0.0,0.102,normal
2014-02-06,EWY,58.4982,58.92,3948625328,67500000.0,0.0,0.0,35612460.0,35612461.0,1.0,0.721,normal
2014-02-07,EWY,59.1365,59.22,3991715978,67500000.0,0.0,0.0,43090650.0,43090650.0,0.0,0.141,normal
2014-02-10,EWY,59.2888,58.96,4001991030,67500000.0,0.0,0.0,10275052.0,10275052.0,-0.0,-0.554,normal
2014-02-11,EWY,59.5815,59.88,4021754355,67500000.0,0.0,0.0,19763325.0,19763325.0,-0.0,0.501,normal
2014-02-12,EWY,60.1715,60.05,4061575845,67500000.0,0.0,0.0,39821490.0,39821490.0,0.0,-0.202,normal
2014-02-13,EWY,59.6944,59.81,4029372202,67500000.0,0.0,0.0,-32203643.0,-32203643.0,-0.0,0.194,normal
2014-02-14,EWY,60.323,60.73,4071802298,67500000.0,0.0,0.0,42430095.0,42430096.0,1.0,0.675,normal
2014-02-18,EWY,60.409,60.13,4077608850,67500000.0,0.0,0.0,5806552.0,5806552.0,-0.0,-0.462,normal
2014-02-19,EWY,60.2918,59.54,4069693125,67500000.0,0.0,0.0,-7915725.0,-7915725.0,-0.0,-1.247,normal
2014-02-20,EWY,59.3865,59.5,4008591855,67500000.0,0.0,0.0,-61101270.0,-61101270.0,-0.0,0.191,normal
2014-02-21,EWY,60.4264,59.88,4078783080,67500000.0,0.0,0.0,70191225.0,70191225.0,-0.0,-0.904,normal
2014-02-24,EWY,60.0007,60.23,4050047520,67500000.0,0.0,0.0,-28735560.0,-28735560.0,0.0,0.382,normal
2014-02-25,EWY,60.6131,60.18,4091381348,67500000.0,0.0,0.0,41333827.0,41333828.0,1.0,-0.715,normal
2014-02-26,EWY,61.2782,60.69,4136281065,67500000.0,0.0,0.0,44899718.0,44899717.0,-1.0,-0.96,normal
2014-02-27,EWY,61.4212,61.38,4145930392,67500000.0,0.0,0.0,9649327.0,9649327.0,-0.0,-0.067,normal
2014-02-28,EWY,61.5052,61.08,4151600392,67500000.0,0.0,0.0,5670000.0,5670000.0,-0.0,-0.691,normal
2014-03-03,EWY,60.904,60.58,4111018852,67500000.0,0.0,0.0,-40581540.0,-40581540.0,0.0,-0.532,normal
2014-03-04,EWY,60.3009,61.08,4070310345,67500000.0,0.0,0.0,-40708507.0,-40708507.0,0.0,1.292,normal
2014-03-05,EWY,61.0285,60.92,4119422872,67500000.0,0.0,0.0,49112527.0,49112527.0,-0.0,-0.178,normal
2014-03-06,EWY,61.486,61.62,4199496259,68300000.0,800000.0,49188829.0,30884558.0,80073387.0,1.0,0.218,normal
2014-03-07,EWY,61.6325,61.28,4209497906,68300000.0,0.0,0.0,10001647.0,10001647.0,-0.0,-0.572,normal
2014-03-10,EWY,60.6243,60.53,4140640305,68300000.0,0.0,0.0,-68857601.0,-68857601.0,0.0,-0.156,normal
2014-03-11,EWY,60.9347,60.15,4161838917,68300000.0,0.0,0.0,21198613.0,21198612.0,-1.0,-1.288,normal
2014-03-12,EWY,59.5793,59.77,4069265097,68300000.0,0.0,0.0,-92573820.0,-92573820.0,-0.0,0.32,normal
2014-03-13,EWY,59.5673,58.76,4068443243,68300000.0,0.0,0.0,-821854.0,-821854.0,-0.0,-1.355,normal
2014-03-14,EWY,58.8271,58.63,4017893799,68300000.0,0.0,0.0,-50549445.0,-50549444.0,1.0,-0.335,normal
2014-03-17,EWY,59.3818,59.64,4055779945,68300000.0,0.0,0.0,37886147.0,37886146.0,-1.0,0.435,normal
2014-03-18,EWY,59.661,59.9,4074848144,68300000.0,0.0,0.0,19068199.0,19068199.0,0.0,0.401,normal
2014-03-19,EWY,59.4379,58.82,4059609799,68300000.0,0.0,0.0,-15238345.0,-15238345.0,-0.0,-1.04,normal
2014-03-20,EWY,58.4532,58.39,3992352809,68300000.0,0.0,0.0,-67256991.0,-67256990.0,1.0,-0.108,normal
2014-03-21,EWY,58.7641,58.68,4013590147,68300000.0,0.0,0.0,21237339.0,21237338.0,-1.0,-0.143,normal
2014-03-24,EWY,59.2589,59.09,4047383007,68300000.0,0.0,0.0,33792859.0,33792860.0,1.0,-0.285,normal
2014-03-25,EWY,59.0113,59.38,4030469126,68300000.0,0.0,0.0,-16913880.0,-16913881.0,-1.0,0.625,normal
2014-03-26,EWY,60.1461,60.17,4107978493,68300000.0,0.0,0.0,77509367.0,77509367.0,-0.0,0.04,normal
2014-03-27,EWY,60.8569,60.95,4156527021,68300000.0,0.0,0.0,48548528.0,48548528.0,0.0,0.153,normal
2014-03-28,EWY,61.0709,61.13,4171140489,68300000.0,0.0,0.0,14613468.0,14613468.0,-0.0,0.097,normal
2014-03-31,EWY,61.561,61.51,4204614934,68300000.0,0.0,0.0,33474445.0,33474445.0,0.0,-0.083,normal
2014-04-01,EWY,62.0628,62.29,4238892587,68300000.0,0.0,0.0,34277653.0,34277653.0,0.0,0.366,normal
2014-04-02,EWY,62.3976,62.3,4305437574,69000000.0,700000.0,43678352.0,22866635.0,66544987.0,-0.0,-0.157,normal
2014-04-03,EWY,62.2825,62.34,4297495812,69000000.0,0.0,0.0,-7941762.0,-7941762.0,0.0,0.092,normal
2014-04-04,EWY,62.5226,62.32,4314059607,69000000.0,0.0,0.0,16563795.0,16563795.0,0.0,-0.324,normal
2014-04-07,EWY,62.5516,62.23,4316059020,69000000.0,0.0,0.0,1999413.0,1999413.0,-0.0,-0.514,normal
2014-04-08,EWY,62.8591,63.26,4337275485,69000000.0,0.0,0.0,21216465.0,21216465.0,0.0,0.638,normal
2014-04-09,EWY,63.627,64.12,4390264104,69000000.0,0.0,0.0,52988619.0,52988619.0,0.0,0.775,normal
2014-04-10,EWY,64.0077,63.4,4416530472,69000000.0,0.0,0.0,26266368.0,26266368.0,-0.0,-0.949,normal
2014-04-11,EWY,63.8865,63.48,4408165740,69000000.0,0.0,0.0,-8364732.0,-8364732.0,0.0,-0.636,normal
2014-04-14,EWY,63.6104,63.54,4389119670,69000000.0,0.0,0.0,-19046070.0,-19046070.0,-0.0,-0.111,normal
2014-04-15,EWY,63.2888,62.97,4366924371,69000000.0,0.0,0.0,-22195299.0,-22195299.0,0.0,-0.504,normal
2014-04-16,EWY,63.4972,63.91,4387659560,69100000.0,100000.0,6349724.0,14385465.0,20735189.0,-0.0,0.65,normal
2014-04-17,EWY,63.378,63.69,4369911790,68950000.0,-150000.0,-9506697.0,-8241073.0,-17747770.0,0.0,0.492,normal
2014-04-21,EWY,63.6495,63.84,4388631991,68950000.0,0.0,0.0,18720201.0,18720201.0,0.0,0.299,normal
2014-04-22,EWY,63.8962,63.85,4405640025,68950000.0,0.0,0.0,17008034.0,17008034.0,-0.0,-0.072,normal
2014-04-23,EWY,63.7265,63.35,4393941003,68950000.0,0.0,0.0,-11699022.0,-11699022.0,0.0,-0.591,normal
2014-04-24,EWY,63.741,63.46,4394940226,68950000.0,0.0,0.0,999223.0,999223.0,-0.0,-0.441,normal
2014-04-25,EWY,62.6742,62.38,4321385538,68950000.0,0.0,0.0,-73554688.0,-73554688.0,-0.0,-0.469,normal
2014-04-28,EWY,62.8843,62.85,4335870348,68950000.0,0.0,0.0,14484809.0,14484810.0,1.0,-0.054,normal
2014-04-29,EWY,62.8728,63.11,4335082801,68950000.0,0.0,0.0,-787547.0,-787547.0,-0.0,0.377,normal
2014-04-30,EWY,62.5318,62.55,4311570092,68950000.0,0.0,0.0,-23512708.0,-23512709.0,-1.0,0.029,normal
2014-05-01,EWY,62.5311,62.86,4311521207,68950000.0,0.0,0.0,-48886.0,-48885.0,1.0,0.526,normal
2014-05-02,EWY,62.64,62.69,4319027862,68950000.0,0.0,0.0,7506655.0,7506655.0,-0.0,0.08,normal
2014-05-05,EWY,62.6369,62.56,4318816599,68950000.0,0.0,0.0,-211263.0,-211263.0,-0.0,-0.123,normal
2014-05-06,EWY,62.6363,62.75,4318771161,68950000.0,0.0,0.0,-45438.0,-45438.0,0.0,0.182,normal
2014-05-07,EWY,62.4495,62.42,4305892818,68950000.0,0.0,0.0,-12878343.0,-12878343.0,0.0,-0.047,normal
2014-05-08,EWY,62.823,62.75,4331648263,68950000.0,0.0,0.0,25755445.0,25755445.0,-0.0,-0.116,normal
2014-05-09,EWY,62.8268,62.63,4331905860,68950000.0,0.0,0.0,257597.0,257597.0,-0.0,-0.313,normal
2014-05-12,EWY,63.2215,63.48,4359124631,68950000.0,0.0,0.0,27218771.0,27218771.0,0.0,0.409,normal
2014-05-13,EWY,64.0411,64.17,4415635707,68950000.0,0.0,0.0,56511075.0,56511076.0,1.0,0.201,normal
2014-05-14,EWY,64.7319,64.56,4463263195,68950000.0,0.0,0.0,47627488.0,47627488.0,-0.0,-0.266,normal
2014-05-15,EWY,64.9147,64.21,4475871323,68950000.0,0.0,0.0,12608128.0,12608128.0,-0.0,-1.086,normal
2014-05-16,EWY,65.1351,65.02,4491066731,68950000.0,0.0,0.0,15195408.0,15195408.0,0.0,-0.177,normal
2014-05-19,EWY,65.413,65.25,4510225454,68950000.0,0.0,0.0,19158723.0,19158723.0,0.0,-0.249,normal
2014-05-20,EWY,65.0733,64.6,4486802449,68950000.0,0.0,0.0,-23423004.0,-23423005.0,-1.0,-0.727,normal
2014-05-21,EWY,64.7928,65.0,4467460940,68950000.0,0.0,0.0,-19341509.0,-19341509.0,0.0,0.32,normal
2014-05-22,EWY,65.2525,65.26,4499160013,68950000.0,0.0,0.0,31699073.0,31699073.0,-0.0,0.011,normal
2014-05-23,EWY,65.2354,65.07,4497978417,68950000.0,0.0,0.0,-1181596.0,-1181596.0,0.0,-0.254,normal
2014-05-27,EWY,64.5289,64.43,4410550042,68350000.0,-600000.0,-38717338.0,-48711038.0,-87428375.0,0.0,-0.153,normal
2014-05-28,EWY,65.3215,65.16,4464722338,68350000.0,0.0,0.0,54172296.0,54172296.0,-0.0,-0.247,normal
2014-05-29,EWY,65.3363,65.49,4465733303,68350000.0,0.0,0.0,1010965.0,1010965.0,0.0,0.235,normal
2014-05-30,EWY,64.6626,64.63,4419691581,68350000.0,0.0,0.0,-46041722.0,-46041722.0,-0.0,-0.051,normal
2014-06-02,EWY,64.8087,64.67,4429677379,68350000.0,0.0,0.0,9985798.0,9985798.0,-0.0,-0.214,normal
2014-06-03,EWY,65.1706,64.79,4454409895,68350000.0,0.0,0.0,24732516.0,24732516.0,0.0,-0.584,normal
2014-06-04,EWY,65.1696,64.74,4454343254,68350000.0,0.0,0.0,-66641.0,-66641.0,0.0,-0.659,normal
2014-06-05,EWY,64.9787,64.9,4441295307,68350000.0,0.0,0.0,-13047947.0,-13047947.0,-0.0,-0.121,normal
2014-06-06,EWY,64.9777,65.39,4441228871,68350000.0,0.0,0.0,-66436.0,-66436.0,0.0,0.634,normal
2014-06-09,EWY,65.0107,65.27,4443479500,68350000.0,0.0,0.0,2250629.0,2250629.0,0.0,0.399,normal
2014-06-10,EWY,65.7122,65.66,4488143602,68300000.0,-50000.0,-3285610.0,47949712.0,44664102.0,0.0,-0.079,normal
2014-06-11,EWY,65.7823,65.41,4492929861,68300000.0,0.0,0.0,4786259.0,4786259.0,-0.0,-0.566,normal
2014-06-12,EWY,65.448,65.0,4470100654,68300000.0,0.0,0.0,-22829207.0,-22829207.0,-0.0,-0.685,normal
2014-06-13,EWY,64.6162,64.27,4413286255,68300000.0,0.0,0.0,-56814399.0,-56814399.0,-0.0,-0.536,normal
2014-06-16,EWY,64.6464,64.39,4415348983,68300000.0,0.0,0.0,2062728.0,2062728.0,-0.0,-0.397,normal
2014-06-17,EWY,64.8479,64.54,4429108906,68300000.0,0.0,0.0,13759923.0,13759923.0,0.0,-0.475,normal
2014-06-18,EWY,64.3343,64.74,4394029685,68300000.0,0.0,0.0,-35079221.0,-35079221.0,0.0,0.631,normal
2014-06-19,EWY,64.5258,64.52,4407112618,68300000.0,0.0,0.0,13082933.0,13082933.0,-0.0,-0.009,normal
2014-06-20,EWY,63.4949,63.61,4336698460,68300000.0,0.0,0.0,-70414158.0,-70414158.0,0.0,0.181,normal
2014-06-23,EWY,64.0551,63.92,4374966608,68300000.0,0.0,0.0,38268149.0,38268148.0,-1.0,-0.211,normal
2014-06-24,EWY,64.8301,64.61,4427897674,68300000.0,0.0,0.0,52931066.0,52931066.0,0.0,-0.34,normal
2014-06-25,EWY,64.2552,64.55,4388632892,68300000.0,0.0,0.0,-39264782.0,-39264782.0,0.0,0.459,normal
2014-06-26,EWY,65.0464,64.86,4442667481,68300000.0,0.0,0.0,54034589.0,54034589.0,0.0,-0.286,normal
2014-06-27,EWY,64.9371,64.97,4435206730,68300000.0,0.0,0.0,-7460750.0,-7460751.0,-1.0,0.051,normal
2014-06-30,EWY,65.498,65.02,4473514083,68300000.0,0.0,0.0,38307353.0,38307353.0,0.0,-0.73,normal
2014-07-01,EWY,65.2894,65.54,4459268342,68300000.0,0.0,0.0,-14245741.0,-14245741.0,-0.0,0.384,normal
2014-07-02,EWY,66.0183,65.78,4509051393,68300000.0,0.0,0.0,49783050.0,49783051.0,1.0,-0.361,normal
2014-07-03,EWY,65.7752,65.95,4492448346,68300000.0,0.0,0.0,-16603047.0,-16603047.0,-0.0,0.266,normal
2014-07-07,EWY,65.3584,65.19,4463979813,68300000.0,0.0,0.0,-28468533.0,-28468533.0,-0.0,-0.258,normal
2014-07-08,EWY,65.305,64.82,4460332456,68300000.0,0.0,0.0,-3647357.0,-3647357.0,-0.0,-0.743,normal
2014-07-09,EWY,64.9643,65.02,4437059641,68300000.0,0.0,0.0,-23272815.0,-23272815.0,0.0,0.086,normal
2014-07-10,EWY,65.0045,64.54,4439805711,68300000.0,0.0,0.0,2746070.0,2746070.0,0.0,-0.715,normal
2014-07-11,EWY,63.9699,63.96,4369143897,68300000.0,0.0,0.0,-70661814.0,-70661814.0,-0.0,-0.015,normal
2014-07-14,EWY,64.1974,64.35,4384681942,68300000.0,0.0,0.0,15538045.0,15538045.0,-0.0,0.238,normal
2014-07-15,EWY,64.476,64.31,4403707658,68300000.0,0.0,0.0,19025716.0,19025716.0,-0.0,-0.257,normal
2014-07-16,EWY,64.2895,64.56,4390970528,68300000.0,0.0,0.0,-12737130.0,-12737130.0,0.0,0.421,normal
2014-07-17,EWY,64.7444,63.92,4422039378,68300000.0,0.0,0.0,31068850.0,31068850.0,-0.0,-1.273,normal
2014-07-18,EWY,64.635,64.75,4414571046,68300000.0,0.0,0.0,-7468332.0,-7468332.0,-0.0,0.178,normal
2014-07-21,EWY,64.7128,64.78,4419886562,68300000.0,0.0,0.0,5315516.0,5315516.0,0.0,0.104,normal
2014-07-22,EWY,65.1744,65.55,4451408788,68300000.0,0.0,0.0,31522226.0,31522226.0,0.0,0.576,normal
2014-07-23,EWY,65.1517,65.32,4449859334,68300000.0,0.0,0.0,-1549454.0,-1549454.0,-0.0,0.258,normal
2014-07-24,EWY,64.9148,65.17,4446666882,68500000.0,200000.0,12982969.0,-16175421.0,-3192452.0,-0.0,0.393,normal
2014-07-25,EWY,65.2623,65.31,4470464673,68500000.0,0.0,0.0,23797791.0,23797791.0,0.0,0.073,normal
2014-07-28,EWY,65.7284,66.14,4502398140,68500000.0,0.0,0.0,31933467.0,31933467.0,-0.0,0.626,normal
2014-07-29,EWY,66.5852,66.86,4561088598,68500000.0,0.0,0.0,58690457.0,58690458.0,1.0,0.413,normal
2014-07-30,EWY,67.3912,67.36,4633148162,68750000.0,250000.0,16847812.0,55211753.0,72059564.0,-1.0,-0.046,normal
2014-07-31,EWY,66.7424,66.1,4638599858,69500000.0,750000.0,50056833.0,-44605137.0,5451696.0,0.0,-0.963,normal
2014-08-01,EWY,65.8905,66.6,4579389194,69500000.0,0.0,0.0,-59210664.0,-59210664.0,0.0,1.077,normal
2014-08-04,EWY,66.3523,66.61,4611485336,69500000.0,0.0,0.0,32096143.0,32096142.0,-1.0,0.388,normal
2014-08-05,EWY,66.1351,65.61,4596386322,69500000.0,0.0,0.0,-15099014.0,-15099014.0,0.0,-0.794,normal
2014-08-06,EWY,65.5285,65.4,4600101051,70200000.0,700000.0,45869954.0,-42155225.0,3714729.0,0.0,-0.196,normal
2014-08-07,EWY,65.0496,64.98,4579491770,70400000.0,200000.0,13009920.0,-33619201.0,-20609281.0,0.0,-0.107,normal
2014-08-08,EWY,64.1622,65.15,4517016134,70400000.0,0.0,0.0,-62475635.0,-62475636.0,-1.0,1.54,normal
2014-08-11,EWY,64.887,65.36,4568045926,70400000.0,0.0,0.0,51029792.0,51029792.0,-0.0,0.729,normal
2014-08-12,EWY,65.1906,65.51,4589414790,70400000.0,0.0,0.0,21368864.0,21368864.0,0.0,0.49,normal
2014-08-13,EWY,65.675,65.93,4623520563,70400000.0,0.0,0.0,34105773.0,34105773.0,0.0,0.388,normal
2014-08-14,EWY,66.1671,66.51,4711095669,71200000.0,800000.0,52933659.0,34641446.0,87575106.0,0.0,0.518,normal
2014-08-15,EWY,66.1665,66.31,4711053661,71200000.0,0.0,0.0,-42008.0,-42008.0,0.0,0.217,normal
2014-08-18,EWY,65.894,66.4,4691649952,71200000.0,0.0,0.0,-19403709.0,-19403709.0,-0.0,0.768,normal
2014-08-19,EWY,66.5121,66.77,4782218552,71900000.0,700000.0,46558456.0,44010144.0,90568600.0,0.0,0.388,normal
2014-08-20,EWY,66.2163,66.31,4800678850,72500000.0,600000.0,39729756.0,-21269458.0,18460298.0,-0.0,0.142,normal
2014-08-21,EWY,65.1109,65.43,4759604597,73100000.0,600000.0,39066522.0,-80140775.0,-41074253.0,-0.0,0.49,normal
2014-08-22,EWY,65.9354,65.79,4819880883,73100000.0,0.0,0.0,60276286.0,60276286.0,-0.0,-0.221,normal
2014-08-25,EWY,65.726,66.02,4804567237,73100000.0,0.0,0.0,-15313646.0,-15313646.0,-0.0,0.447,normal
2014-08-26,EWY,66.1004,66.67,4848465147,73350000.0,250000.0,16525103.0,27372807.0,43897910.0,1.0,0.862,normal
2014-08-27,EWY,66.4643,66.68,4891774541,73600000.0,250000.0,16616082.0,26693312.0,43309394.0,0.0,0.325,normal
2014-08-28,EWY,66.5172,66.66,4895663050,73600000.0,0.0,0.0,3888509.0,3888509.0,0.0,0.215,normal
2014-08-29,EWY,66.4218,66.4,4888647424,73600000.0,0.0,0.0,-7015626.0,-7015626.0,-0.0,-0.033,normal
2014-09-02,EWY,65.3027,65.4,4809543487,73650000.0,50000.0,3265135.0,-82369072.0,-79103937.0,0.0,0.149,normal
2014-09-03,EWY,65.0077,65.24,4787813643,73650000.0,0.0,0.0,-21729843.0,-21729844.0,-1.0,0.357,normal
2014-09-04,EWY,65.3353,65.22,4811947496,73650000.0,0.0,0.0,24133853.0,24133853.0,0.0,-0.176,normal
2014-09-05,EWY,64.6372,65.08,4763764220,73700000.0,50000.0,3231862.0,-51415139.0,-48183276.0,1.0,0.685,normal
2014-09-08,EWY,64.6341,64.39,4769999237,73800000.0,100000.0,6463414.0,-228396.0,6235017.0,-0.0,-0.378,normal
2014-09-09,EWY,64.6334,63.6,4769945732,73800000.0,0.0,0.0,-53505.0,-53505.0,0.0,-1.599,normal
2014-09-10,EWY,64.6325,63.86,4769874958,73800000.0,0.0,0.0,-70774.0,-70774.0,0.0,-1.195,normal
2014-09-11,EWY,63.4167,63.6,4680153567,73800000.0,0.0,0.0,-89721391.0,-89721391.0,-0.0,0.289,normal
2014-09-12,EWY,63.8377,63.72,4768678655,74700000.0,900000.0,57453960.0,31071128.0,88525088.0,-0.0,-0.184,normal
2014-09-15,EWY,63.3859,63.47,4734924713,74700000.0,0.0,0.0,-33753942.0,-33753942.0,0.0,0.133,normal
2014-09-16,EWY,63.6798,64.2,4766434377,74850000.0,150000.0,9551973.0,21957692.0,31509664.0,-0.0,0.817,normal
2014-09-17,EWY,64.4516,64.08,4824201137,74850000.0,0.0,0.0,57766760.0,57766760.0,0.0,-0.577,normal
2014-09-18,EWY,63.2179,63.55,4744501144,75050000.0,200000.0,12643574.0,-92343568.0,-79699993.0,1.0,0.525,normal
2014-09-19,EWY,63.1417,63.42,4764042472,75450000.0,400000.0,25256686.0,-5715358.0,19541328.0,-1.0,0.441,normal
2014-09-22,EWY,62.7632,62.4,4766868534,75950000.0,500000.0,31381623.0,-28555562.0,2826062.0,1.0,-0.579,normal
2014-09-23,EWY,62.3655,62.21,4736662307,75950000.0,0.0,0.0,-30206226.0,-30206227.0,-1.0,-0.249,normal
2014-09-24,EWY,62.3739,62.87,4793433216,76850000.0,900000.0,56136498.0,634410.0,56770909.0,0.0,0.795,normal
2014-09-25,EWY,62.1309,61.73,4812038747,77450000.0,600000.0,37278544.0,-18673013.0,18605531.0,-0.0,-0.645,normal
2014-09-26,EWY,62.0087,61.86,4802574977,77450000.0,0.0,0.0,-9463770.0,-9463770.0,0.0,-0.24,normal
2014-09-29,EWY,61.4107,61.07,4756261038,77450000.0,0.0,0.0,-46313938.0,-46313939.0,-1.0,-0.555,normal
2014-09-30,EWY,61.0042,60.51,4724775910,77450000.0,0.0,0.0,-31485129.0,-31485128.0,1.0,-0.81,normal
2014-10-01,EWY,59.5783,58.93,4614340264,77450000.0,0.0,0.0,-110435645.0,-110435646.0,-1.0,-1.088,normal
2014-10-02,EWY,58.8572,58.71,4558491921,77450000.0,0.0,0.0,-55848343.0,-55848343.0,0.0,-0.25,normal
2014-10-03,EWY,58.8564,58.86,4558426554,77450000.0,0.0,0.0,-65368.0,-65367.0,1.0,0.006,normal
2014-10-06,EWY,58.3614,58.77,4520093915,77450000.0,0.0,0.0,-38332638.0,-38332639.0,-1.0,0.7,normal
2014-10-07,EWY,58.7033,58.24,4546574303,77450000.0,0.0,0.0,26480387.0,26480388.0,1.0,-0.789,normal
2014-10-08,EWY,57.7428,58.56,4472179705,77450000.0,0.0,0.0,-74394597.0,-74394598.0,-1.0,1.415,normal
2014-10-09,EWY,57.742,57.61,4472115499,77450000.0,0.0,0.0,-64206.0,-64206.0,0.0,-0.229,normal
2014-10-10,EWY,57.1007,56.47,4422453010,77450000.0,0.0,0.0,-49662489.0,-49662489.0,-0.0,-1.105,normal
2014-10-13,EWY,57.086,56.98,4421307292,77450000.0,0.0,0.0,-1145718.0,-1145718.0,-0.0,-0.186,normal
2014-10-14,EWY,57.4168,57.16,4464155656,77750000.0,300000.0,17225038.0,25623326.0,42848364.0,0.0,-0.447,normal
2014-10-15,EWY,57.3718,57.08,4460657294,77750000.0,0.0,0.0,-3498361.0,-3498362.0,-1.0,-0.509,normal
2014-10-16,EWY,57.0999,56.88,4428093833,77550000.0,-200000.0,-11419971.0,-21143490.0,-32563461.0,1.0,-0.385,normal
2014-10-17,EWY,56.2151,56.8,4359481703,77550000.0,0.0,0.0,-68612130.0,-68612130.0,-0.0,1.04,normal
2014-10-20,EWY,57.6376,57.59,4469793088,77550000.0,0.0,0.0,110311385.0,110311385.0,-0.0,-0.083,normal
2014-10-21,EWY,57.2194,57.79,4437362919,77550000.0,0.0,0.0,-32430169.0,-32430169.0,0.0,0.997,normal
2014-10-22,EWY,58.0058,57.55,4498346766,77550000.0,0.0,0.0,60983847.0,60983847.0,0.0,-0.786,normal
2014-10-23,EWY,57.5761,57.63,4465023065,77550000.0,0.0,0.0,-33323700.0,-33323701.0,-1.0,0.094,normal
2014-10-24,EWY,57.4449,57.58,4454854166,77550000.0,0.0,0.0,-10168899.0,-10168899.0,-0.0,0.235,normal
2014-10-27,EWY,57.9635,57.89,4495067254,77550000.0,0.0,0.0,40213087.0,40213088.0,1.0,-0.127,normal
2014-10-28,EWY,57.9061,58.44,4490614488,77550000.0,0.0,0.0,-4452766.0,-4452766.0,-0.0,0.922,normal
2014-10-29,EWY,59.4856,59.02,4613110994,77550000.0,0.0,0.0,122496507.0,122496506.0,-1.0,-0.783,normal
2014-10-30,EWY,59.1735,59.37,4588903219,77550000.0,0.0,0.0,-24207775.0,-24207775.0,0.0,0.332,normal
2014-10-31,EWY,58.9361,58.63,4570490678,77550000.0,0.0,0.0,-18412541.0,-18412541.0,0.0,-0.519,normal
2014-11-03,EWY,58.2034,57.65,4513671731,77550000.0,0.0,0.0,-56818946.0,-56818947.0,-1.0,-0.951,normal
2014-11-04,EWY,57.3927,57.38,4462285535,77750000.0,200000.0,11478548.0,-62864744.0,-51386196.0,0.0,-0.022,normal
2014-11-05,EWY,56.8066,56.47,4442279483,78200000.0,450000.0,25562989.0,-45569042.0,-20006052.0,0.0,-0.593,normal
2014-11-06,EWY,57.2077,56.71,4482220709,78350000.0,150000.0,8581150.0,31360077.0,39941226.0,-1.0,-0.87,normal
2014-11-07,EWY,56.7121,57.04,4443394054,78350000.0,0.0,0.0,-38826656.0,-38826655.0,1.0,0.578,normal
2014-11-10,EWY,58.0248,57.53,4546241200,78350000.0,0.0,0.0,102847146.0,102847146.0,-0.0,-0.853,normal
2014-11-11,EWY,57.6123,57.06,4513922686,78350000.0,0.0,0.0,-32318513.0,-32318514.0,-1.0,-0.959,normal
2014-11-12,EWY,57.552,57.26,4509200767,78350000.0,0.0,0.0,-4721919.0,-4721919.0,0.0,-0.507,normal
2014-11-13,EWY,57.2092,57.06,4482340115,78350000.0,0.0,0.0,-26860652.0,-26860652.0,0.0,-0.261,normal
2014-11-14,EWY,56.5243,56.6,4420196585,78200000.0,-150000.0,-8478638.0,-53664892.0,-62143530.0,0.0,0.134,normal
2014-11-17,EWY,56.8814,56.54,4448123603,78200000.0,0.0,0.0,27927019.0,27927018.0,-1.0,-0.6,normal
2014-11-18,EWY,57.131,56.98,4467646155,78200000.0,0.0,0.0,19522552.0,19522552.0,0.0,-0.264,normal
2014-11-19,EWY,56.6611,56.14,4430899193,78200000.0,0.0,0.0,-36746962.0,-36746962.0,-0.0,-0.92,normal
2014-11-20,EWY,55.9131,56.0,4372406375,78200000.0,0.0,0.0,-58492818.0,-58492818.0,0.0,0.155,normal
2014-11-21,EWY,56.1853,56.79,4393689131,78200000.0,0.0,0.0,21282756.0,21282756.0,0.0,1.076,normal
2014-11-24,EWY,56.9057,56.83,4450022143,78200000.0,0.0,0.0,56333012.0,56333012.0,-0.0,-0.133,normal
2014-11-25,EWY,56.7898,56.74,4440966114,78200000.0,0.0,0.0,-9056029.0,-9056029.0,0.0,-0.088,normal
2014-11-26,EWY,57.0535,57.52,4461585577,78200000.0,0.0,0.0,20619463.0,20619463.0,-0.0,0.818,normal
2014-11-28,EWY,57.4183,56.88,4490112937,78200000.0,0.0,0.0,28527360.0,28527360.0,0.0,-0.938,normal
2014-12-01,EWY,56.6355,56.45,4428899619,78200000.0,0.0,0.0,-61213318.0,-61213318.0,-0.0,-0.328,normal
2014-12-02,EWY,56.9184,56.36,4439634732,78000000.0,-200000.0,-11383679.0,22118792.0,10735113.0,0.0,-0.981,normal
2014-12-03,EWY,56.676,56.34,4409396068,77800000.0,-200000.0,-11335208.0,-18903456.0,-30238664.0,0.0,-0.593,normal
2014-12-04,EWY,57.0554,56.92,4438912143,77800000.0,0.0,0.0,29516075.0,29516075.0,-0.0,-0.237,normal
2014-12-05,EWY,57.1794,56.59,4448554986,77800000.0,0.0,0.0,9642843.0,9642843.0,-0.0,-1.031,normal
2014-12-08,EWY,56.8375,56.62,4421954855,77800000.0,0.0,0.0,-26600131.0,-26600131.0,0.0,-0.383,normal
2014-12-09,EWY,57.2359,57.0,4447230984,77700000.0,-100000.0,-5723592.0,30999721.0,25276129.0,-0.0,-0.412,normal
2014-12-10,EWY,56.6284,56.13,4380205966,77350000.0,-350000.0,-19819936.0,-47205081.0,-67025018.0,-1.0,-0.88,normal
2014-12-11,EWY,55.8002,55.65,4265926972,76450000.0,-900000.0,-50220200.0,-64058795.0,-114278994.0,1.0,-0.269,normal
2014-12-12,EWY,55.8485,54.88,4233315011,75800000.0,-650000.0,-36301514.0,3689553.0,-32611961.0,-1.0,-1.734,normal
2014-12-15,EWY,55.9874,55.44,4243847649,75800000.0,0.0,0.0,10532637.0,10532638.0,1.0,-0.978,normal
2014-12-16,EWY,56.2045,56.24,4260304814,75800000.0,0.0,0.0,16457165.0,16457165.0,-0.0,0.063,normal
2014-12-17,EWY,54.8935,55.25,4152690325,75650000.0,-150000.0,-8234019.0,-99380470.0,-107614489.0,1.0,0.649,normal
2014-12-18,EWY,54.5857,55.12,4129407222,75650000.0,0.0,0.0,-23283103.0,-23283103.0,0.0,0.979,normal
2014-12-19,EWY,55.5168,55.29,4199848416,75650000.0,0.0,0.0,70441195.0,70441194.0,-1.0,-0.409,normal
2014-12-22,EWY,56.2135,55.93,4252551880,75650000.0,0.0,0.0,52703464.0,52703464.0,0.0,-0.504,normal
2014-12-23,EWY,55.7115,55.3,4214575429,75650000.0,0.0,0.0,-37976451.0,-37976451.0,0.0,-0.739,normal
2014-12-24,EWY,55.9738,55.61,4234414339,75650000.0,0.0,0.0,19838910.0,19838910.0,0.0,-0.65,normal
2014-12-26,EWY,56.1434,55.88,4247248361,75650000.0,0.0,0.0,12834023.0,12834022.0,-1.0,-0.469,normal
2014-12-29,EWY,55.9473,55.67,4232409916,75650000.0,0.0,0.0,-14838445.0,-14838445.0,-0.0,-0.496,normal
2014-12-30,EWY,55.3593,55.22,4187930667,75650000.0,0.0,0.0,-44479250.0,-44479249.0,1.0,-0.252,normal
2014-12-31,EWY,55.3585,55.29,4187869920,75650000.0,0.0,0.0,-60747.0,-60747.0,-0.0,-0.124,normal
2015-01-02,EWY,55.2993,54.71,4183390759,75650000.0,0.0,0.0,-4479161.0,-4479161.0,-0.0,-1.066,normal
2015-01-05,EWY,54.7898,54.03,4144844663,75650000.0,0.0,0.0,-38546096.0,-38546096.0,-0.0,-1.387,normal
2015-01-06,EWY,54.3143,53.83,4076291742,75050000.0,-600000.0,-32588608.0,-35964313.0,-68552921.0,-0.0,-0.892,normal
2015-01-07,EWY,54.4217,54.51,4073464544,74850000.0,-200000.0,-10884341.0,8057143.0,-2827198.0,-0.0,0.162,normal
2015-01-08,EWY,55.4728,55.57,4141044147,74650000.0,-200000.0,-11094559.0,78674161.0,67579603.0,1.0,0.175,normal
2015-01-09,EWY,56.3531,56.08,4206757646,74650000.0,0.0,0.0,65713499.0,65713499.0,-0.0,-0.485,normal
2015-01-12,EWY,56.6075,56.09,4203104425,74250000.0,-400000.0,-22642987.0,18989766.0,-3653221.0,0.0,-0.914,normal
2015-01-13,EWY,56.5729,56.58,4200534706,74250000.0,0.0,0.0,-2569718.0,-2569719.0,-1.0,0.013,normal
2015-01-14,EWY,56.5599,56.22,4182602386,73950000.0,-300000.0,-16967961.0,-964359.0,-17932320.0,0.0,-0.601,normal
2015-01-15,EWY,56.4469,56.31,4174244927,73950000.0,0.0,0.0,-8357459.0,-8357459.0,0.0,-0.242,normal
2015-01-16,EWY,55.8875,56.23,4132877593,73950000.0,0.0,0.0,-41367334.0,-41367334.0,0.0,0.613,normal
2015-01-20,EWY,56.3245,56.2,4165198476,73950000.0,0.0,0.0,32320883.0,32320883.0,0.0,-0.221,normal
2015-01-21,EWY,56.8371,56.73,4203103989,73950000.0,0.0,0.0,37905513.0,37905513.0,0.0,-0.188,normal
2015-01-22,EWY,56.7021,57.38,4193117115,73950000.0,0.0,0.0,-9986874.0,-9986874.0,-0.0,1.196,normal
2015-01-23,EWY,57.2286,57.38,4232056227,73950000.0,0.0,0.0,38939112.0,38939112.0,0.0,0.265,normal
2015-01-26,EWY,57.2646,57.48,4234714582,73950000.0,0.0,0.0,2658355.0,2658355.0,0.0,0.376,normal
2015-01-27,EWY,57.8196,57.25,4275760233,73950000.0,0.0,0.0,41045652.0,41045651.0,-1.0,-0.985,normal
2015-01-28,EWY,57.6788,57.05,4265346373,73950000.0,0.0,0.0,-10413861.0,-10413860.0,1.0,-1.09,normal
2015-01-29,EWY,56.821,56.93,4201916574,73950000.0,0.0,0.0,-63429799.0,-63429799.0,0.0,0.192,normal
2015-01-30,EWY,56.6151,55.65,4186684353,73950000.0,0.0,0.0,-15232221.0,-15232221.0,0.0,-1.705,normal
2015-02-02,EWY,56.306,56.58,4163832176,73950000.0,0.0,0.0,-22852177.0,-22852177.0,-0.0,0.486,normal
2015-02-03,EWY,56.5436,57.0,4181396706,73950000.0,0.0,0.0,17564530.0,17564530.0,-0.0,0.807,normal
2015-02-04,EWY,57.5542,57.27,4256136196,73950000.0,0.0,0.0,74739490.0,74739490.0,-0.0,-0.494,normal
2015-02-05,EWY,56.7377,57.03,4195750549,73950000.0,0.0,0.0,-60385647.0,-60385647.0,0.0,0.515,normal
2015-02-06,EWY,56.8913,56.15,4207108973,73950000.0,0.0,0.0,11358424.0,11358424.0,-0.0,-1.303,normal
2015-02-09,EWY,56.3655,56.12,4168230204,73950000.0,0.0,0.0,-38878769.0,-38878769.0,-0.0,-0.436,normal
2015-02-10,EWY,56.2811,55.71,4161988158,73950000.0,0.0,0.0,-6242046.0,-6242046.0,-0.0,-1.015,normal
2015-02-11,EWY,56.0633,55.04,4145884067,73950000.0,0.0,0.0,-16104092.0,-16104091.0,1.0,-1.825,normal
2015-02-12,EWY,55.1492,55.58,3929380072,71250000.0,-2700000.0,-148902824.0,-67601171.0,-216503995.0,-1.0,0.781,normal
2015-02-13,EWY,56.3908,56.03,3978371011,70550000.0,-700000.0,-39473561.0,88464499.0,48990939.0,1.0,-0.64,normal
2015-02-17,EWY,56.3226,55.93,3973561123,70550000.0,0.0,0.0,-4809887.0,-4809888.0,-1.0,-0.697,normal
2015-02-18,EWY,56.3228,55.98,3973571706,70550000.0,0.0,0.0,10583.0,10583.0,0.0,-0.609,normal
2015-02-19,EWY,56.3221,55.72,3973524367,70550000.0,0.0,0.0,-47339.0,-47339.0,0.0,-1.069,normal
2015-02-20,EWY,56.3214,56.17,3973477310,70550000.0,0.0,0.0,-47057.0,-47057.0,-0.0,-0.269,normal
2015-02-23,EWY,56.1184,56.0,3959153120,70550000.0,0.0,0.0,-14324190.0,-14324190.0,-0.0,-0.211,normal
2015-02-24,EWY,56.1846,56.4,3963820214,70550000.0,0.0,0.0,4667094.0,4667094.0,-0.0,0.384,normal
2015-02-25,EWY,57.1545,56.72,4032248846,70550000.0,0.0,0.0,68428632.0,68428632.0,-0.0,-0.76,normal
2015-02-26,EWY,57.2683,56.8,4031685011,70400000.0,-150000.0,-8590238.0,8026403.0,-563835.0,-0.0,-0.818,normal
2015-02-27,EWY,56.9374,56.63,4025477432,70700000.0,300000.0,17081234.0,-23288813.0,-6207579.0,0.0,-0.54,normal
2015-03-02,EWY,57.2124,57.06,4044918448,70700000.0,0.0,0.0,19441015.0,19441016.0,1.0,-0.266,normal
2015-03-03,EWY,57.653,57.24,4076065969,70700000.0,0.0,0.0,31147521.0,31147521.0,-0.0,-0.716,normal
2015-03-04,EWY,57.5327,57.04,4119341535,71600000.0,900000.0,51779433.0,-8503867.0,43275566.0,-0.0,-0.856,normal
2015-03-05,EWY,57.2644,57.08,4085811872,71350000.0,-250000.0,-14316089.0,-19213574.0,-33529663.0,-0.0,-0.322,normal
2015-03-06,EWY,57.9217,56.79,4132714722,71350000.0,0.0,0.0,46902850.0,46902850.0,-0.0,-1.954,normal
2015-03-09,EWY,56.5357,56.35,3974460975,70300000.0,-1050000.0,-59362504.0,-98891243.0,-158253747.0,-0.0,-0.329,normal
2015-03-10,EWY,55.7976,54.97,3922567976,70300000.0,0.0,0.0,-51893000.0,-51892999.0,1.0,-1.483,normal
2015-03-11,EWY,55.6666,55.12,3891094781,69900000.0,-400000.0,-22266637.0,-9206558.0,-31473195.0,0.0,-0.982,normal
2015-03-12,EWY,55.3027,55.59,3865661526,69900000.0,0.0,0.0,-25433255.0,-25433255.0,-0.0,0.519,normal
2015-03-13,EWY,55.4978,54.79,3848775551,69350000.0,-550000.0,-30523815.0,13637839.0,-16885975.0,0.0,-1.275,normal
2015-03-16,EWY,55.442,55.59,3844900203,69350000.0,0.0,0.0,-3875347.0,-3875348.0,-1.0,0.267,normal
2015-03-17,EWY,56.8763,57.01,3944373832,69350000.0,0.0,0.0,99473629.0,99473629.0,0.0,0.235,normal
2015-03-18,EWY,56.8131,57.96,3939985364,69350000.0,0.0,0.0,-4388468.0,-4388468.0,-0.0,2.019,normal
2015-03-19,EWY,57.5924,57.21,3994030790,69350000.0,0.0,0.0,54045426.0,54045426.0,0.0,-0.664,normal
2015-03-20,EWY,57.2055,57.77,3967201078,69350000.0,0.0,0.0,-26829712.0,-26829712.0,-0.0,0.987,normal
2015-03-23,EWY,57.695,57.92,4001145337,69350000.0,0.0,0.0,33944259.0,33944259.0,-0.0,0.39,normal
2015-03-24,EWY,58.2007,58.08,4036218129,69350000.0,0.0,0.0,35072792.0,35072792.0,0.0,-0.207,normal
2015-03-25,EWY,58.3509,57.8,4046631448,69350000.0,0.0,0.0,10413319.0,10413319.0,0.0,-0.944,normal
2015-03-26,EWY,57.3145,57.34,3974760436,69350000.0,0.0,0.0,-71871011.0,-71871012.0,-1.0,0.044,normal
2015-03-27,EWY,57.4006,57.32,3980734523,69350000.0,0.0,0.0,5974086.0,5974087.0,1.0,-0.141,normal
2015-03-30,EWY,57.4242,57.58,3982368825,69350000.0,0.0,0.0,1634302.0,1634302.0,-0.0,0.271,normal
2015-03-31,EWY,57.5052,57.24,3987986244,69350000.0,0.0,0.0,5617419.0,5617419.0,-0.0,-0.461,normal
2015-04-01,EWY,57.28,57.39,3972365365,69350000.0,0.0,0.0,-15620879.0,-15620879.0,0.0,0.192,normal
2015-04-02,EWY,57.5998,58.01,3994543425,69350000.0,0.0,0.0,22178061.0,22178060.0,-1.0,0.712,normal
2015-04-06,EWY,58.5993,58.78,4063863952,69350000.0,0.0,0.0,69320526.0,69320527.0,1.0,0.308,normal
2015-04-07,EWY,58.4211,58.11,4051502383,69350000.0,0.0,0.0,-12361568.0,-12361569.0,-1.0,-0.532,normal
2015-04-08,EWY,58.6986,58.75,4070749921,69350000.0,0.0,0.0,19247538.0,19247538.0,0.0,0.087,normal
2015-04-09,EWY,58.5481,58.58,4060308238,69350000.0,0.0,0.0,-10441683.0,-10441683.0,-0.0,0.054,normal
2015-04-10,EWY,59.4292,59.6,4133301764,69550000.0,200000.0,11885843.0,61107683.0,72993526.0,0.0,0.287,normal
2015-04-13,EWY,59.5725,59.42,4170075140,70000000.0,450000.0,26807626.0,9965750.0,36773376.0,0.0,-0.256,normal
2015-04-14,EWY,60.4068,60.46,4249618661,70350000.0,350000.0,21142381.0,58401140.0,79543521.0,-0.0,0.088,normal
2015-04-15,EWY,60.2094,60.82,4235732838,70350000.0,0.0,0.0,-13885824.0,-13885823.0,1.0,1.014,normal
2015-04-16,EWY,61.1951,61.52,4335673969,70850000.0,500000.0,30597558.0,69343573.0,99941131.0,0.0,0.531,normal
2015-04-17,EWY,61.4288,61.02,4352232464,70850000.0,0.0,0.0,16558495.0,16558495.0,-0.0,-0.665,normal
2015-04-20,EWY,61.7859,61.75,4377531157,70850000.0,0.0,0.0,25298693.0,25298693.0,0.0,-0.058,normal
2015-04-21,EWY,61.4195,61.44,4351574551,70850000.0,0.0,0.0,-25956606.0,-25956606.0,0.0,0.033,normal
2015-04-22,EWY,61.77,61.92,4376405704,70850000.0,0.0,0.0,24831154.0,24831153.0,-1.0,0.243,normal
2015-04-23,EWY,62.5273,62.92,4430056725,70850000.0,0.0,0.0,53651021.0,53651021.0,0.0,0.628,normal
2015-04-24,EWY,62.2958,62.64,4423004640,71000000.0,150000.0,9344376.0,-16396461.0,-7052085.0,0.0,0.552,normal
2015-04-27,EWY,62.3836,62.66,4429235387,71000000.0,0.0,0.0,6230747.0,6230747.0,-0.0,0.443,normal
2015-04-28,EWY,62.1831,62.84,4415002585,71000000.0,0.0,0.0,-14232802.0,-14232802.0,0.0,1.056,normal
2015-04-29,EWY,62.082,61.96,4451279472,71700000.0,700000.0,43457401.0,-7180514.0,36276887.0,0.0,-0.197,normal
2015-04-30,EWY,61.539,61.17,4418502139,71800000.0,100000.0,6153903.0,-38931236.0,-32777333.0,0.0,-0.6,normal
2015-05-01,EWY,61.5384,61.16,4418455110,71800000.0,0.0,0.0,-47029.0,-47029.0,-0.0,-0.615,normal
2015-05-04,EWY,61.4063,61.68,4408972771,71800000.0,0.0,0.0,-9482339.0,-9482339.0,-0.0,0.446,normal
2015-05-05,EWY,61.4064,60.98,4408977222,71800000.0,0.0,0.0,4452.0,4451.0,-1.0,-0.694,normal
2015-05-06,EWY,60.6534,60.35,4354914335,71800000.0,0.0,0.0,-54062887.0,-54062887.0,0.0,-0.5,normal
2015-05-07,EWY,59.789,59.71,4304809224,72000000.0,200000.0,11957803.0,-62062915.0,-50105111.0,0.0,-0.132,normal
2015-05-08,EWY,59.462,59.98,4281264792,72000000.0,0.0,0.0,-23544432.0,-23544432.0,0.0,0.871,normal
2015-05-11,EWY,59.4119,59.26,4277655504,72000000.0,0.0,0.0,-3609288.0,-3609288.0,-0.0,-0.256,normal
2015-05-12,EWY,59.1539,59.27,4259080656,72000000.0,0.0,0.0,-18574848.0,-18574848.0,0.0,0.196,normal
2015-05-13,EWY,59.2851,59.64,4274456719,72100000.0,100000.0,5928511.0,9447552.0,15376063.0,-0.0,0.599,normal
2015-05-14,EWY,59.932,60.33,4321097993,72100000.0,0.0,0.0,46641274.0,46641274.0,0.0,0.664,normal
2015-05-15,EWY,59.6034,59.77,4297405933,72100000.0,0.0,0.0,-23692060.0,-23692060.0,0.0,0.28,normal
2015-05-18,EWY,59.6931,59.43,4303875466,72100000.0,0.0,0.0,6469533.0,6469533.0,0.0,-0.441,normal
2015-05-19,EWY,59.7863,59.57,4310590428,72100000.0,0.0,0.0,6714961.0,6714962.0,1.0,-0.362,normal
2015-05-20,EWY,59.9194,59.91,4320187514,72100000.0,0.0,0.0,9597087.0,9597086.0,-1.0,-0.016,normal
2015-05-21,EWY,59.299,59.57,4275457395,72100000.0,0.0,0.0,-44730119.0,-44730119.0,0.0,0.457,normal
2015-05-22,EWY,60.3141,59.87,4348649422,72100000.0,0.0,0.0,73192027.0,73192027.0,0.0,-0.736,normal
2015-05-26,EWY,59.4846,58.87,4288838290,72100000.0,0.0,0.0,-59811132.0,-59811132.0,-0.0,-1.033,normal
2015-05-27,EWY,58.07,57.99,4186845486,72100000.0,0.0,0.0,-101992804.0,-101992804.0,0.0,-0.138,normal
2015-05-28,EWY,58.0709,57.83,4186912395,72100000.0,0.0,0.0,66909.0,66909.0,0.0,-0.415,normal
2015-05-29,EWY,58.0517,57.8,4185527930,72100000.0,0.0,0.0,-1384464.0,-1384465.0,-1.0,-0.434,normal
2015-06-01,EWY,57.4939,57.24,4145310839,72100000.0,0.0,0.0,-40217092.0,-40217091.0,1.0,-0.442,normal
2015-06-02,EWY,56.6954,57.07,4087740359,72100000.0,0.0,0.0,-57570480.0,-57570480.0,0.0,0.661,normal
2015-06-03,EWY,56.6995,56.7,4088033806,72100000.0,0.0,0.0,293447.0,293447.0,0.0,0.001,normal
2015-06-04,EWY,56.5876,56.31,4079966321,72100000.0,0.0,0.0,-8067485.0,-8067485.0,0.0,-0.491,normal
2015-06-05,EWY,56.5549,55.84,4077610020,72100000.0,0.0,0.0,-2356300.0,-2356301.0,-1.0,-1.264,normal
2015-06-08,EWY,55.7826,55.88,4021925965,72100000.0,0.0,0.0,-55684056.0,-55684055.0,1.0,0.175,normal
2015-06-09,EWY,55.7734,55.72,4021263798,72100000.0,0.0,0.0,-662166.0,-662167.0,-1.0,-0.096,normal
2015-06-10,EWY,55.989,56.24,4036809207,72100000.0,0.0,0.0,15545409.0,15545409.0,0.0,0.448,normal
2015-06-11,EWY,55.927,55.98,4032338286,72100000.0,0.0,0.0,-4470921.0,-4470921.0,0.0,0.095,normal
2015-06-12,EWY,55.4804,55.41,4022331175,72500000.0,400000.0,22192172.0,-32199283.0,-10007111.0,0.0,-0.127,normal
2015-06-15,EWY,55.1346,55.14,3997256035,72500000.0,0.0,0.0,-25075140.0,-25075140.0,-0.0,0.01,normal
2015-06-16,EWY,54.5978,54.78,3958337455,72500000.0,0.0,0.0,-38918580.0,-38918580.0,0.0,0.334,normal
2015-06-17,EWY,54.8619,55.26,3977487968,72500000.0,0.0,0.0,19150512.0,19150513.0,1.0,0.726,normal
2015-06-18,EWY,55.3938,55.8,4016053472,72500000.0,0.0,0.0,38565505.0,38565504.0,-1.0,0.733,normal
2015-06-19,EWY,55.4282,55.69,4018542180,72500000.0,0.0,0.0,2488707.0,2488708.0,1.0,0.472,normal
2015-06-22,EWY,56.2003,56.42,4094190325,72850000.0,350000.0,19670098.0,55978048.0,75648145.0,-0.0,0.391,normal
2015-06-23,EWY,56.6508,56.81,4127010052,72850000.0,0.0,0.0,32819726.0,32819727.0,1.0,0.281,normal
2015-06-24,EWY,56.6022,56.32,4129132533,72950000.0,100000.0,5660223.0,-3537742.0,2122481.0,-0.0,-0.499,normal
2015-06-25,EWY,56.1344,56.08,4128683502,73550000.0,600000.0,33680627.0,-34129657.0,-449031.0,-0.0,-0.097,normal
2015-06-26,EWY,55.9802,55.78,4128539602,73750000.0,200000.0,11196040.0,-11339939.0,-143900.0,-1.0,-0.358,normal
2015-06-29,EWY,54.933,54.86,4051308012,73750000.0,0.0,0.0,-77231590.0,-77231590.0,0.0,-0.133,normal
2015-06-30,EWY,55.645,55.11,4103821479,73750000.0,0.0,0.0,52513466.0,52513467.0,1.0,-0.962,normal
2015-07-01,EWY,56.1067,55.71,4137868682,73750000.0,0.0,0.0,34047204.0,34047203.0,-1.0,-0.707,normal
2015-07-02,EWY,55.7841,55.77,4114078776,73750000.0,0.0,0.0,-23789906.0,-23789906.0,0.0,-0.025,normal
2015-07-06,EWY,53.9695,54.09,3980253944,73750000.0,0.0,0.0,-133824833.0,-133824832.0,1.0,0.223,normal
2015-07-07,EWY,53.839,53.66,3970627578,73750000.0,0.0,0.0,-9626366.0,-9626366.0,0.0,-0.333,normal
2015-07-08,EWY,52.8021,52.4,3902072086,73900000.0,150000.0,7920309.0,-76475800.0,-68555492.0,-1.0,-0.761,normal
2015-07-09,EWY,53.2437,53.08,3934708839,73900000.0,0.0,0.0,32636753.0,32636753.0,0.0,-0.307,normal
2015-07-10,EWY,53.3981,53.58,3946121807,73900000.0,0.0,0.0,11412968.0,11412968.0,-0.0,0.341,normal
2015-07-13,EWY,53.9639,53.66,3987935462,73900000.0,0.0,0.0,41813655.0,41813655.0,0.0,-0.563,normal
2015-07-14,EWY,53.0686,53.2,3921771240,73900000.0,0.0,0.0,-66164222.0,-66164222.0,-0.0,0.248,normal
2015-07-15,EWY,53.2299,52.84,3933691162,73900000.0,0.0,0.0,11919922.0,11919922.0,-0.0,-0.733,normal
2015-07-16,EWY,53.4231,53.45,3947965982,73900000.0,0.0,0.0,14274820.0,14274820.0,0.0,0.05,normal
2015-07-17,EWY,53.2246,52.95,3933295132,73900000.0,0.0,0.0,-14670850.0,-14670850.0,-0.0,-0.516,normal
2015-07-20,EWY,52.6438,52.49,3890375933,73900000.0,0.0,0.0,-42919199.0,-42919199.0,-0.0,-0.292,normal
2015-07-21,EWY,52.7628,52.69,3899168260,73900000.0,0.0,0.0,8792326.0,8792327.0,1.0,-0.138,normal
2015-07-22,EWY,52.5097,52.05,3880466017,73900000.0,0.0,0.0,-18702242.0,-18702243.0,-1.0,-0.875,normal
2015-07-23,EWY,51.874,51.5,3833485940,73900000.0,0.0,0.0,-46980078.0,-46980077.0,1.0,-0.721,normal
2015-07-24,EWY,51.2356,50.58,3763254820,73450000.0,-450000.0,-23056020.0,-47175100.0,-70231120.0,-0.0,-1.28,normal
2015-07-27,EWY,51.4819,50.91,3781349007,73450000.0,0.0,0.0,18094187.0,18094187.0,-0.0,-1.111,normal
2015-07-28,EWY,51.5911,51.67,3745515312,72600000.0,-850000.0,-43852452.0,8018757.0,-35833695.0,0.0,0.153,normal
2015-07-29,EWY,52.1025,52.0,3769618552,72350000.0,-250000.0,-13025634.0,37128874.0,24103240.0,0.0,-0.197,normal
2015-07-30,EWY,51.208,50.85,3704896340,72350000.0,0.0,0.0,-64722212.0,-64722212.0,-0.0,-0.699,normal
2015-07-31,EWY,51.2228,51.18,3695728050,72150000.0,-200000.0,-10244568.0,1076279.0,-9168290.0,-0.0,-0.084,normal
2015-08-03,EWY,50.7285,50.41,3660061419,72150000.0,0.0,0.0,-35666631.0,-35666631.0,0.0,-0.628,normal
2015-08-04,EWY,51.1985,50.87,3693973507,72150000.0,0.0,0.0,33912087.0,33912088.0,1.0,-0.642,normal
2015-08-05,EWY,50.7308,50.58,3660230683,72150000.0,0.0,0.0,-33742823.0,-33742824.0,-1.0,-0.297,normal
2015-08-06,EWY,50.3019,50.03,3629281652,72150000.0,0.0,0.0,-30949031.0,-30949031.0,0.0,-0.54,normal
2015-08-07,EWY,50.2188,50.02,3623284544,72150000.0,0.0,0.0,-5997108.0,-5997108.0,-0.0,-0.396,normal
2015-08-10,EWY,50.267,50.59,3626764988,72150000.0,0.0,0.0,3480444.0,3480444.0,0.0,0.642,normal
2015-08-11,EWY,49.3329,48.91,3559369601,72150000.0,0.0,0.0,-67395387.0,-67395387.0,0.0,-0.857,normal
2015-08-12,EWY,48.826,48.97,3522794024,72150000.0,0.0,0.0,-36575577.0,-36575577.0,-0.0,0.295,normal
2015-08-13,EWY,49.4366,49.08,3566853432,72150000.0,0.0,0.0,44059408.0,44059408.0,0.0,-0.721,normal
2015-08-14,EWY,49.4369,49.19,3529792232,71400000.0,-750000.0,-37077650.0,16450.0,-37061200.0,-1.0,-0.499,normal
2015-08-17,EWY,48.6456,48.48,3473298339,71400000.0,0.0,0.0,-56493893.0,-56493893.0,0.0,-0.341,normal
2015-08-18,EWY,48.5655,48.17,3467576986,71400000.0,0.0,0.0,-5721353.0,-5721353.0,0.0,-0.814,normal
2015-08-19,EWY,48.4378,47.85,3451195031,71250000.0,-150000.0,-7265674.0,-9116281.0,-16381955.0,-1.0,-1.214,normal
2015-08-20,EWY,47.8806,46.76,3358826896,70150000.0,-1100000.0,-52668704.0,-39699431.0,-92368135.0,0.0,-2.341,normal
2015-08-21,EWY,46.5925,45.67,3193916423,68550000.0,-1600000.0,-74548013.0,-90362460.0,-164910473.0,-0.0,-1.98,normal
2015-08-24,EWY,45.1783,44.7,3040501542,67300000.0,-1250000.0,-56472911.0,-96941970.0,-153414881.0,1.0,-1.059,normal
2015-08-25,EWY,45.7329,45.59,3077826593,67300000.0,0.0,0.0,37325051.0,37325051.0,-0.0,-0.312,normal
2015-08-26,EWY,46.9589,46.91,3155639827,67200000.0,-100000.0,-4695893.0,82509127.0,77813234.0,-0.0,-0.104,normal
2015-08-27,EWY,47.211,48.14,3134811462,66400000.0,-800000.0,-37768813.0,16940448.0,-20828365.0,-0.0,1.968,normal
2015-08-28,EWY,48.4423,47.99,3199611339,66050000.0,-350000.0,-16954791.0,81754668.0,64799877.0,0.0,-0.934,normal
2015-08-31,EWY,48.181,47.84,3182357692,66050000.0,0.0,0.0,-17253647.0,-17253647.0,0.0,-0.708,normal
2015-09-01,EWY,48.124,46.84,3159342570,65650000.0,-400000.0,-19249612.0,-3765511.0,-23015122.0,1.0,-2.668,normal
2015-09-02,EWY,47.8608,47.65,3108558895,64950000.0,-700000.0,-33502559.0,-17281115.0,-50783675.0,-1.0,-0.44,normal
2015-09-03,EWY,47.6052,47.39,3091959818,64950000.0,0.0,0.0,-16599077.0,-16599077.0,-0.0,-0.452,normal
2015-09-04,EWY,47.092,46.18,3011534103,63950000.0,-1000000.0,-47092011.0,-33333704.0,-80425715.0,-0.0,-1.937,normal
2015-09-08,EWY,46.7819,47.33,2926210910,62550000.0,-1400000.0,-65494729.0,-19828465.0,-85323193.0,1.0,1.171,normal
2015-09-09,EWY,48.4953,47.94,3028530860,62450000.0,-100000.0,-4849529.0,107169480.0,102319950.0,-1.0,-1.145,normal
2015-09-10,EWY,48.764,48.5,3040435587,62350000.0,-100000.0,-4876400.0,16781127.0,11904727.0,0.0,-0.541,normal
2015-09-11,EWY,48.499,48.58,3023915269,62350000.0,0.0,0.0,-16520318.0,-16520318.0,0.0,0.167,normal
2015-09-14,EWY,48.463,48.17,3011977252,62150000.0,-200000.0,-9692606.0,-2245411.0,-11938017.0,-1.0,-0.605,normal
2015-09-15,EWY,48.396,48.73,3007810468,62150000.0,0.0,0.0,-4166785.0,-4166784.0,1.0,0.69,normal
2015-09-16,EWY,49.9981,50.63,3107383655,62150000.0,0.0,0.0,99573187.0,99573187.0,-0.0,1.264,normal
2015-09-17,EWY,50.5462,50.56,3141448505,62150000.0,0.0,0.0,34064850.0,34064850.0,-0.0,0.027,normal
2015-09-18,EWY,50.9681,49.99,3167666669,62150000.0,0.0,0.0,26218164.0,26218164.0,0.0,-1.919,normal
2015-09-21,EWY,49.5028,49.31,3076597093,62150000.0,0.0,0.0,-91069576.0,-91069576.0,-0.0,-0.389,normal
2015-09-22,EWY,49.7464,48.66,3091739195,62150000.0,0.0,0.0,15142102.0,15142102.0,0.0,-2.184,normal
2015-09-23,EWY,48.3294,48.23,3003669413,62150000.0,0.0,0.0,-88069782.0,-88069782.0,-0.0,-0.206,normal
2015-09-24,EWY,48.2522,47.97,2998874044,62150000.0,0.0,0.0,-4795370.0,-4795369.0,1.0,-0.585,normal
2015-09-25,EWY,48.0522,48.02,2974428394,61900000.0,-250000.0,-12013039.0,-12432610.0,-24445650.0,-1.0,-0.067,normal
2015-09-28,EWY,48.0499,47.05,2974287448,61900000.0,0.0,0.0,-140946.0,-140946.0,0.0,-2.081,normal
2015-09-29,EWY,48.0498,46.9,2974281382,61900000.0,0.0,0.0,-6066.0,-6066.0,0.0,-2.393,normal
2015-09-30,EWY,49.1744,48.78,3043895298,61900000.0,0.0,0.0,69613916.0,69613916.0,-0.0,-0.802,normal
2015-10-01,EWY,49.9359,49.58,3091033943,61900000.0,0.0,0.0,47138645.0,47138645.0,-0.0,-0.713,normal
2015-10-02,EWY,49.4674,50.07,3062029027,61900000.0,0.0,0.0,-29004916.0,-29004916.0,0.0,1.218,normal
2015-10-05,EWY,49.9456,51.07,3079144144,61650000.0,-250000.0,-12486392.0,29601508.0,17115117.0,0.0,2.251,normal
2015-10-06,EWY,50.708,50.95,3126148693,61650000.0,0.0,0.0,47004549.0,47004549.0,-0.0,0.477,normal
2015-10-07,EWY,51.8126,52.49,3194249626,61650000.0,0.0,0.0,68100933.0,68100933.0,0.0,1.307,normal
2015-10-08,EWY,52.4317,52.91,3245525139,61900000.0,250000.0,13107937.0,38167577.0,51275513.0,-0.0,0.912,normal
2015-10-09,EWY,52.4311,53.39,3245486452,61900000.0,0.0,0.0,-38687.0,-38687.0,0.0,1.829,normal
2015-10-12,EWY,53.2445,53.19,3295832074,61900000.0,0.0,0.0,50345622.0,50345622.0,-0.0,-0.102,normal
2015-10-13,EWY,52.9029,52.54,3274686848,61900000.0,0.0,0.0,-21145226.0,-21145226.0,-0.0,-0.686,normal
2015-10-14,EWY,52.8132,53.1,3269138442,61900000.0,0.0,0.0,-5548406.0,-5548406.0,0.0,0.543,normal
2015-10-15,EWY,54.2238,54.59,3356452910,61900000.0,0.0,0.0,87314469.0,87314468.0,-1.0,0.675,normal
2015-10-16,EWY,54.1506,54.31,3351924368,61900000.0,0.0,0.0,-4528542.0,-4528542.0,0.0,0.294,normal
2015-10-19,EWY,54.5911,54.0,3379189957,61900000.0,0.0,0.0,27265588.0,27265589.0,1.0,-1.083,normal
2015-10-20,EWY,54.344,54.26,3363893724,61900000.0,0.0,0.0,-15296233.0,-15296233.0,-0.0,-0.155,normal
2015-10-21,EWY,54.438,53.85,3369710776,61900000.0,0.0,0.0,5817052.0,5817052.0,-0.0,-1.08,normal
2015-10-22,EWY,53.7399,54.65,3326500120,61900000.0,0.0,0.0,-43210657.0,-43210656.0,1.0,1.694,normal
2015-10-23,EWY,54.9164,54.75,3399325593,61900000.0,0.0,0.0,72825474.0,72825473.0,-1.0,-0.303,normal
2015-10-26,EWY,54.6422,54.7,3382354346,61900000.0,0.0,0.0,-16971247.0,-16971247.0,-0.0,0.106,normal
2015-10-27,EWY,54.6808,54.3,3384741891,61900000.0,0.0,0.0,2387545.0,2387545.0,0.0,-0.696,normal
2015-10-28,EWY,54.6615,53.85,3383549326,61900000.0,0.0,0.0,-1192565.0,-1192565.0,0.0,-1.485,normal
2015-10-29,EWY,54.0193,53.83,3343796589,61900000.0,0.0,0.0,-39752737.0,-39752737.0,0.0,-0.35,normal
2015-10-30,EWY,54.5,54.38,3373550495,61900000.0,0.0,0.0,29753906.0,29753906.0,-0.0,-0.22,normal
2015-11-02,EWY,55.0215,55.32,3405831345,61900000.0,0.0,0.0,32280850.0,32280850.0,0.0,0.542,normal
2015-11-03,EWY,55.5572,56.09,3438992723,61900000.0,0.0,0.0,33161377.0,33161378.0,1.0,0.959,normal
2015-11-04,EWY,55.6259,55.29,3443246243,61900000.0,0.0,0.0,4253520.0,4253520.0,-0.0,-0.604,normal
2015-11-05,EWY,55.1712,55.25,3415095609,61900000.0,0.0,0.0,-28150634.0,-28150634.0,0.0,0.143,normal
2015-11-06,EWY,54.622,54.19,3381098891,61900000.0,0.0,0.0,-33996718.0,-33996718.0,0.0,-0.791,normal
2015-11-09,EWY,53.7166,53.08,3325057354,61900000.0,0.0,0.0,-56041536.0,-56041537.0,-1.0,-1.185,normal
2015-11-10,EWY,53.0582,52.61,3284300414,61900000.0,0.0,0.0,-40756941.0,-40756940.0,1.0,-0.845,normal
2015-11-11,EWY,53.1677,52.88,3291079640,61900000.0,0.0,0.0,6779226.0,6779226.0,-0.0,-0.541,normal
2015-11-12,EWY,52.8599,52.28,3272024715,61900000.0,0.0,0.0,-19054925.0,-19054925.0,-0.0,-1.097,normal
2015-11-13,EWY,52.1154,51.26,3225941712,61900000.0,0.0,0.0,-46083003.0,-46083003.0,-0.0,-1.641,normal
2015-11-16,EWY,50.8159,51.75,3145503591,61900000.0,0.0,0.0,-80438121.0,-80438121.0,0.0,1.838,normal
2015-11-17,EWY,51.4766,51.45,3186403954,61900000.0,0.0,0.0,40900363.0,40900363.0,-0.0,-0.052,normal
2015-11-18,EWY,51.5171,52.03,3188908552,61900000.0,0.0,0.0,2504598.0,2504598.0,0.0,0.996,normal
2015-11-19,EWY,52.6919,52.88,3261626629,61900000.0,0.0,0.0,72718077.0,72718077.0,-0.0,0.357,normal
2015-11-20,EWY,52.9701,53.15,3278852285,61900000.0,0.0,0.0,17225656.0,17225656.0,0.0,0.34,normal
2015-11-23,EWY,52.9503,53.03,3277626417,61900000.0,0.0,0.0,-1225868.0,-1225868.0,-0.0,0.15,normal
2015-11-24,EWY,53.5537,53.73,3314972916,61900000.0,0.0,0.0,37346498.0,37346499.0,1.0,0.329,normal
2015-11-25,EWY,53.7708,53.73,3328411034,61900000.0,0.0,0.0,13438119.0,13438118.0,-1.0,-0.076,normal
2015-11-27,EWY,53.8452,53.41,3333016209,61900000.0,0.0,0.0,4605174.0,4605175.0,1.0,-0.808,normal
2015-11-30,EWY,52.5094,52.82,3250334212,61900000.0,0.0,0.0,-82681996.0,-82681997.0,-1.0,0.591,normal
2015-12-01,EWY,53.5393,53.74,3324789723,62100000.0,200000.0,10707857.0,63747653.0,74455511.0,1.0,0.375,normal
2015-12-02,EWY,52.7496,52.74,3275750160,62100000.0,0.0,0.0,-49039563.0,-49039563.0,-0.0,-0.018,normal
2015-12-03,EWY,52.3053,52.17,3248162111,62100000.0,0.0,0.0,-27588049.0,-27588049.0,0.0,-0.259,normal
2015-12-04,EWY,52.127,52.3,3237085706,62100000.0,0.0,0.0,-11076404.0,-11076405.0,-1.0,0.332,normal
2015-12-07,EWY,51.2917,51.1,3185212272,62100000.0,0.0,0.0,-51873434.0,-51873434.0,0.0,-0.374,normal
2015-12-08,EWY,50.504,50.55,3143874124,62250000.0,150000.0,7575600.0,-48913748.0,-41338148.0,-0.0,0.091,normal
2015-12-09,EWY,50.5231,50.37,3145065527,62250000.0,0.0,0.0,1191403.0,1191403.0,0.0,-0.303,normal
2015-12-10,EWY,50.6848,50.6,3175400277,62650000.0,400000.0,20273904.0,10060845.0,30334750.0,1.0,-0.167,normal
2015-12-11,EWY,50.7025,49.65,3176511249,62650000.0,0.0,0.0,1110972.0,1110972.0,-0.0,-2.076,normal
2015-12-14,EWY,50.0566,50.13,3136048621,62650000.0,0.0,0.0,-40462628.0,-40462628.0,-0.0,0.147,normal
2015-12-15,EWY,50.2382,50.87,3147422979,62650000.0,0.0,0.0,11374358.0,11374358.0,-0.0,1.258,normal
2015-12-16,EWY,51.5736,52.21,3231083471,62650000.0,0.0,0.0,83660492.0,83660492.0,0.0,1.234,normal
2015-12-17,EWY,51.5464,50.89,3229382273,62650000.0,0.0,0.0,-1701198.0,-1701198.0,0.0,-1.273,normal
2015-12-18,EWY,51.134,51.09,3203547669,62650000.0,0.0,0.0,-25834605.0,-25834604.0,1.0,-0.086,normal
2015-12-21,EWY,50.3313,50.67,3153255068,62650000.0,0.0,0.0,-50292601.0,-50292601.0,-0.0,0.673,normal
2015-12-22,EWY,50.9128,51.14,3255876374,63950000.0,1300000.0,66186697.0,36434609.0,102621306.0,0.0,0.446,normal
2015-12-23,EWY,51.0891,51.56,3267147369,63950000.0,0.0,0.0,11270996.0,11270995.0,-1.0,0.922,normal
2015-12-24,EWY,51.0366,51.16,3263788971,63950000.0,0.0,0.0,-3358398.0,-3358398.0,0.0,0.242,normal
2015-12-28,EWY,50.3817,50.57,3221912849,63950000.0,0.0,0.0,-41876123.0,-41876122.0,1.0,0.374,normal
2015-12-29,EWY,50.7396,50.68,3244794414,63950000.0,0.0,0.0,22881566.0,22881565.0,-1.0,-0.117,normal
2015-12-30,EWY,50.4264,50.08,3232333586,64100000.0,150000.0,7563963.0,-20024791.0,-12460828.0,0.0,-0.687,normal
2015-12-31,EWY,50.4261,49.67,3232310702,64100000.0,0.0,0.0,-22884.0,-22884.0,-0.0,-1.499,normal
2016-01-04,EWY,48.6176,48.51,3116389506,64100000.0,0.0,0.0,-115921196.0,-115921196.0,0.0,-0.221,normal
2016-01-05,EWY,48.917,48.72,3135578674,64100000.0,0.0,0.0,19189168.0,19189168.0,-0.0,-0.403,normal
2016-01-06,EWY,48.175,47.75,3088017051,64100000.0,0.0,0.0,-47561623.0,-47561623.0,0.0,-0.882,normal
2016-01-07,EWY,47.4802,46.99,3024485682,63700000.0,-400000.0,-18992061.0,-44539308.0,-63531369.0,-0.0,-1.032,normal
2016-01-08,EWY,47.9083,46.73,3018222333,63000000.0,-700000.0,-33535804.0,27272454.0,-6263349.0,0.0,-2.459,normal
2016-01-11,EWY,46.9233,47.25,2956167207,63000000.0,0.0,0.0,-62055126.0,-62055126.0,0.0,0.696,normal
2016-01-12,EWY,46.8454,47.11,2951259570,63000000.0,0.0,0.0,-4907637.0,-4907637.0,-0.0,0.565,normal
2016-01-13,EWY,47.7429,46.98,3007802574,63000000.0,0.0,0.0,56543004.0,56543004.0,0.0,-1.598,normal
2016-01-14,EWY,46.951,47.49,2957915772,63000000.0,0.0,0.0,-49886802.0,-49886802.0,-0.0,1.148,normal
2016-01-15,EWY,46.411,45.49,2923890417,63000000.0,0.0,0.0,-34025355.0,-34025355.0,0.0,-1.984,normal
2016-01-19,EWY,47.0016,46.79,2961101745,63000000.0,0.0,0.0,37211328.0,37211328.0,-0.0,-0.45,normal
2016-01-20,EWY,45.5905,45.34,2872204209,63000000.0,0.0,0.0,-88897536.0,-88897536.0,0.0,-0.55,normal
2016-01-21,EWY,45.4565,45.95,2863761390,63000000.0,0.0,0.0,-8442819.0,-8442819.0,-0.0,1.086,normal
2016-01-22,EWY,46.9787,47.32,2959660431,63000000.0,0.0,0.0,95899041.0,95899041.0,-0.0,0.726,normal
2016-01-25,EWY,47.5378,46.68,2994880896,63000000.0,0.0,0.0,35220465.0,35220465.0,-0.0,-1.804,normal
2016-01-26,EWY,46.4819,47.12,2928360645,63000000.0,0.0,0.0,-66520251.0,-66520251.0,0.0,1.373,normal
2016-01-27,EWY,47.3092,46.77,2980477773,63000000.0,0.0,0.0,52117128.0,52117128.0,0.0,-1.14,normal
2016-01-28,EWY,47.194,47.25,2973221055,63000000.0,0.0,0.0,-7256718.0,-7256718.0,0.0,0.119,normal
2016-01-29,EWY,47.6807,47.74,3003885612,63000000.0,0.0,0.0,30664557.0,30664557.0,-0.0,0.124,normal
2016-02-01,EWY,47.9164,47.61,3018730554,63000000.0,0.0,0.0,14844942.0,14844942.0,-0.0,-0.639,normal
2016-02-02,EWY,47.0461,46.26,2963902788,63000000.0,0.0,0.0,-54827766.0,-54827766.0,0.0,-1.671,normal
2016-02-03,EWY,46.2027,47.23,2910770163,63000000.0,0.0,0.0,-53132625.0,-53132625.0,0.0,2.224,normal
2016-02-04,EWY,47.6956,48.13,3004823934,63000000.0,0.0,0.0,94053771.0,94053771.0,-0.0,0.911,normal
2016-02-05,EWY,47.9577,47.54,3021336108,63000000.0,0.0,0.0,16512174.0,16512174.0,0.0,-0.871,normal
2016-02-08,EWY,47.9555,47.21,3021196752,63000000.0,0.0,0.0,-139356.0,-139356.0,0.0,-1.555,normal
2016-02-09,EWY,47.9557,46.71,3021209352,63000000.0,0.0,0.0,12600.0,12600.0,0.0,-2.598,normal
2016-02-10,EWY,47.9552,46.94,3021177915,63000000.0,0.0,0.0,-31437.0,-31437.0,-0.0,-2.117,normal
2016-02-11,EWY,46.3954,46.0,2922909066,63000000.0,0.0,0.0,-98268849.0,-98268849.0,0.0,-0.852,normal
2016-02-12,EWY,45.692,46.47,2878593291,63000000.0,0.0,0.0,-44315775.0,-44315775.0,-0.0,1.703,normal
2016-02-16,EWY,46.7887,46.83,2947687848,63000000.0,0.0,0.0,69094557.0,69094557.0,0.0,0.088,normal
2016-02-17,EWY,46.5125,47.38,2930288067,63000000.0,0.0,0.0,-17399781.0,-17399781.0,0.0,1.865,normal
2016-02-18,EWY,47.0564,46.87,2964550050,63000000.0,0.0,0.0,34261983.0,34261983.0,-0.0,-0.396,normal
2016-02-19,EWY,46.8488,46.63,2951475282,63000000.0,0.0,0.0,-13074768.0,-13074768.0,0.0,-0.467,normal
2016-02-22,EWY,46.7449,47.61,2944931724,63000000.0,0.0,0.0,-6543558.0,-6543558.0,-0.0,1.851,normal
2016-02-23,EWY,46.8924,46.81,2972979491,63400000.0,400000.0,18756968.0,9290799.0,28047767.0,-0.0,-0.176,normal
2016-02-24,EWY,46.7099,46.86,2961410323,63400000.0,0.0,0.0,-11569169.0,-11569168.0,1.0,0.321,normal
2016-02-25,EWY,46.6051,47.02,2954764545,63400000.0,0.0,0.0,-6645778.0,-6645778.0,0.0,0.89,normal
2016-02-26,EWY,46.5605,46.3,2951933418,63400000.0,0.0,0.0,-2831127.0,-2831127.0,-0.0,-0.559,normal
2016-02-29,EWY,46.5001,46.59,2948103487,63400000.0,0.0,0.0,-3829931.0,-3829931.0,-0.0,0.193,normal
2016-03-01,EWY,46.5409,47.9,2950691982,63400000.0,0.0,0.0,2588495.0,2588495.0,-0.0,2.92,normal
2016-03-02,EWY,47.822,48.28,3067778606,64150000.0,750000.0,35866468.0,81220155.0,117086624.0,0.0,0.958,normal
2016-03-03,EWY,48.6985,48.94,3124009032,64150000.0,0.0,0.0,56230426.0,56230426.0,0.0,0.496,normal
2016-03-04,EWY,49.0581,49.74,3147080066,64150000.0,0.0,0.0,23071034.0,23071034.0,-0.0,1.39,normal
2016-03-07,EWY,49.2221,49.58,3157597651,64150000.0,0.0,0.0,10517585.0,10517585.0,0.0,0.727,normal
2016-03-08,EWY,48.6347,48.44,3119918507,64150000.0,0.0,0.0,-37679144.0,-37679144.0,-0.0,-0.4,normal
2016-03-09,EWY,48.2931,48.76,3107660406,64350000.0,200000.0,9658618.0,-21916719.0,-12258101.0,0.0,0.967,normal
2016-03-10,EWY,49.3427,49.57,3214679511,65150000.0,800000.0,39474192.0,67544913.0,107019105.0,-0.0,0.461,normal
2016-03-11,EWY,49.8925,50.65,3290412947,65950000.0,800000.0,39914031.0,35819405.0,75733436.0,-0.0,1.518,normal
2016-03-14,EWY,50.3069,50.24,3352955152,66650000.0,700000.0,35214833.0,27327372.0,62542205.0,0.0,-0.133,normal
2016-03-15,EWY,50.1393,49.97,3341787278,66650000.0,0.0,0.0,-11167874.0,-11167874.0,0.0,-0.338,normal
2016-03-16,EWY,50.0031,51.03,3332706215,66650000.0,0.0,0.0,-9081063.0,-9081063.0,-0.0,2.054,normal
2016-03-17,EWY,51.2245,52.26,3447411340,67300000.0,650000.0,33295949.0,81409176.0,114705125.0,-0.0,2.021,normal
2016-03-18,EWY,51.8616,52.14,3503253714,67550000.0,250000.0,12965410.0,42876965.0,55842374.0,-0.0,0.537,normal
2016-03-21,EWY,51.7922,52.09,3498564258,67550000.0,0.0,0.0,-4689456.0,-4689456.0,0.0,0.575,normal
2016-03-22,EWY,52.4779,52.41,3555375015,67750000.0,200000.0,10495572.0,46315185.0,56810757.0,0.0,-0.129,normal
2016-03-23,EWY,52.0573,51.56,3526884853,67750000.0,0.0,0.0,-28490162.0,-28490162.0,0.0,-0.955,normal
2016-03-24,EWY,51.5854,51.56,3541336474,68650000.0,900000.0,46426844.0,-31975222.0,14451621.0,-1.0,-0.049,normal
2016-03-28,EWY,51.4701,51.58,3533422159,68650000.0,0.0,0.0,-7914315.0,-7914315.0,0.0,0.213,normal
2016-03-29,EWY,51.9561,52.7,3566785716,68650000.0,0.0,0.0,33363557.0,33363557.0,0.0,1.432,normal
2016-03-30,EWY,52.7678,53.29,3638336983,68950000.0,300000.0,15830328.0,55720940.0,71551267.0,-0.0,0.99,normal
2016-03-31,EWY,52.8997,52.82,3663305748,69250000.0,300000.0,15869917.0,9098849.0,24968765.0,-0.0,-0.151,normal
2016-04-01,EWY,51.6817,52.06,3578955509,69250000.0,0.0,0.0,-84350239.0,-84350239.0,0.0,0.732,normal
2016-04-04,EWY,52.2459,51.69,3618030168,69250000.0,0.0,0.0,39074659.0,39074659.0,0.0,-1.064,normal
2016-04-05,EWY,51.2223,50.72,3547147253,69250000.0,0.0,0.0,-70882915.0,-70882915.0,-0.0,-0.981,normal
2016-04-06,EWY,51.4481,51.63,3562783972,69250000.0,0.0,0.0,15636719.0,15636719.0,-0.0,0.353,normal
2016-04-07,EWY,51.7066,50.83,3580678588,69250000.0,0.0,0.0,17894616.0,17894616.0,0.0,-1.695,normal
2016-04-08,EWY,51.4985,51.45,3566272995,69250000.0,0.0,0.0,-14405593.0,-14405593.0,-0.0,-0.094,normal
2016-04-11,EWY,51.87,51.97,3591999716,69250000.0,0.0,0.0,25726721.0,25726721.0,-0.0,0.193,normal
2016-04-12,EWY,52.2735,52.46,3619937313,69250000.0,0.0,0.0,27937597.0,27937597.0,0.0,0.357,normal
2016-04-13,EWY,52.2809,53.06,3620450871,69250000.0,0.0,0.0,513558.0,513558.0,0.0,1.49,normal
2016-04-14,EWY,52.8251,52.94,3658138660,69250000.0,0.0,0.0,37687789.0,37687789.0,-0.0,0.217,normal
2016-04-15,EWY,53.2735,52.81,3689191260,69250000.0,0.0,0.0,31052600.0,31052600.0,-0.0,-0.87,normal
2016-04-18,EWY,53.0089,53.21,3670865771,69250000.0,0.0,0.0,-18325489.0,-18325489.0,-0.0,0.379,normal
2016-04-19,EWY,53.6142,54.02,3712782796,69250000.0,0.0,0.0,41917025.0,41917025.0,0.0,0.757,normal
2016-04-20,EWY,53.5112,53.75,3705647345,69250000.0,0.0,0.0,-7135451.0,-7135451.0,-0.0,0.446,normal
2016-04-21,EWY,54.0998,53.45,3746412743,69250000.0,0.0,0.0,40765398.0,40765398.0,0.0,-1.201,normal
2016-04-22,EWY,53.3976,52.88,3697782761,69250000.0,0.0,0.0,-48629982.0,-48629982.0,-0.0,-0.969,normal
2016-04-25,EWY,53.1601,52.71,3681339141,69250000.0,0.0,0.0,-16443620.0,-16443620.0,0.0,-0.847,normal
2016-04-26,EWY,53.1646,53.12,3681646611,69250000.0,0.0,0.0,307470.0,307470.0,-0.0,-0.084,normal
2016-04-27,EWY,53.228,53.17,3686037061,69250000.0,0.0,0.0,4390450.0,4390450.0,-0.0,-0.109,normal
2016-04-28,EWY,53.0703,52.85,3675115644,69250000.0,0.0,0.0,-10921418.0,-10921417.0,1.0,-0.415,normal
2016-04-29,EWY,52.7573,52.25,3653442540,69250000.0,0.0,0.0,-21673103.0,-21673104.0,-1.0,-0.962,normal
2016-05-02,EWY,52.4759,52.58,3633956698,69250000.0,0.0,0.0,-19485842.0,-19485842.0,-0.0,0.198,normal
2016-05-03,EWY,52.5152,51.51,3636677531,69250000.0,0.0,0.0,2720833.0,2720833.0,0.0,-1.914,normal
2016-05-04,EWY,51.7424,50.54,3549528434,68600000.0,-650000.0,-33632558.0,-53516539.0,-87149097.0,-0.0,-2.324,normal
2016-05-05,EWY,51.7419,50.42,3549492076,68600000.0,0.0,0.0,-36358.0,-36358.0,-0.0,-2.555,normal
2016-05-06,EWY,51.7413,50.47,3549454621,68600000.0,0.0,0.0,-37456.0,-37455.0,1.0,-2.457,normal
2016-05-09,EWY,51.0317,50.16,3383400782,66300000.0,-2300000.0,-117372878.0,-48680961.0,-166053839.0,-0.0,-1.708,normal
2016-05-10,EWY,51.0395,51.0,3363501402,65900000.0,-400000.0,-20415790.0,516411.0,-19899380.0,-1.0,-0.077,normal
2016-05-11,EWY,51.1411,50.76,3370200928,65900000.0,0.0,0.0,6699526.0,6699526.0,0.0,-0.745,normal
2016-05-12,EWY,51.1625,50.58,3363935558,65750000.0,-150000.0,-7674378.0,1409008.0,-6265370.0,-0.0,-1.139,normal
2016-05-13,EWY,50.3481,49.58,3282697228,65200000.0,-550000.0,-27691464.0,-53546866.0,-81238330.0,0.0,-1.526,normal
2016-05-16,EWY,50.0132,49.96,3235857210,64700000.0,-500000.0,-25006624.0,-21833394.0,-46840018.0,0.0,-0.106,normal
2016-05-17,EWY,50.3072,49.65,3254877781,64700000.0,0.0,0.0,19020571.0,19020571.0,0.0,-1.306,normal
2016-05-18,EWY,49.6316,48.84,3191310401,64300000.0,-400000.0,-19852631.0,-43714749.0,-63567380.0,-0.0,-1.595,normal
2016-05-19,EWY,49.146,48.86,3142884462,63950000.0,-350000.0,-17201088.0,-31224852.0,-48425939.0,0.0,-0.582,normal
2016-05-20,EWY,49.1181,49.07,3141102943,63950000.0,0.0,0.0,-1781519.0,-1781519.0,0.0,-0.098,normal
2016-05-23,EWY,49.6667,49.25,3168735269,63800000.0,-150000.0,-7450005.0,35082330.0,27632326.0,0.0,-0.839,normal
2016-05-24,EWY,48.7771,49.05,3111976492,63800000.0,0.0,0.0,-56758777.0,-56758777.0,-0.0,0.56,normal
2016-05-25,EWY,50.0137,49.91,3180870112,63600000.0,-200000.0,-10002736.0,78896356.0,68893620.0,0.0,-0.207,normal
2016-05-26,EWY,50.0078,49.94,3180496334,63600000.0,0.0,0.0,-373777.0,-373778.0,-1.0,-0.136,normal
2016-05-27,EWY,50.3257,49.79,3200716110,63600000.0,0.0,0.0,20219776.0,20219776.0,0.0,-1.065,normal
2016-05-31,EWY,50.1927,49.76,3184723642,63450000.0,-150000.0,-7528898.0,-8463570.0,-15992468.0,-1.0,-0.862,normal
2016-06-01,EWY,50.159,49.94,3182588740,63450000.0,0.0,0.0,-2134902.0,-2134902.0,0.0,-0.437,normal
2016-06-02,EWY,50.545,50.5,3159062750,62500000.0,-950000.0,-48017754.0,24491763.0,-23525990.0,0.0,-0.089,normal
2016-06-03,EWY,50.6246,51.46,3141256988,62050000.0,-450000.0,-22781074.0,4975313.0,-17805762.0,-0.0,1.65,normal
2016-06-06,EWY,50.6224,52.06,3141119672,62050000.0,0.0,0.0,-137317.0,-137316.0,1.0,2.84,normal
2016-06-07,EWY,52.2349,52.65,3241177096,62050000.0,0.0,0.0,100057424.0,100057424.0,-0.0,0.795,normal
2016-06-08,EWY,52.9527,53.07,3285712243,62050000.0,0.0,0.0,44535147.0,44535147.0,0.0,0.222,normal
2016-06-09,EWY,53.0036,52.66,3288873132,62050000.0,0.0,0.0,3160889.0,3160889.0,-0.0,-0.648,normal
2016-06-10,EWY,52.3036,51.75,3245439249,62050000.0,0.0,0.0,-43433883.0,-43433883.0,0.0,-1.058,normal
2016-06-13,EWY,50.8983,50.72,3158238522,62050000.0,0.0,0.0,-87200727.0,-87200727.0,-0.0,-0.35,normal
2016-06-14,EWY,50.8016,50.31,3152236984,62050000.0,0.0,0.0,-6001538.0,-6001538.0,0.0,-0.968,normal
2016-06-15,EWY,50.781,50.86,3150959437,62050000.0,0.0,0.0,-1277547.0,-1277547.0,0.0,0.156,normal
2016-06-16,EWY,50.5884,50.61,3139009041,62050000.0,0.0,0.0,-11950396.0,-11950396.0,-0.0,0.043,normal
2016-06-17,EWY,50.5381,50.56,3135889105,62050000.0,0.0,0.0,-3119936.0,-3119936.0,0.0,0.043,normal
2016-06-20,EWY,51.8082,51.78,3214697197,62050000.0,0.0,0.0,78808092.0,78808092.0,0.0,-0.054,normal
2016-06-21,EWY,52.0337,52.08,3228692574,62050000.0,0.0,0.0,13995377.0,13995377.0,-0.0,0.089,normal
2016-06-22,EWY,52.4743,52.51,3256032239,62050000.0,0.0,0.0,27339664.0,27339665.0,1.0,0.068,normal
2016-06-23,EWY,52.5824,53.41,3262738913,62050000.0,0.0,0.0,6706674.0,6706674.0,-0.0,1.574,normal
2016-06-24,EWY,49.8849,49.98,3095355997,62050000.0,0.0,0.0,-167382915.0,-167382916.0,-1.0,0.191,normal
2016-06-27,EWY,49.7013,48.95,3083964424,62050000.0,0.0,0.0,-11391573.0,-11391573.0,0.0,-1.512,normal
2016-06-28,EWY,50.2668,50.49,3083866830,61350000.0,-700000.0,-35186745.0,35089151.0,-97594.0,-0.0,0.444,normal
2016-06-29,EWY,51.2237,51.67,3142571848,61350000.0,0.0,0.0,58705017.0,58705018.0,1.0,0.871,normal
2016-06-30,EWY,52.0771,52.07,3194930024,61350000.0,0.0,0.0,52358176.0,52358176.0,0.0,-0.014,normal
2016-07-01,EWY,52.9404,52.83,3247896546,61350000.0,0.0,0.0,52966523.0,52966522.0,-1.0,-0.209,normal
2016-07-05,EWY,52.5751,51.99,3225483060,61350000.0,0.0,0.0,-22413486.0,-22413486.0,0.0,-1.113,normal
2016-07-06,EWY,50.9438,51.28,3125402989,61350000.0,0.0,0.0,-100080071.0,-100080071.0,-0.0,0.66,normal
2016-07-07,EWY,52.0227,51.68,3191591663,61350000.0,0.0,0.0,66188674.0,66188674.0,-0.0,-0.659,normal
2016-07-08,EWY,51.4385,52.46,3155750871,61350000.0,0.0,0.0,-35840793.0,-35840792.0,1.0,1.986,normal
2016-07-11,EWY,52.863,52.68,3243142167,61350000.0,0.0,0.0,87391296.0,87391296.0,0.0,-0.346,normal
2016-07-12,EWY,52.8336,53.4,3241339397,61350000.0,0.0,0.0,-1802770.0,-1802770.0,-0.0,1.072,normal
2016-07-13,EWY,53.3916,53.45,3275573556,61350000.0,0.0,0.0,34234159.0,34234159.0,0.0,0.109,normal
2016-07-14,EWY,54.0061,54.48,3313271965,61350000.0,0.0,0.0,37698409.0,37698409.0,-0.0,0.878,normal
2016-07-15,EWY,54.4784,54.34,3342252233,61350000.0,0.0,0.0,28980268.0,28980268.0,0.0,-0.254,normal
2016-07-18,EWY,54.4342,54.56,3339539581,61350000.0,0.0,0.0,-2712652.0,-2712652.0,-0.0,0.231,normal
2016-07-19,EWY,54.3988,53.95,3337366257,61350000.0,0.0,0.0,-2173324.0,-2173324.0,-0.0,-0.825,normal
2016-07-20,EWY,54.0586,53.95,3316497932,61350000.0,0.0,0.0,-20868325.0,-20868325.0,0.0,-0.201,normal
2016-07-21,EWY,54.234,53.8,3327254121,61350000.0,0.0,0.0,10756189.0,10756189.0,0.0,-0.8,normal
2016-07-22,EWY,54.1809,54.31,3323998154,61350000.0,0.0,0.0,-3255967.0,-3255967.0,0.0,0.238,normal
2016-07-25,EWY,54.2511,53.7,3328303574,61350000.0,0.0,0.0,4305420.0,4305420.0,-0.0,-1.016,normal
2016-07-26,EWY,54.7611,54.29,3359594896,61350000.0,0.0,0.0,31291322.0,31291322.0,-0.0,-0.86,normal
2016-07-27,EWY,54.7697,54.59,3360119929,61350000.0,0.0,0.0,525033.0,525033.0,-0.0,-0.328,normal
2016-07-28,EWY,55.0621,54.78,3378062841,61350000.0,0.0,0.0,17942912.0,17942912.0,0.0,-0.512,normal
2016-07-29,EWY,55.2114,55.66,3387220004,61350000.0,0.0,0.0,9157162.0,9157163.0,1.0,0.812,normal
2016-08-01,EWY,56.3785,56.06,3458823674,61350000.0,0.0,0.0,71603671.0,71603670.0,-1.0,-0.565,normal
2016-08-02,EWY,55.8153,55.26,3424267489,61350000.0,0.0,0.0,-34556185.0,-34556185.0,0.0,-0.995,normal
2016-08-03,EWY,54.7007,54.87,3355888743,61350000.0,0.0,0.0,-68378747.0,-68378746.0,1.0,0.309,normal
2016-08-04,EWY,55.0791,55.13,3379099779,61350000.0,0.0,0.0,23211036.0,23211036.0,-0.0,0.092,normal
2016-08-05,EWY,55.965,55.95,3433455511,61350000.0,0.0,0.0,54355732.0,54355732.0,0.0,-0.027,normal
2016-08-08,EWY,56.4981,56.33,3466156656,61350000.0,0.0,0.0,32701145.0,32701145.0,-0.0,-0.297,normal
2016-08-09,EWY,56.9904,57.03,3496360058,61350000.0,0.0,0.0,30203403.0,30203402.0,-1.0,0.07,normal
2016-08-10,EWY,57.4582,57.27,3507823171,61050000.0,-300000.0,-17237460.0,28700573.0,11463113.0,0.0,-0.328,normal
2016-08-11,EWY,57.3681,57.74,3470769022,60500000.0,-550000.0,-31552446.0,-5501704.0,-37054149.0,1.0,0.648,normal
2016-08-12,EWY,57.1712,57.21,3458859778,60500000.0,0.0,0.0,-11909243.0,-11909244.0,-1.0,0.068,normal
2016-08-15,EWY,57.1687,57.84,3458709133,60500000.0,0.0,0.0,-150645.0,-150645.0,0.0,1.174,normal
2016-08-16,EWY,57.7683,57.59,3494983360,60500000.0,0.0,0.0,36274227.0,36274227.0,-0.0,-0.309,normal
2016-08-17,EWY,56.9349,56.83,3444563991,60500000.0,0.0,0.0,-50419369.0,-50419369.0,0.0,-0.184,normal
2016-08-18,EWY,57.5071,57.65,3479177190,60500000.0,0.0,0.0,34613200.0,34613199.0,-1.0,0.249,normal
2016-08-19,EWY,57.1515,57.25,3457666839,60500000.0,0.0,0.0,-21510351.0,-21510351.0,0.0,0.172,normal
2016-08-22,EWY,56.4142,56.52,3413060734,60500000.0,0.0,0.0,-44606106.0,-44606105.0,1.0,0.188,normal
2016-08-23,EWY,57.2198,56.87,3461799776,60500000.0,0.0,0.0,48739042.0,48739042.0,-0.0,-0.611,normal
2016-08-24,EWY,56.6271,56.8,3425940336,60500000.0,0.0,0.0,-35859439.0,-35859440.0,-1.0,0.305,normal
2016-08-25,EWY,56.9065,56.93,3442844400,60500000.0,0.0,0.0,16904063.0,16904064.0,1.0,0.041,normal
2016-08-26,EWY,56.7295,56.21,3432131906,60500000.0,0.0,0.0,-10712493.0,-10712494.0,-1.0,-0.916,normal
2016-08-29,EWY,56.2963,56.68,3405926271,60500000.0,0.0,0.0,-26205636.0,-26205635.0,1.0,0.682,normal
2016-08-30,EWY,56.7632,56.7,3434170756,60500000.0,0.0,0.0,28244486.0,28244485.0,-1.0,-0.111,normal
2016-08-31,EWY,56.8956,56.35,3442182227,60500000.0,0.0,0.0,8011471.0,8011471.0,0.0,-0.959,normal
2016-09-01,EWY,56.3616,56.61,3421150698,60700000.0,200000.0,11272325.0,-32303854.0,-21031529.0,-0.0,0.441,normal
2016-09-02,EWY,56.691,57.2,3441144428,60700000.0,0.0,0.0,19993730.0,19993730.0,-0.0,0.898,normal
2016-09-06,EWY,58.3174,58.97,3539865694,60700000.0,0.0,0.0,98721266.0,98721266.0,0.0,1.119,normal
2016-09-07,EWY,58.9928,59.02,3580860775,60700000.0,0.0,0.0,40995080.0,40995081.0,1.0,0.046,normal
2016-09-08,EWY,58.9892,58.34,3580643954,60700000.0,0.0,0.0,-216820.0,-216821.0,-1.0,-1.101,normal
2016-09-09,EWY,57.907,56.36,3514952897,60700000.0,0.0,0.0,-65691058.0,-65691057.0,1.0,-2.671,normal
2016-09-12,EWY,55.6401,56.49,3377353160,60700000.0,0.0,0.0,-137599737.0,-137599737.0,0.0,1.528,normal
2016-09-13,EWY,55.6385,54.67,3377257800,60700000.0,0.0,0.0,-95360.0,-95360.0,-0.0,-1.741,normal
2016-09-14,EWY,55.638,54.91,3377223929,60700000.0,0.0,0.0,-33871.0,-33871.0,-0.0,-1.308,normal
2016-09-15,EWY,55.6374,55.54,3377189330,60700000.0,0.0,0.0,-34599.0,-34599.0,0.0,-0.175,normal
2016-09-16,EWY,55.6368,55.2,3377154731,60700000.0,0.0,0.0,-34599.0,-34599.0,-0.0,-0.785,normal
2016-09-19,EWY,56.1256,55.73,3406822827,60700000.0,0.0,0.0,29668096.0,29668096.0,-0.0,-0.705,normal
2016-09-20,EWY,56.267,56.22,3415407750,60700000.0,0.0,0.0,8584922.0,8584923.0,1.0,-0.084,normal
2016-09-21,EWY,56.6301,57.84,3437444763,60700000.0,0.0,0.0,22037014.0,22037013.0,-1.0,2.137,normal
2016-09-22,EWY,57.8717,58.3,3512814132,60700000.0,0.0,0.0,75369369.0,75369369.0,0.0,0.74,normal
2016-09-23,EWY,57.9227,57.65,3515908800,60700000.0,0.0,0.0,3094668.0,3094668.0,-0.0,-0.471,normal
2016-09-26,EWY,57.4089,57.03,3484718106,60700000.0,0.0,0.0,-31190695.0,-31190694.0,1.0,-0.66,normal
2016-09-27,EWY,58.4333,58.3,3546898700,60700000.0,0.0,0.0,62180594.0,62180594.0,-0.0,-0.228,normal
2016-09-28,EWY,58.102,58.63,3526790004,60700000.0,0.0,0.0,-20108696.0,-20108696.0,-0.0,0.909,normal
2016-09-29,EWY,58.4802,57.81,3549745408,60700000.0,0.0,0.0,22955405.0,22955404.0,-1.0,-1.146,normal
2016-09-30,EWY,57.7252,58.13,3503916969,60700000.0,0.0,0.0,-45828439.0,-45828439.0,0.0,0.701,normal
2016-10-03,EWY,57.7222,58.04,3503738572,60700000.0,0.0,0.0,-178397.0,-178397.0,0.0,0.55,normal
2016-10-04,EWY,57.8014,56.92,3508546315,60700000.0,0.0,0.0,4807744.0,4807743.0,-1.0,-1.525,normal
2016-10-05,EWY,57.4428,57.66,3486777292,60700000.0,0.0,0.0,-21769023.0,-21769023.0,0.0,0.378,normal
2016-10-06,EWY,57.969,57.96,3518716904,60700000.0,0.0,0.0,31939612.0,31939612.0,0.0,-0.015,normal
2016-10-07,EWY,57.5592,57.61,3493843258,60700000.0,0.0,0.0,-24873646.0,-24873646.0,0.0,0.088,normal
2016-10-10,EWY,57.9803,58.2,3519402328,60700000.0,0.0,0.0,25559070.0,25559070.0,-0.0,0.379,normal
2016-10-11,EWY,56.5182,56.03,3430652069,60700000.0,0.0,0.0,-88750259.0,-88750259.0,0.0,-0.864,normal
2016-10-12,EWY,56.3566,56.09,3420842706,60700000.0,0.0,0.0,-9809363.0,-9809363.0,-0.0,-0.473,normal
2016-10-13,EWY,55.2788,55.54,3355424678,60700000.0,0.0,0.0,-65418029.0,-65418028.0,1.0,0.472,normal
2016-10-14,EWY,55.6852,55.36,3380093522,60700000.0,0.0,0.0,24668844.0,24668844.0,-0.0,-0.584,normal
2016-10-17,EWY,55.6691,55.67,3379116616,60700000.0,0.0,0.0,-976906.0,-976906.0,-0.0,0.002,normal
2016-10-18,EWY,56.5487,56.6,3432506151,60700000.0,0.0,0.0,53389535.0,53389535.0,0.0,0.091,normal
2016-10-19,EWY,56.8612,57.04,3451475690,60700000.0,0.0,0.0,18969539.0,18969539.0,-0.0,0.314,normal
2016-10-20,EWY,56.7355,56.41,3443843940,60700000.0,0.0,0.0,-7631750.0,-7631750.0,0.0,-0.574,normal
2016-10-21,EWY,56.1547,56.19,3408589744,60700000.0,0.0,0.0,-35254196.0,-35254196.0,-0.0,0.063,normal
2016-10-24,EWY,56.8693,56.47,3451965114,60700000.0,0.0,0.0,43375370.0,43375370.0,-0.0,-0.702,normal
2016-10-25,EWY,56.5534,56.49,3432788466,60700000.0,0.0,0.0,-19176648.0,-19176648.0,-0.0,-0.112,normal
2016-10-26,EWY,55.8778,55.58,3391784888,60700000.0,0.0,0.0,-41003578.0,-41003578.0,0.0,-0.533,normal
2016-10-27,EWY,55.7184,55.21,3382109551,60700000.0,0.0,0.0,-9675337.0,-9675337.0,0.0,-0.912,normal
2016-10-28,EWY,55.5813,55.25,3373787034,60700000.0,0.0,0.0,-8322516.0,-8322517.0,-1.0,-0.596,normal
2016-10-31,EWY,55.474,55.35,3367270586,60700000.0,0.0,0.0,-6516449.0,-6516448.0,1.0,-0.224,normal
2016-11-01,EWY,55.6968,54.9,3380797035,60700000.0,0.0,0.0,13526449.0,13526449.0,0.0,-1.431,normal
2016-11-02,EWY,54.5566,54.48,3311585559,60700000.0,0.0,0.0,-69211475.0,-69211476.0,-1.0,-0.14,normal
2016-11-03,EWY,55.0693,54.54,3342706874,60700000.0,0.0,0.0,31121315.0,31121315.0,0.0,-0.961,normal
2016-11-04,EWY,54.7567,54.38,3323731933,60700000.0,0.0,0.0,-18974941.0,-18974941.0,0.0,-0.688,normal
2016-11-07,EWY,55.2501,55.76,3353682405,60700000.0,0.0,0.0,29950473.0,29950472.0,-1.0,0.923,normal
2016-11-08,EWY,55.8301,56.37,3388885795,60700000.0,0.0,0.0,35203390.0,35203390.0,0.0,0.967,normal
2016-11-09,EWY,53.9126,53.73,3272494334,60700000.0,0.0,0.0,-116391461.0,-116391461.0,-0.0,-0.339,normal
2016-11-10,EWY,54.9662,53.11,3336446337,60700000.0,0.0,0.0,63952003.0,63952003.0,0.0,-3.377,normal
2016-11-11,EWY,53.5119,52.85,3157201274,59000000.0,-1700000.0,-90970206.0,-88274857.0,-179245063.0,-0.0,-1.237,normal
2016-11-14,EWY,52.7307,52.33,3079473931,58400000.0,-600000.0,-31638431.0,-46088912.0,-77727343.0,-0.0,-0.76,normal
2016-11-15,EWY,52.6094,52.91,3072388902,58400000.0,0.0,0.0,-7085030.0,-7085029.0,1.0,0.571,normal
2016-11-16,EWY,52.9013,52.41,3089438723,58400000.0,0.0,0.0,17049822.0,17049821.0,-1.0,-0.929,normal
2016-11-17,EWY,52.6376,52.39,3074033796,58400000.0,0.0,0.0,-15404927.0,-15404927.0,0.0,-0.47,normal
2016-11-18,EWY,52.2905,51.95,3053762397,58400000.0,0.0,0.0,-20271399.0,-20271399.0,0.0,-0.651,normal
2016-11-21,EWY,52.0046,52.16,3037070801,58400000.0,0.0,0.0,-16691596.0,-16691596.0,-0.0,0.299,normal
2016-11-22,EWY,53.0774,53.43,3099720452,58400000.0,0.0,0.0,62649651.0,62649651.0,-0.0,0.664,normal
2016-11-23,EWY,53.4353,52.8,3120620527,58400000.0,0.0,0.0,20900075.0,20900075.0,-0.0,-1.189,normal
2016-11-25,EWY,53.057,53.03,3056081530,57600000.0,-800000.0,-42445577.0,-22093421.0,-64538997.0,1.0,-0.051,normal
2016-11-28,EWY,53.5252,53.03,3083050310,57600000.0,0.0,0.0,26968781.0,26968780.0,-1.0,-0.925,normal
2016-11-29,EWY,53.5705,53.4,3085659072,57600000.0,0.0,0.0,2608762.0,2608762.0,0.0,-0.318,normal
2016-11-30,EWY,53.7797,53.26,3097709395,57600000.0,0.0,0.0,12050323.0,12050323.0,-0.0,-0.966,normal
2016-12-01,EWY,53.864,53.46,3046006372,56550000.0,-1050000.0,-56557148.0,4854125.0,-51703023.0,-0.0,-0.75,normal
2016-12-02,EWY,53.3184,53.29,2996494754,56200000.0,-350000.0,-18661444.0,-30850174.0,-49511618.0,0.0,-0.053,normal
2016-12-05,EWY,53.0703,53.54,2982548949,56200000.0,0.0,0.0,-13945805.0,-13945805.0,0.0,0.885,normal
2016-12-06,EWY,53.9347,53.79,3031132051,56200000.0,0.0,0.0,48583102.0,48583102.0,0.0,-0.268,normal
2016-12-07,EWY,54.2508,54.95,3048892319,56200000.0,0.0,0.0,17760268.0,17760268.0,0.0,1.289,normal
2016-12-08,EWY,55.9143,55.41,3142381805,56200000.0,0.0,0.0,93489487.0,93489486.0,-1.0,-0.902,normal
2016-12-09,EWY,55.3436,55.0,3085407986,55750000.0,-450000.0,-24904638.0,-32069181.0,-56973819.0,1.0,-0.621,normal
2016-12-12,EWY,55.2114,55.06,3078037780,55750000.0,0.0,0.0,-7370206.0,-7370206.0,-0.0,-0.274,normal
2016-12-13,EWY,55.411,55.52,3089160686,55750000.0,0.0,0.0,11122905.0,11122906.0,1.0,0.197,normal
2016-12-14,EWY,55.3661,54.06,3070052629,55450000.0,-300000.0,-16609843.0,-2498213.0,-19108057.0,-1.0,-2.359,normal
2016-12-15,EWY,54.8112,54.19,2995432572,54650000.0,-800000.0,-43848967.0,-30771090.0,-74620057.0,1.0,-1.133,normal
2016-12-16,EWY,54.8179,54.23,2976612024,54300000.0,-350000.0,-19186265.0,365718.0,-18820548.0,-0.0,-1.073,normal
2016-12-19,EWY,54.587,54.26,2961346649,54250000.0,-50000.0,-2729352.0,-12536024.0,-15265375.0,1.0,-0.599,normal
2016-12-20,EWY,54.3888,54.26,2950592020,54250000.0,0.0,0.0,-10754629.0,-10754629.0,-0.0,-0.237,normal
2016-12-21,EWY,53.6018,53.35,2902536279,54150000.0,-100000.0,-5360178.0,-42695564.0,-48055741.0,1.0,-0.47,normal
2016-12-22,EWY,53.3224,52.77,2887407906,54150000.0,0.0,0.0,-15128373.0,-15128373.0,-0.0,-1.036,normal
2016-12-23,EWY,53.095,53.09,2832617716,53350000.0,-800000.0,-42475992.0,-12314197.0,-54790190.0,-1.0,-0.009,normal
2016-12-27,EWY,53.0869,53.08,2832188409,53350000.0,0.0,0.0,-429307.0,-429307.0,0.0,-0.013,normal
2016-12-28,EWY,53.1704,52.99,2836643294,53350000.0,0.0,0.0,4454885.0,4454885.0,-0.0,-0.339,normal
2016-12-29,EWY,53.384,53.54,2848036987,53350000.0,0.0,0.0,11393693.0,11393693.0,0.0,0.292,normal
2016-12-30,EWY,53.3833,53.22,2847998682,53350000.0,0.0,0.0,-38305.0,-38305.0,0.0,-0.306,normal
2017-01-03,EWY,54.165,54.03,2889700563,53350000.0,0.0,0.0,41701881.0,41701881.0,-0.0,-0.249,normal
2017-01-04,EWY,54.1138,54.4,2886971283,53350000.0,0.0,0.0,-2729279.0,-2729280.0,-1.0,0.529,normal
2017-01-05,EWY,54.7952,54.94,2923322426,53350000.0,0.0,0.0,36351143.0,36351143.0,0.0,0.264,normal
2017-01-06,EWY,54.7048,54.34,2918499693,53350000.0,0.0,0.0,-4822733.0,-4822733.0,0.0,-0.667,normal
2017-01-09,EWY,54.0825,54.24,2885300788,53350000.0,0.0,0.0,-33198905.0,-33198905.0,-0.0,0.291,normal
2017-01-10,EWY,54.7074,54.47,2918641017,53350000.0,0.0,0.0,33340229.0,33340229.0,0.0,-0.434,normal
2017-01-11,EWY,55.5002,55.99,2960935136,53350000.0,0.0,0.0,42294119.0,42294119.0,-0.0,0.882,normal
2017-01-12,EWY,56.3641,56.72,3007026869,53350000.0,0.0,0.0,46091732.0,46091733.0,1.0,0.631,normal
2017-01-13,EWY,56.4433,56.69,3011247974,53350000.0,0.0,0.0,4221105.0,4221105.0,-0.0,0.437,normal
2017-01-17,EWY,56.3908,57.08,3008448220,53350000.0,0.0,0.0,-2799755.0,-2799754.0,1.0,1.222,normal
2017-01-18,EWY,56.7132,56.26,3025647086,53350000.0,0.0,0.0,17198866.0,17198866.0,-0.0,-0.799,normal
2017-01-19,EWY,56.3654,56.16,3007095744,53350000.0,0.0,0.0,-18551342.0,-18551342.0,0.0,-0.364,normal
2017-01-20,EWY,56.5356,56.16,3016173193,53350000.0,0.0,0.0,9077449.0,9077449.0,-0.0,-0.664,normal
2017-01-23,EWY,56.8322,56.96,3031996216,53350000.0,0.0,0.0,15823023.0,15823023.0,-0.0,0.225,normal
2017-01-24,EWY,56.8428,56.94,3032564714,53350000.0,0.0,0.0,568498.0,568498.0,0.0,0.171,normal
2017-01-25,EWY,57.0026,57.56,3041086416,53350000.0,0.0,0.0,8521702.0,8521702.0,-0.0,0.978,normal
2017-01-26,EWY,57.8974,57.35,3088825863,53350000.0,0.0,0.0,47739447.0,47739447.0,-0.0,-0.946,normal
2017-01-27,EWY,57.8966,57.2,3088784730,53350000.0,0.0,0.0,-41133.0,-41133.0,-0.0,-1.203,normal
2017-01-30,EWY,57.8939,57.12,3088637911,53350000.0,0.0,0.0,-146819.0,-146819.0,0.0,-1.337,normal
2017-01-31,EWY,57.1695,57.88,3049995226,53350000.0,0.0,0.0,-38642685.0,-38642685.0,0.0,1.243,normal
2017-02-01,EWY,57.7198,57.9,3079350263,53350000.0,0.0,0.0,29355037.0,29355037.0,-0.0,0.312,normal
2017-02-02,EWY,58.0469,58.44,3096801475,53350000.0,0.0,0.0,17451212.0,17451212.0,0.0,0.677,normal
2017-02-03,EWY,58.126,58.91,3101020713,53350000.0,0.0,0.0,4219238.0,4219238.0,-0.0,1.349,normal
2017-02-06,EWY,58.7507,58.81,3134347604,53350000.0,0.0,0.0,33326891.0,33326891.0,-0.0,0.101,normal
2017-02-07,EWY,58.2909,58.23,3109820902,53350000.0,0.0,0.0,-24526702.0,-24526702.0,0.0,-0.104,normal
2017-02-08,EWY,57.8641,58.01,3087052029,53350000.0,0.0,0.0,-22768873.0,-22768873.0,0.0,0.252,normal
2017-02-09,EWY,57.9292,58.07,3090525114,53350000.0,0.0,0.0,3473085.0,3473085.0,-0.0,0.243,normal
2017-02-10,EWY,57.909,58.12,3089443976,53350000.0,0.0,0.0,-1081138.0,-1081138.0,-0.0,0.364,normal
2017-02-13,EWY,57.8509,58.08,3086343914,53350000.0,0.0,0.0,-3100062.0,-3100062.0,-0.0,0.396,normal
2017-02-14,EWY,58.3394,58.14,3112409551,53350000.0,0.0,0.0,26065636.0,26065637.0,1.0,-0.342,normal
2017-02-15,EWY,58.3073,58.8,3110696642,53350000.0,0.0,0.0,-1712908.0,-1712909.0,-1.0,0.845,normal
2017-02-16,EWY,58.4095,58.15,3116149066,53350000.0,0.0,0.0,5452423.0,5452424.0,1.0,-0.444,normal
2017-02-17,EWY,58.1395,57.97,3101740885,53350000.0,0.0,0.0,-14408181.0,-14408181.0,0.0,-0.291,normal
2017-02-21,EWY,58.8383,59.07,3139022025,53350000.0,0.0,0.0,37281140.0,37281140.0,-0.0,0.394,normal
2017-02-22,EWY,59.1458,59.2,3155429550,53350000.0,0.0,0.0,16407526.0,16407525.0,-1.0,0.092,normal
2017-02-23,EWY,59.4502,59.52,3171666943,53350000.0,0.0,0.0,16237393.0,16237393.0,0.0,0.117,normal
2017-02-24,EWY,59.2031,59.07,3158484318,53350000.0,0.0,0.0,-13182625.0,-13182625.0,-0.0,-0.225,normal
2017-02-27,EWY,58.7189,58.67,3132655076,53350000.0,0.0,0.0,-25829242.0,-25829242.0,0.0,-0.083,normal
2017-02-28,EWY,59.1363,58.56,3154921392,53350000.0,0.0,0.0,22266316.0,22266316.0,-0.0,-0.975,normal
2017-03-01,EWY,59.1331,58.95,3154750885,53350000.0,0.0,0.0,-170507.0,-170507.0,-0.0,-0.31,normal
2017-03-02,EWY,59.0749,58.16,3151644421,53350000.0,0.0,0.0,-3106464.0,-3106464.0,-0.0,-1.549,normal
2017-03-03,EWY,57.6507,57.73,3067017878,53200000.0,-150000.0,-8647607.0,-75978936.0,-84626543.0,-0.0,0.138,normal
2017-03-06,EWY,57.6612,57.69,3067576904,53200000.0,0.0,0.0,559026.0,559026.0,0.0,0.05,normal
2017-03-07,EWY,58.5665,58.07,3115738651,53200000.0,0.0,0.0,48161747.0,48161747.0,-0.0,-0.848,normal
2017-03-08,EWY,58.645,57.83,3119915702,53200000.0,0.0,0.0,4177051.0,4177051.0,-0.0,-1.39,normal
2017-03-09,EWY,57.8372,57.44,3076936593,53200000.0,0.0,0.0,-42979110.0,-42979109.0,1.0,-0.687,normal
2017-03-10,EWY,58.0547,58.36,3088511849,53200000.0,0.0,0.0,11575256.0,11575256.0,-0.0,0.526,normal
2017-03-13,EWY,59.4499,59.31,3162736542,53200000.0,0.0,0.0,74224693.0,74224693.0,-0.0,-0.235,normal
2017-03-14,EWY,59.7443,59.35,3178395749,53200000.0,0.0,0.0,15659207.0,15659207.0,-0.0,-0.66,normal
2017-03-15,EWY,59.9583,61.31,3189782730,53200000.0,0.0,0.0,11386981.0,11386981.0,-0.0,2.254,normal
2017-03-16,EWY,61.0284,61.16,3246708380,53200000.0,0.0,0.0,56925649.0,56925650.0,1.0,0.216,normal
2017-03-17,EWY,61.4647,61.29,3269922572,53200000.0,0.0,0.0,23214192.0,23214192.0,-0.0,-0.284,normal
2017-03-20,EWY,61.8127,62.25,3288436651,53200000.0,0.0,0.0,18514079.0,18514079.0,0.0,0.707,normal
2017-03-21,EWY,62.5565,61.83,3328005534,53200000.0,0.0,0.0,39568883.0,39568883.0,-0.0,-1.161,normal
2017-03-22,EWY,62.0539,62.35,3301269342,53200000.0,0.0,0.0,-26736192.0,-26736192.0,-0.0,0.477,normal
2017-03-23,EWY,62.186,62.08,3308296424,53200000.0,0.0,0.0,7027082.0,7027082.0,0.0,-0.171,normal
2017-03-24,EWY,62.0533,62.47,3301237741,53200000.0,0.0,0.0,-7058682.0,-7058683.0,-1.0,0.671,normal
2017-03-27,EWY,62.1158,62.44,3304562475,53200000.0,0.0,0.0,3324734.0,3324734.0,0.0,0.522,normal
2017-03-28,EWY,62.2819,62.4,3313397346,53200000.0,0.0,0.0,8834871.0,8834871.0,0.0,0.19,normal
2017-03-29,EWY,62.4075,62.51,3320078681,53200000.0,0.0,0.0,6681335.0,6681335.0,0.0,0.164,normal
2017-03-30,EWY,62.1787,62.15,3307907957,53200000.0,0.0,0.0,-12170724.0,-12170724.0,-0.0,-0.046,normal
2017-03-31,EWY,61.9447,61.87,3295460381,53200000.0,0.0,0.0,-12447576.0,-12447576.0,0.0,-0.121,normal
2017-04-03,EWY,62.2877,62.07,3313707023,53200000.0,0.0,0.0,18246642.0,18246642.0,-0.0,-0.349,normal
2017-04-04,EWY,61.6718,61.51,3280942420,53200000.0,0.0,0.0,-32764603.0,-32764603.0,0.0,-0.262,normal
2017-04-05,EWY,61.5517,61.04,3274547833,53200000.0,0.0,0.0,-6394587.0,-6394587.0,-0.0,-0.831,normal
2017-04-06,EWY,60.7864,60.85,3233838395,53200000.0,0.0,0.0,-40709438.0,-40709438.0,-0.0,0.105,normal
2017-04-07,EWY,60.6235,60.35,3225169828,53200000.0,0.0,0.0,-8668568.0,-8668567.0,1.0,-0.451,normal
2017-04-10,EWY,59.765,59.52,3179495978,53200000.0,0.0,0.0,-45673849.0,-45673850.0,-1.0,-0.41,normal
2017-04-11,EWY,59.2328,59.11,3151187194,53200000.0,0.0,0.0,-28308784.0,-28308784.0,-0.0,-0.207,normal
2017-04-12,EWY,59.6044,59.7,3170953282,53200000.0,0.0,0.0,19766088.0,19766088.0,0.0,0.16,normal
2017-04-13,EWY,60.7929,59.92,3234181110,53200000.0,0.0,0.0,63227828.0,63227828.0,0.0,-1.436,normal
2017-04-17,EWY,60.2757,60.52,3176526808,52700000.0,-500000.0,-30137826.0,-27516476.0,-57654302.0,-0.0,0.405,normal
2017-04-18,EWY,60.0662,59.56,3165490268,52700000.0,0.0,0.0,-11036539.0,-11036540.0,-1.0,-0.843,normal
2017-04-19,EWY,59.823,59.33,3116778404,52100000.0,-600000.0,-35893801.0,-12818063.0,-48711864.0,0.0,-0.824,normal
2017-04-20,EWY,60.2366,60.49,3099173327,51450000.0,-650000.0,-39153793.0,21548716.0,-17605077.0,-0.0,0.421,normal
2017-04-21,EWY,61.0494,60.96,3140990755,51450000.0,0.0,0.0,41817428.0,41817428.0,-0.0,-0.146,normal
2017-04-24,EWY,61.6806,61.38,3173467436,51450000.0,0.0,0.0,32476681.0,32476681.0,0.0,-0.487,normal
2017-04-25,EWY,62.6232,62.33,3221965595,51450000.0,0.0,0.0,48498159.0,48498159.0,-0.0,-0.468,normal
2017-04-26,EWY,62.9758,62.2,3240105527,51450000.0,0.0,0.0,18139932.0,18139932.0,-0.0,-1.232,normal
2017-04-27,EWY,62.7329,62.12,3227609403,51450000.0,0.0,0.0,-12496125.0,-12496124.0,1.0,-0.977,normal
2017-04-28,EWY,62.162,62.1,3154723175,50750000.0,-700000.0,-43513423.0,-29372805.0,-72886228.0,0.0,-0.1,normal
2017-05-01,EWY,62.162,62.45,3154720637,50750000.0,0.0,0.0,-2538.0,-2538.0,-0.0,0.463,normal
2017-05-02,EWY,63.1529,63.29,3205008508,50750000.0,0.0,0.0,50287870.0,50287871.0,1.0,0.217,normal
2017-05-03,EWY,63.1536,62.84,3205046316,50750000.0,0.0,0.0,37809.0,37808.0,-1.0,-0.497,normal
2017-05-04,EWY,63.6823,63.01,3231879009,50750000.0,0.0,0.0,26832692.0,26832693.0,1.0,-1.056,normal
2017-05-05,EWY,63.6818,63.41,3231853837,50750000.0,0.0,0.0,-25172.0,-25172.0,-0.0,-0.427,normal
2017-05-08,EWY,65.3713,65.03,3317594388,50750000.0,0.0,0.0,85740552.0,85740551.0,-1.0,-0.522,normal
2017-05-09,EWY,65.3714,65.64,3317599464,50750000.0,0.0,0.0,5075.0,5076.0,1.0,0.411,normal
2017-05-10,EWY,64.6136,64.94,3279141672,50750000.0,0.0,0.0,-38457792.0,-38457792.0,-0.0,0.505,normal
2017-05-11,EWY,65.8862,65.99,3343724396,50750000.0,0.0,0.0,64582724.0,64582724.0,-0.0,0.158,normal
2017-05-12,EWY,65.5755,65.88,3327957589,50750000.0,0.0,0.0,-15766807.0,-15766807.0,0.0,0.464,normal
2017-05-15,EWY,65.9047,66.51,3344661698,50750000.0,0.0,0.0,16704109.0,16704109.0,0.0,0.918,normal
2017-05-16,EWY,66.5523,66.58,3377527601,50750000.0,0.0,0.0,32865903.0,32865903.0,-0.0,0.042,normal
2017-05-17,EWY,66.3998,65.41,3369791271,50750000.0,0.0,0.0,-7736330.0,-7736330.0,-0.0,-1.491,normal
2017-05-18,EWY,65.8598,65.47,3342387337,50750000.0,0.0,0.0,-27403934.0,-27403934.0,0.0,-0.592,normal
2017-05-19,EWY,65.7379,66.77,3336200049,50750000.0,0.0,0.0,-6187288.0,-6187288.0,-0.0,1.57,normal
2017-05-22,EWY,66.8124,67.07,3390728336,50750000.0,0.0,0.0,54528287.0,54528287.0,0.0,0.386,normal
2017-05-23,EWY,66.6522,66.8,3382599556,50750000.0,0.0,0.0,-8128780.0,-8128780.0,-0.0,0.222,normal
2017-05-24,EWY,66.5607,67.22,3377956134,50750000.0,0.0,0.0,-4643422.0,-4643422.0,0.0,0.991,normal
2017-05-25,EWY,67.8852,67.92,3445175778,50750000.0,0.0,0.0,67219644.0,67219644.0,0.0,0.051,normal
2017-05-26,EWY,67.9929,68.44,3450638406,50750000.0,0.0,0.0,5462628.0,5462628.0,-0.0,0.658,normal
2017-05-30,EWY,67.2945,67.48,3415196992,50750000.0,0.0,0.0,-35441415.0,-35441414.0,1.0,0.276,normal
2017-05-31,EWY,67.6306,67.72,3479593032,51450000.0,700000.0,47341402.0,17054639.0,64396040.0,-1.0,0.132,normal
2017-06-01,EWY,67.3743,67.74,3500094002,51950000.0,500000.0,33687142.0,-13186172.0,20500970.0,0.0,0.543,normal
2017-06-02,EWY,68.2239,68.66,3619277258,53050000.0,1100000.0,75046277.0,44136980.0,119183256.0,-1.0,0.639,normal
2017-06-05,EWY,68.3736,68.5,3692175156,54000000.0,950000.0,64954933.0,7942964.0,72897898.0,0.0,0.185,normal
2017-06-06,EWY,68.373,68.5,3692140920,54000000.0,0.0,0.0,-34236.0,-34236.0,0.0,0.186,normal
2017-06-07,EWY,67.7333,67.82,3657596040,54000000.0,0.0,0.0,-34544880.0,-34544880.0,-0.0,0.128,normal
2017-06-08,EWY,67.9864,68.29,3684863639,54200000.0,200000.0,13597283.0,13670316.0,27267599.0,0.0,0.447,normal
2017-06-09,EWY,68.5613,67.94,3781155088,55150000.0,950000.0,65133225.0,31158225.0,96291449.0,-1.0,-0.906,normal
2017-06-12,EWY,67.6145,67.23,3728937965,55150000.0,0.0,0.0,-52217123.0,-52217123.0,0.0,-0.569,normal
2017-06-13,EWY,67.9485,68.14,3747360657,55150000.0,0.0,0.0,18422692.0,18422692.0,-0.0,0.282,normal
2017-06-14,EWY,68.2741,68.53,3765314078,55150000.0,0.0,0.0,17953421.0,17953421.0,0.0,0.375,normal
2017-06-15,EWY,67.9279,67.4,3746221920,55150000.0,0.0,0.0,-19092158.0,-19092158.0,-0.0,-0.777,normal
2017-06-16,EWY,67.348,67.27,3714239718,55150000.0,0.0,0.0,-31982202.0,-31982202.0,-0.0,-0.116,normal
2017-06-19,EWY,67.7783,67.67,3737972583,55150000.0,0.0,0.0,23732865.0,23732865.0,0.0,-0.16,normal
2017-06-20,EWY,67.715,66.88,3734480595,55150000.0,0.0,0.0,-3491988.0,-3491988.0,-0.0,-1.233,normal
2017-06-21,EWY,66.7969,66.84,3683850524,55150000.0,0.0,0.0,-50630071.0,-50630071.0,0.0,0.065,normal
2017-06-22,EWY,67.4155,67.45,3717965376,55150000.0,0.0,0.0,34114852.0,34114852.0,-0.0,0.051,normal
2017-06-23,EWY,67.766,68.04,3737296720,55150000.0,0.0,0.0,19331343.0,19331344.0,1.0,0.404,normal
2017-06-26,EWY,68.2316,68.38,3762972244,55150000.0,0.0,0.0,25675524.0,25675524.0,0.0,0.217,normal
2017-06-27,EWY,68.2895,67.74,3766166201,55150000.0,0.0,0.0,3193957.0,3193957.0,-0.0,-0.805,normal
2017-06-28,EWY,67.6218,68.16,3729339954,55150000.0,0.0,0.0,-36826247.0,-36826247.0,0.0,0.796,normal
2017-06-29,EWY,68.2081,67.34,3761674013,55150000.0,0.0,0.0,32334059.0,32334059.0,0.0,-1.273,normal
2017-06-30,EWY,67.8695,67.81,3743004469,55150000.0,0.0,0.0,-18669543.0,-18669544.0,-1.0,-0.088,normal
2017-07-03,EWY,67.8635,67.8,3742671308,55150000.0,0.0,0.0,-333161.0,-333161.0,0.0,-0.093,normal
2017-07-05,EWY,67.4457,67.31,3719628921,55150000.0,0.0,0.0,-23042387.0,-23042387.0,-0.0,-0.201,normal
2017-07-06,EWY,67.0576,66.55,3698223938,55150000.0,0.0,0.0,-21404983.0,-21404983.0,0.0,-0.757,normal
2017-07-07,EWY,66.8965,66.95,3689342857,55150000.0,0.0,0.0,-8881080.0,-8881081.0,-1.0,0.08,normal
2017-07-10,EWY,67.3139,67.39,3712361089,55150000.0,0.0,0.0,23018231.0,23018232.0,1.0,0.113,normal
2017-07-11,EWY,67.6959,67.51,3733429050,55150000.0,0.0,0.0,21067962.0,21067961.0,-1.0,-0.275,normal
2017-07-12,EWY,68.0024,68.7,3750331919,55150000.0,0.0,0.0,16902868.0,16902869.0,1.0,1.026,normal
2017-07-13,EWY,69.0995,69.11,3810838583,55150000.0,0.0,0.0,60506664.0,60506664.0,-0.0,0.015,normal
2017-07-14,EWY,69.5608,70.43,3836277513,55150000.0,0.0,0.0,25438930.0,25438930.0,-0.0,1.25,normal
2017-07-17,EWY,70.116,70.02,3866896518,55150000.0,0.0,0.0,30619004.0,30619005.0,1.0,-0.137,normal
2017-07-18,EWY,70.4371,70.46,3884606782,55150000.0,0.0,0.0,17710264.0,17710264.0,-0.0,0.033,normal
2017-07-19,EWY,70.6547,70.71,3896605988,55150000.0,0.0,0.0,11999206.0,11999206.0,-0.0,0.078,normal
2017-07-20,EWY,70.7179,70.95,3900090144,55150000.0,0.0,0.0,3484156.0,3484156.0,-0.0,0.328,normal
2017-07-21,EWY,71.4933,71.46,3942856433,55150000.0,0.0,0.0,42766288.0,42766289.0,1.0,-0.047,normal
2017-07-24,EWY,71.783,71.65,3958834270,55150000.0,0.0,0.0,15977837.0,15977837.0,-0.0,-0.185,normal
2017-07-25,EWY,71.3004,71.18,3932216784,55150000.0,0.0,0.0,-26617486.0,-26617486.0,-0.0,-0.169,normal
2017-07-26,EWY,70.7476,71.57,3901732125,55150000.0,0.0,0.0,-30484659.0,-30484659.0,-0.0,1.162,normal
2017-07-27,EWY,71.5313,70.99,3959258175,55350000.0,200000.0,14306263.0,43219787.0,57526050.0,1.0,-0.757,normal
2017-07-28,EWY,69.5832,69.64,3851431282,55350000.0,0.0,0.0,-107826892.0,-107826893.0,-1.0,0.082,normal
2017-07-31,EWY,69.9009,69.7,3869016974,55350000.0,0.0,0.0,17585691.0,17585692.0,1.0,-0.287,normal
2017-08-01,EWY,70.2169,70.25,3886506135,55350000.0,0.0,0.0,17489161.0,17489161.0,0.0,0.047,normal
2017-08-02,EWY,70.1581,70.12,3883248732,55350000.0,0.0,0.0,-3257403.0,-3257403.0,-0.0,-0.054,normal
2017-08-03,EWY,68.6828,68.68,3801591486,55350000.0,0.0,0.0,-81657246.0,-81657246.0,0.0,-0.004,normal
2017-08-04,EWY,69.2288,69.18,3831813416,55350000.0,0.0,0.0,30221930.0,30221930.0,-0.0,-0.07,normal
2017-08-07,EWY,69.2867,69.4,3835021170,55350000.0,0.0,0.0,3207754.0,3207754.0,0.0,0.164,normal
2017-08-08,EWY,69.2838,68.81,3834860987,55350000.0,0.0,0.0,-160183.0,-160183.0,-0.0,-0.684,normal
2017-08-09,EWY,67.8537,67.47,3755704011,55350000.0,0.0,0.0,-79156976.0,-79156976.0,-0.0,-0.566,normal
2017-08-10,EWY,67.2333,65.81,3721365203,55350000.0,0.0,0.0,-34338808.0,-34338808.0,-0.0,-2.117,normal
2017-08-11,EWY,65.9072,66.02,3647961583,55350000.0,0.0,0.0,-73403620.0,-73403620.0,0.0,0.171,normal
2017-08-14,EWY,66.671,67.3,3690240846,55350000.0,0.0,0.0,42279264.0,42279263.0,-1.0,0.943,normal
2017-08-15,EWY,66.6704,67.62,3690205090,55350000.0,0.0,0.0,-35756.0,-35756.0,0.0,1.424,normal
2017-08-16,EWY,67.0287,67.68,3710041091,55350000.0,0.0,0.0,19836001.0,19836001.0,0.0,0.972,normal
2017-08-17,EWY,67.6494,66.77,3754539646,55500000.0,150000.0,10147404.0,34351151.0,44498555.0,-0.0,-1.3,normal
2017-08-18,EWY,67.2965,67.45,3734954307,55500000.0,0.0,0.0,-19585339.0,-19585339.0,0.0,0.228,normal
2017-08-21,EWY,67.4066,67.44,3741066078,55500000.0,0.0,0.0,6111771.0,6111771.0,0.0,0.05,normal
2017-08-22,EWY,68.0221,68.51,3775226162,55500000.0,0.0,0.0,34160084.0,34160084.0,0.0,0.717,normal
2017-08-23,EWY,68.1749,68.37,3783708837,55500000.0,0.0,0.0,8482675.0,8482675.0,-0.0,0.286,normal
2017-08-24,EWY,68.6332,68.85,3809143044,55500000.0,0.0,0.0,25434207.0,25434207.0,-0.0,0.316,normal
2017-08-25,EWY,68.742,69.3,3815183109,55500000.0,0.0,0.0,6040065.0,6040065.0,0.0,0.812,normal
2017-08-28,EWY,68.9327,69.1,3825766348,55500000.0,0.0,0.0,10583240.0,10583239.0,-1.0,0.243,normal
2017-08-29,EWY,68.3524,68.53,3793555536,55500000.0,0.0,0.0,-32210813.0,-32210812.0,1.0,0.26,normal
2017-08-30,EWY,68.7438,68.63,3815281288,55500000.0,0.0,0.0,21725753.0,21725752.0,-1.0,-0.166,normal
2017-08-31,EWY,68.1915,68.47,3784628194,55500000.0,0.0,0.0,-30653094.0,-30653094.0,0.0,0.408,normal
2017-09-01,EWY,68.3284,68.66,3792225867,55500000.0,0.0,0.0,7597673.0,7597673.0,0.0,0.485,normal
2017-09-05,EWY,66.9415,66.73,3715253583,55500000.0,0.0,0.0,-76972284.0,-76972284.0,-0.0,-0.316,normal
2017-09-06,EWY,66.5091,66.95,3691256160,55500000.0,0.0,0.0,-23997423.0,-23997423.0,0.0,0.663,normal
2017-09-07,EWY,67.5952,67.82,3751531546,55500000.0,0.0,0.0,60275387.0,60275386.0,-1.0,0.333,normal
2017-09-08,EWY,67.7666,67.35,3761045301,55500000.0,0.0,0.0,9513755.0,9513755.0,0.0,-0.615,normal
2017-09-11,EWY,68.0503,68.46,3776791594,55500000.0,0.0,0.0,15746293.0,15746293.0,-0.0,0.602,normal
2017-09-12,EWY,68.4103,68.31,3796769652,55500000.0,0.0,0.0,19978058.0,19978058.0,0.0,-0.147,normal
2017-09-13,EWY,68.3056,67.93,3790963408,55500000.0,0.0,0.0,-5806244.0,-5806244.0,-0.0,-0.55,normal
2017-09-14,EWY,68.6265,68.31,3808773026,55500000.0,0.0,0.0,17809617.0,17809618.0,1.0,-0.461,normal
2017-09-15,EWY,68.9833,68.73,3828575758,55500000.0,0.0,0.0,19802733.0,19802732.0,-1.0,-0.367,normal
2017-09-18,EWY,70.4627,69.84,3910677463,55500000.0,0.0,0.0,82101705.0,82101705.0,0.0,-0.884,normal
2017-09-19,EWY,70.1446,70.07,3893028020,55500000.0,0.0,0.0,-17649444.0,-17649443.0,1.0,-0.106,normal
2017-09-20,EWY,70.3644,69.7,3905221758,55500000.0,0.0,0.0,12193738.0,12193738.0,-0.0,-0.944,normal
2017-09-21,EWY,69.9576,69.69,3882646245,55500000.0,0.0,0.0,-22575513.0,-22575513.0,0.0,-0.383,normal
2017-09-22,EWY,69.3941,69.33,3851374770,55500000.0,0.0,0.0,-31271475.0,-31271475.0,0.0,-0.092,normal
2017-09-25,EWY,69.615,68.88,3863631612,55500000.0,0.0,0.0,12256842.0,12256842.0,-0.0,-1.056,normal
2017-09-26,EWY,68.8992,68.7,3823905489,55500000.0,0.0,0.0,-39726123.0,-39726123.0,0.0,-0.289,normal
2017-09-27,EWY,68.5783,68.15,3806097371,55500000.0,0.0,0.0,-17808118.0,-17808118.0,0.0,-0.625,normal
2017-09-28,EWY,68.0837,68.06,3778644406,55500000.0,0.0,0.0,-27452964.0,-27452965.0,-1.0,-0.035,normal
2017-09-29,EWY,68.8691,69.06,3739590067,54300000.0,-1200000.0,-82642874.0,43588535.0,-39054339.0,1.0,0.277,normal
2017-10-02,EWY,68.8645,69.22,3739341373,54300000.0,0.0,0.0,-248694.0,-248694.0,0.0,0.516,normal
2017-10-03,EWY,68.8639,69.88,3739308793,54300000.0,0.0,0.0,-32580.0,-32580.0,-0.0,1.476,normal
2017-10-04,EWY,68.8644,69.97,3739338712,54300000.0,0.0,0.0,29919.0,29919.0,-0.0,1.605,normal
2017-10-05,EWY,68.8635,70.5,3739286747,54300000.0,0.0,0.0,-51965.0,-51965.0,0.0,2.377,normal
2017-10-06,EWY,68.8625,70.23,3739234782,54300000.0,0.0,0.0,-51965.0,-51965.0,0.0,1.986,normal
2017-10-09,EWY,68.859,70.18,3739043972,54300000.0,0.0,0.0,-190810.0,-190810.0,0.0,1.918,normal
2017-10-10,EWY,70.8762,71.07,3848577769,54300000.0,0.0,0.0,109533797.0,109533797.0,-0.0,0.273,normal
2017-10-11,EWY,71.5472,71.78,3885011494,54300000.0,0.0,0.0,36433725.0,36433725.0,-0.0,0.325,normal
2017-10-12,EWY,72.1513,72.21,3917817979,54300000.0,0.0,0.0,32806485.0,32806485.0,-0.0,0.081,normal
2017-10-13,EWY,72.3913,72.84,3930849436,54300000.0,0.0,0.0,13031457.0,13031457.0,-0.0,0.62,normal
2017-10-16,EWY,72.5469,72.36,3939296127,54300000.0,0.0,0.0,8446691.0,8446691.0,0.0,-0.258,normal
2017-10-17,EWY,72.442,72.35,3933603206,54300000.0,0.0,0.0,-5692921.0,-5692921.0,-0.0,-0.127,normal
2017-10-18,EWY,72.5767,72.52,3940914104,54300000.0,0.0,0.0,7310898.0,7310898.0,0.0,-0.078,normal
2017-10-19,EWY,72.0135,72.03,3910334408,54300000.0,0.0,0.0,-30579697.0,-30579696.0,1.0,0.023,normal
2017-10-20,EWY,72.5958,72.58,3941952049,54300000.0,0.0,0.0,31617641.0,31617641.0,-0.0,-0.022,normal
2017-10-23,EWY,72.7742,72.36,3951637757,54300000.0,0.0,0.0,9685708.0,9685708.0,-0.0,-0.569,normal
2017-10-24,EWY,72.9244,72.72,3959795083,54300000.0,0.0,0.0,8157326.0,8157326.0,-0.0,-0.28,normal
2017-10-25,EWY,72.8913,72.69,3957996232,54300000.0,0.0,0.0,-1798850.0,-1798851.0,-1.0,-0.276,normal
2017-10-26,EWY,72.6928,72.35,3947216759,54300000.0,0.0,0.0,-10779473.0,-10779473.0,0.0,-0.471,normal
2017-10-27,EWY,72.8249,73.52,3954393427,54300000.0,0.0,0.0,7176668.0,7176668.0,-0.0,0.954,normal
2017-10-30,EWY,73.4233,73.13,3986887416,54300000.0,0.0,0.0,32493989.0,32493989.0,0.0,-0.4,normal
2017-10-31,EWY,74.4147,74.76,4040720762,54300000.0,0.0,0.0,53833346.0,53833346.0,0.0,0.464,normal
2017-11-01,EWY,75.8455,76.23,4118412822,54300000.0,0.0,0.0,77692060.0,77692060.0,0.0,0.507,normal
2017-11-02,EWY,75.5699,75.87,4103445461,54300000.0,0.0,0.0,-14967361.0,-14967361.0,-0.0,0.397,normal
2017-11-03,EWY,75.9919,75.79,4126359410,54300000.0,0.0,0.0,22913948.0,22913949.0,1.0,-0.266,normal
2017-11-06,EWY,75.5624,75.92,4103038700,54300000.0,0.0,0.0,-23320710.0,-23320710.0,-0.0,0.473,normal
2017-11-07,EWY,75.5753,74.98,4103740799,54300000.0,0.0,0.0,702099.0,702099.0,-0.0,-0.788,normal
2017-11-08,EWY,75.5329,75.78,4101436579,54300000.0,0.0,0.0,-2304220.0,-2304220.0,0.0,0.327,normal
2017-11-09,EWY,75.3536,74.71,4091700697,54300000.0,0.0,0.0,-9735881.0,-9735882.0,-1.0,-0.854,normal
2017-11-10,EWY,74.9897,74.41,4071940927,54300000.0,0.0,0.0,-19759770.0,-19759770.0,0.0,-0.773,normal
2017-11-13,EWY,74.5008,74.23,4045393603,54300000.0,0.0,0.0,-26547324.0,-26547324.0,0.0,-0.363,normal
2017-11-14,EWY,74.5355,74.35,4047275098,54300000.0,0.0,0.0,1881495.0,1881495.0,0.0,-0.249,normal
2017-11-15,EWY,74.7188,74.8,4057232252,54300000.0,0.0,0.0,9957154.0,9957154.0,0.0,0.109,normal
2017-11-16,EWY,76.0437,76.67,4129170901,54300000.0,0.0,0.0,71938649.0,71938649.0,-0.0,0.824,normal
2017-11-17,EWY,76.2877,76.22,4142421893,54300000.0,0.0,0.0,13250992.0,13250992.0,0.0,-0.089,normal
2017-11-20,EWY,75.782,76.33,4114961786,54300000.0,0.0,0.0,-27460107.0,-27460107.0,0.0,0.723,normal
2017-11-21,EWY,76.2228,77.1,4138898692,54300000.0,0.0,0.0,23936906.0,23936906.0,-0.0,1.151,normal
2017-11-22,EWY,77.0656,77.41,4184663220,54300000.0,0.0,0.0,45764529.0,45764528.0,-1.0,0.447,normal
2017-11-24,EWY,77.2932,77.4,4197022443,54300000.0,0.0,0.0,12359223.0,12359223.0,-0.0,0.138,normal
2017-11-27,EWY,75.8635,75.51,4119390494,54300000.0,0.0,0.0,-77631950.0,-77631949.0,1.0,-0.466,normal
2017-11-28,EWY,76.4288,76.64,4150081668,54300000.0,0.0,0.0,30691174.0,30691174.0,-0.0,0.276,normal
2017-11-29,EWY,76.977,76.12,4179849091,54300000.0,0.0,0.0,29767423.0,29767423.0,0.0,-1.113,normal
2017-11-30,EWY,74.9031,75.15,4067236267,54300000.0,0.0,0.0,-112612824.0,-112612824.0,0.0,0.33,normal
2017-12-01,EWY,74.9829,75.07,4071570493,54300000.0,0.0,0.0,4334226.0,4334226.0,0.0,0.116,normal
2017-12-04,EWY,75.7214,75.34,4111672997,54300000.0,0.0,0.0,40102505.0,40102504.0,-1.0,-0.504,normal
2017-12-05,EWY,75.9401,75.6,4123548462,54300000.0,0.0,0.0,11875464.0,11875465.0,1.0,-0.448,normal
2017-12-06,EWY,74.3385,74.34,4036577944,54300000.0,0.0,0.0,-86970518.0,-86970518.0,0.0,0.002,normal
2017-12-07,EWY,73.9801,74.28,4017121168,54300000.0,0.0,0.0,-19456776.0,-19456776.0,0.0,0.405,normal
2017-12-08,EWY,74.2546,74.48,4032023042,54300000.0,0.0,0.0,14901875.0,14901874.0,-1.0,0.304,normal
2017-12-11,EWY,74.447,74.65,4042474272,54300000.0,0.0,0.0,10451230.0,10451230.0,0.0,0.273,normal
2017-12-12,EWY,74.1726,74.36,4027573049,54300000.0,0.0,0.0,-14901223.0,-14901223.0,0.0,0.253,normal
2017-12-13,EWY,74.904,75.56,4067286766,54300000.0,0.0,0.0,39713717.0,39713717.0,0.0,0.876,normal
2017-12-14,EWY,74.7389,75.07,4058321564,54300000.0,0.0,0.0,-8965201.0,-8965202.0,-1.0,0.443,normal
2017-12-15,EWY,75.0748,75.09,4076561260,54300000.0,0.0,0.0,18239696.0,18239696.0,0.0,0.02,normal
2017-12-18,EWY,75.1591,75.49,4081139456,54300000.0,0.0,0.0,4578196.0,4578196.0,0.0,0.44,normal
2017-12-19,EWY,73.3194,72.85,3981242931,54300000.0,0.0,0.0,-99896524.0,-99896525.0,-1.0,-0.64,normal
2017-12-20,EWY,73.3139,73.1,4090913723,55800000.0,1500000.0,109970799.0,-300007.0,109670792.0,0.0,-0.292,normal
2017-12-21,EWY,71.8956,71.95,4011773252,55800000.0,0.0,0.0,-79140470.0,-79140471.0,-1.0,0.076,normal
2017-12-22,EWY,72.4722,72.57,4043950378,55800000.0,0.0,0.0,32177126.0,32177126.0,0.0,0.135,normal
2017-12-26,EWY,72.2352,72.3,4030721984,55800000.0,0.0,0.0,-13228394.0,-13228394.0,0.0,0.09,normal
2017-12-27,EWY,73.6191,73.38,4107946896,55800000.0,0.0,0.0,77224912.0,77224912.0,-0.0,-0.325,normal
2017-12-28,EWY,74.8594,74.79,4177156473,55800000.0,0.0,0.0,69209577.0,69209577.0,-0.0,-0.093,normal
2017-12-29,EWY,74.8636,74.93,4177388434,55800000.0,0.0,0.0,231961.0,231961.0,0.0,0.089,normal
2018-01-02,EWY,75.8479,75.87,4232314773,55800000.0,0.0,0.0,54926339.0,54926339.0,-0.0,0.029,normal
2018-01-03,EWY,76.0229,76.54,4242080498,55800000.0,0.0,0.0,9765725.0,9765725.0,-0.0,0.68,normal
2018-01-04,EWY,75.6378,75.99,4220590244,55800000.0,0.0,0.0,-21490254.0,-21490254.0,0.0,0.466,normal
2018-01-05,EWY,76.7526,76.99,4282795526,55800000.0,0.0,0.0,62205282.0,62205282.0,0.0,0.309,normal
2018-01-08,EWY,77.3984,77.07,4318832282,55800000.0,0.0,0.0,36036756.0,36036756.0,-0.0,-0.424,normal
2018-01-09,EWY,77.1606,76.76,4305563545,55800000.0,0.0,0.0,-13268738.0,-13268737.0,1.0,-0.519,normal
2018-01-10,EWY,76.3288,76.39,4259144585,55800000.0,0.0,0.0,-46418960.0,-46418960.0,-0.0,0.08,normal
2018-01-11,EWY,76.0793,77.11,4245227563,55800000.0,0.0,0.0,-13917022.0,-13917022.0,0.0,1.355,normal
2018-01-12,EWY,77.195,77.9,4307482562,55800000.0,0.0,0.0,62255000.0,62254999.0,-1.0,0.913,normal
2018-01-16,EWY,78.036,77.51,4354410474,55800000.0,0.0,0.0,46927912.0,46927912.0,0.0,-0.674,normal
2018-01-17,EWY,77.1544,77.87,4305213176,55800000.0,0.0,0.0,-49197298.0,-49197298.0,-0.0,0.927,normal
2018-01-18,EWY,76.9983,77.29,4296506144,55800000.0,0.0,0.0,-8707032.0,-8707032.0,0.0,0.379,normal
2018-01-19,EWY,77.1947,77.68,4307466715,55800000.0,0.0,0.0,10960571.0,10960571.0,0.0,0.629,normal
2018-01-22,EWY,76.1686,76.84,4269248292,56050000.0,250000.0,19042142.0,-57260565.0,-38218423.0,-0.0,0.881,normal
2018-01-23,EWY,77.3846,77.12,4368360218,56450000.0,400000.0,30953837.0,68158089.0,99111926.0,0.0,-0.342,normal
2018-01-24,EWY,77.1932,77.9,4357554164,56450000.0,0.0,0.0,-10806054.0,-10806054.0,0.0,0.916,normal
2018-01-25,EWY,78.7065,78.31,4513820528,57350000.0,900000.0,70835893.0,85430470.0,156266364.0,0.0,-0.504,normal
2018-01-26,EWY,78.5857,79.04,4506888748,57350000.0,0.0,0.0,-6931780.0,-6931780.0,-0.0,0.578,normal
2018-01-29,EWY,79.3364,78.63,4569777907,57600000.0,250000.0,19834106.0,43055054.0,62889159.0,-0.0,-0.89,normal
2018-01-30,EWY,77.7679,77.66,4479430522,57600000.0,0.0,0.0,-90347386.0,-90347385.0,1.0,-0.139,normal
2018-01-31,EWY,78.1748,78.24,4502867443,57600000.0,0.0,0.0,23436922.0,23436921.0,-1.0,0.083,normal
2018-02-01,EWY,77.7022,77.15,4475644243,57600000.0,0.0,0.0,-27223200.0,-27223200.0,-0.0,-0.711,normal
2018-02-02,EWY,75.8921,74.04,4371387494,57600000.0,0.0,0.0,-104256749.0,-104256749.0,-0.0,-2.441,normal
2018-02-05,EWY,74.3397,71.85,4281967354,57600000.0,0.0,0.0,-89420141.0,-89420140.0,1.0,-3.349,normal
2018-02-06,EWY,72.8955,74.66,4198779475,57600000.0,0.0,0.0,-83187878.0,-83187879.0,-1.0,2.421,normal
2018-02-07,EWY,71.492,71.19,4125087015,57700000.0,100000.0,7149198.0,-80841658.0,-73692460.0,0.0,-0.422,normal
2018-02-08,EWY,71.8378,68.93,4145041695,57700000.0,0.0,0.0,19954680.0,19954680.0,0.0,-4.048,normal
2018-02-09,EWY,70.1053,70.57,4027549887,57450000.0,-250000.0,-17526327.0,-99965481.0,-117491808.0,-0.0,0.663,normal
2018-02-12,EWY,71.36,71.5,4099634298,57450000.0,0.0,0.0,72084411.0,72084411.0,0.0,0.196,normal
2018-02-13,EWY,71.7375,71.76,4121317134,57450000.0,0.0,0.0,21682836.0,21682836.0,-0.0,0.031,normal
2018-02-14,EWY,73.0968,73.88,4199408805,57450000.0,0.0,0.0,78091670.0,78091671.0,1.0,1.071,normal
2018-02-15,EWY,73.0958,75.53,4199355663,57450000.0,0.0,0.0,-53141.0,-53142.0,-1.0,3.33,normal
2018-02-16,EWY,73.0949,75.74,4199303211,57450000.0,0.0,0.0,-52452.0,-52452.0,-0.0,3.619,normal
2018-02-20,EWY,73.1249,72.94,4222965054,57750000.0,300000.0,21937481.0,1724362.0,23661843.0,0.0,-0.253,normal
2018-02-21,EWY,73.416,72.75,4239775559,57750000.0,0.0,0.0,16810505.0,16810505.0,-0.0,-0.907,normal
2018-02-22,EWY,72.3386,72.73,4177552360,57750000.0,0.0,0.0,-62223199.0,-62223199.0,0.0,0.541,normal
2018-02-23,EWY,73.8592,74.28,4265366721,57750000.0,0.0,0.0,87814361.0,87814361.0,-0.0,0.57,normal
2018-02-26,EWY,74.455,75.12,4299773709,57750000.0,0.0,0.0,34406988.0,34406988.0,0.0,0.893,normal
2018-02-27,EWY,74.6707,73.06,4312235697,57750000.0,0.0,0.0,12461988.0,12461988.0,-0.0,-2.157,normal
2018-02-28,EWY,72.9807,72.09,4214632768,57750000.0,0.0,0.0,-97602929.0,-97602929.0,-0.0,-1.22,normal
2018-03-01,EWY,72.973,71.72,4214191385,57750000.0,0.0,0.0,-441383.0,-441383.0,0.0,-1.717,normal
2018-03-02,EWY,72.3464,72.3,4178001712,57750000.0,0.0,0.0,-36189673.0,-36189673.0,-0.0,-0.064,normal
2018-03-05,EWY,71.4631,71.95,4126994834,57750000.0,0.0,0.0,-51006879.0,-51006878.0,1.0,0.681,normal
2018-03-06,EWY,73.1016,74.49,4221618497,57750000.0,0.0,0.0,94623664.0,94623663.0,-1.0,1.899,normal
2018-03-07,EWY,73.3143,74.29,4197244706,57250000.0,-500000.0,-36657159.0,12283367.0,-24373791.0,1.0,1.331,normal
2018-03-08,EWY,74.2751,74.05,4252250391,57250000.0,0.0,0.0,55005685.0,55005685.0,-0.0,-0.303,normal
2018-03-09,EWY,74.9843,76.2,4292851690,57250000.0,0.0,0.0,40601299.0,40601299.0,-0.0,1.621,normal
2018-03-12,EWY,76.0934,76.2,4356347722,57250000.0,0.0,0.0,63496032.0,63496032.0,-0.0,0.14,normal
2018-03-13,EWY,76.4363,75.79,4375979034,57250000.0,0.0,0.0,19631311.0,19631312.0,1.0,-0.846,normal
2018-03-14,EWY,76.4048,76.41,4374172109,57250000.0,0.0,0.0,-1806924.0,-1806925.0,-1.0,0.007,normal
2018-03-15,EWY,76.4803,76.15,4378497633,57250000.0,0.0,0.0,4325524.0,4325524.0,0.0,-0.432,normal
2018-03-16,EWY,76.49,76.28,4379050782,57250000.0,0.0,0.0,553150.0,553149.0,-1.0,-0.275,normal
2018-03-19,EWY,75.4548,74.85,4319789075,57250000.0,0.0,0.0,-59261708.0,-59261707.0,1.0,-0.802,normal
2018-03-20,EWY,76.0926,75.85,4371521996,57450000.0,200000.0,15218527.0,36514393.0,51732921.0,0.0,-0.319,normal
2018-03-21,EWY,75.8114,76.49,4355362172,57450000.0,0.0,0.0,-16159823.0,-16159824.0,-1.0,0.895,normal
2018-03-22,EWY,76.1488,74.28,4374750398,57450000.0,0.0,0.0,19388226.0,19388226.0,0.0,-2.454,normal
2018-03-23,EWY,72.9445,71.83,4190662329,57450000.0,0.0,0.0,-184088069.0,-184088069.0,0.0,-1.528,normal
2018-03-26,EWY,73.6013,74.43,4228392789,57450000.0,0.0,0.0,37730460.0,37730460.0,0.0,1.126,normal
2018-03-27,EWY,74.6873,72.97,4290787855,57450000.0,0.0,0.0,62395066.0,62395066.0,-0.0,-2.299,normal
2018-03-28,EWY,73.5948,73.84,4228022926,57450000.0,0.0,0.0,-62764929.0,-62764929.0,0.0,0.333,normal
2018-03-29,EWY,74.5152,75.45,4280900481,57450000.0,0.0,0.0,52877554.0,52877555.0,1.0,1.254,normal
2018-04-02,EWY,75.1539,74.18,4317594370,57450000.0,0.0,0.0,36693890.0,36693889.0,-1.0,-1.296,normal
2018-04-03,EWY,75.1171,75.56,4315478257,57450000.0,0.0,0.0,-2116113.0,-2116113.0,0.0,0.59,normal
2018-04-04,EWY,73.6959,74.59,4233827387,57450000.0,0.0,0.0,-81650870.0,-81650870.0,-0.0,1.213,normal
2018-04-05,EWY,74.7346,74.73,4293501851,57450000.0,0.0,0.0,59674464.0,59674464.0,0.0,-0.006,normal
2018-04-06,EWY,73.7137,73.17,4234852352,57450000.0,0.0,0.0,-58649499.0,-58649499.0,-0.0,-0.738,normal
2018-04-09,EWY,74.289,73.88,4267900809,57450000.0,0.0,0.0,33048457.0,33048457.0,-0.0,-0.55,normal
2018-04-10,EWY,74.5067,74.7,4280407330,57450000.0,0.0,0.0,12506520.0,12506521.0,1.0,0.26,normal
2018-04-11,EWY,74.1967,74.18,4262597543,57450000.0,0.0,0.0,-17809787.0,-17809787.0,0.0,-0.022,normal
2018-04-12,EWY,74.0877,74.29,4256338825,57450000.0,0.0,0.0,-6258718.0,-6258718.0,-0.0,0.273,normal
2018-04-13,EWY,74.4728,74.34,4278464945,57450000.0,0.0,0.0,22126121.0,22126120.0,-1.0,-0.178,normal
2018-04-16,EWY,74.1924,74.62,4262356080,57450000.0,0.0,0.0,-16108865.0,-16108865.0,0.0,0.576,normal
2018-04-17,EWY,74.5567,74.95,4283282185,57450000.0,0.0,0.0,20926105.0,20926105.0,-0.0,0.527,normal
2018-04-18,EWY,75.4042,75.83,4331969796,57450000.0,0.0,0.0,48687611.0,48687611.0,-0.0,0.565,normal
2018-04-19,EWY,76.1638,75.39,4375607552,57450000.0,0.0,0.0,43637756.0,43637756.0,-0.0,-1.016,normal
2018-04-20,EWY,75.2275,74.52,4321817175,57450000.0,0.0,0.0,-53790378.0,-53790377.0,1.0,-0.94,normal
2018-04-23,EWY,75.0875,74.12,4313775496,57450000.0,0.0,0.0,-8041679.0,-8041679.0,-0.0,-1.288,normal
2018-04-24,EWY,74.1139,73.26,4257844876,57450000.0,0.0,0.0,-55930620.0,-55930620.0,-0.0,-1.152,normal
2018-04-25,EWY,73.4525,73.3,4219843942,57450000.0,0.0,0.0,-38000934.0,-38000934.0,0.0,-0.208,normal
2018-04-26,EWY,74.3354,75.2,4270566375,57450000.0,0.0,0.0,50722433.0,50722433.0,0.0,1.163,normal
2018-04-27,EWY,75.18,76.09,4319092666,57450000.0,0.0,0.0,48526292.0,48526291.0,-1.0,1.21,normal
2018-04-30,EWY,76.4289,75.6,4390837950,57450000.0,0.0,0.0,71745283.0,71745284.0,1.0,-1.085,normal
2018-05-01,EWY,76.0977,75.2,4371812233,57450000.0,0.0,0.0,-19025717.0,-19025717.0,-0.0,-1.18,normal
2018-05-02,EWY,75.2716,74.32,4324352041,57450000.0,0.0,0.0,-47460192.0,-47460192.0,-0.0,-1.264,normal
2018-05-03,EWY,74.5813,74.47,4284696260,57450000.0,0.0,0.0,-39655782.0,-39655781.0,1.0,-0.149,normal
2018-05-04,EWY,73.9644,74.32,4249252654,57450000.0,0.0,0.0,-35443605.0,-35443606.0,-1.0,0.481,normal
2018-05-07,EWY,73.9611,73.47,4249067263,57450000.0,0.0,0.0,-185391.0,-185391.0,0.0,-0.664,normal
2018-05-08,EWY,73.7401,73.35,4236370986,57450000.0,0.0,0.0,-12696278.0,-12696277.0,1.0,-0.529,normal
2018-05-09,EWY,73.2218,73.39,4206595168,57450000.0,0.0,0.0,-29775818.0,-29775818.0,-0.0,0.23,normal
2018-05-10,EWY,74.3758,75.0,4272890112,57450000.0,0.0,0.0,66294945.0,66294944.0,-1.0,0.839,normal
2018-05-11,EWY,74.9284,74.97,4304637154,57450000.0,0.0,0.0,31747042.0,31747042.0,-0.0,0.056,normal
2018-05-14,EWY,74.8084,74.5,4297744246,57450000.0,0.0,0.0,-6892908.0,-6892908.0,0.0,-0.412,normal
2018-05-15,EWY,73.7565,72.93,4237312074,57450000.0,0.0,0.0,-60432172.0,-60432172.0,0.0,-1.121,normal
2018-05-16,EWY,73.8267,73.65,4241343168,57450000.0,0.0,0.0,4031094.0,4031094.0,-0.0,-0.239,normal
2018-05-17,EWY,73.1833,73.11,4204380355,57450000.0,0.0,0.0,-36962813.0,-36962813.0,-0.0,-0.1,normal
2018-05-18,EWY,73.6367,72.99,4230427668,57450000.0,0.0,0.0,26047313.0,26047313.0,0.0,-0.878,normal
2018-05-21,EWY,73.3212,73.42,4212302768,57450000.0,0.0,0.0,-18124900.0,-18124900.0,0.0,0.135,normal
2018-05-22,EWY,73.3213,73.71,4212306962,57450000.0,0.0,0.0,4194.0,4194.0,0.0,0.53,normal
2018-05-23,EWY,74.0176,74.44,4252309511,57450000.0,0.0,0.0,40002550.0,40002549.0,-1.0,0.571,normal
2018-05-24,EWY,73.9661,73.48,4249354283,57450000.0,0.0,0.0,-2955228.0,-2955228.0,-0.0,-0.657,normal
2018-05-25,EWY,74.2345,74.12,4264774610,57450000.0,0.0,0.0,15420327.0,15420327.0,0.0,-0.154,normal
2018-05-29,EWY,73.8238,72.67,4241179953,57450000.0,0.0,0.0,-23594658.0,-23594657.0,1.0,-1.563,normal
2018-05-30,EWY,71.9109,72.52,4131283618,57450000.0,0.0,0.0,-109896335.0,-109896335.0,-0.0,0.847,normal
2018-05-31,EWY,72.4604,72.14,4162850267,57450000.0,0.0,0.0,31566649.0,31566649.0,-0.0,-0.442,normal
2018-06-01,EWY,73.1976,73.48,4205204820,57450000.0,0.0,0.0,42354553.0,42354553.0,0.0,0.386,normal
2018-06-04,EWY,73.7649,73.78,4237791839,57450000.0,0.0,0.0,32587019.0,32587019.0,0.0,0.021,normal
2018-06-05,EWY,74.0614,73.27,4254827143,57450000.0,0.0,0.0,17035304.0,17035304.0,0.0,-1.069,normal
2018-06-06,EWY,74.0606,74.5,4254780723,57450000.0,0.0,0.0,-46420.0,-46420.0,-0.0,0.593,normal
2018-06-07,EWY,74.7119,74.01,4292200608,57450000.0,0.0,0.0,37419885.0,37419885.0,-0.0,-0.94,normal
2018-06-08,EWY,73.6159,73.47,4229231272,57450000.0,0.0,0.0,-62969336.0,-62969336.0,0.0,-0.198,normal
2018-06-11,EWY,74.0631,73.8,4221598125,57000000.0,-450000.0,-33328406.0,25695259.0,-7633147.0,-0.0,-0.355,normal
2018-06-12,EWY,73.9674,73.1,4216144023,57000000.0,0.0,0.0,-5454102.0,-5454102.0,0.0,-1.173,normal
2018-06-13,EWY,73.9672,72.67,4216132281,57000000.0,0.0,0.0,-11742.0,-11742.0,0.0,-1.754,normal
2018-06-14,EWY,72.2919,71.73,4120638813,57000000.0,0.0,0.0,-95493468.0,-95493468.0,-0.0,-0.777,normal
2018-06-15,EWY,70.7647,70.2,4033589610,57000000.0,0.0,0.0,-87049203.0,-87049203.0,0.0,-0.798,normal
2018-06-18,EWY,69.5442,69.37,3964020597,57000000.0,0.0,0.0,-69569013.0,-69569013.0,0.0,-0.251,normal
2018-06-19,EWY,68.2626,67.87,3890967516,57000000.0,0.0,0.0,-73053081.0,-73053081.0,-0.0,-0.575,normal
2018-06-20,EWY,69.2279,68.37,3945992637,57000000.0,0.0,0.0,55025121.0,55025121.0,-0.0,-1.239,normal
2018-06-21,EWY,67.9645,67.08,3846793304,56600000.0,-400000.0,-27185818.0,-72013515.0,-99199333.0,0.0,-1.302,normal
2018-06-22,EWY,68.9486,68.08,3874910814,56200000.0,-400000.0,-27579436.0,55696947.0,28117510.0,-1.0,-1.26,normal
2018-06-25,EWY,68.4039,67.82,3827200835,55950000.0,-250000.0,-17100987.0,-30608993.0,-47709979.0,1.0,-0.854,normal
2018-06-26,EWY,68.3505,67.57,3803708052,55650000.0,-300000.0,-20505165.0,-2987618.0,-23492783.0,-0.0,-1.142,normal
2018-06-27,EWY,67.954,66.79,3781638152,55650000.0,0.0,0.0,-22069900.0,-22069900.0,-0.0,-1.713,normal
2018-06-28,EWY,66.843,66.88,3676366870,55000000.0,-650000.0,-43447972.0,-61823310.0,-105271282.0,0.0,0.055,normal
2018-06-29,EWY,67.8461,67.71,3721357598,54850000.0,-150000.0,-10176912.0,55167640.0,44990728.0,0.0,-0.201,normal
2018-07-02,EWY,65.9462,66.23,3617151593,54850000.0,0.0,0.0,-104206005.0,-104206005.0,-0.0,0.43,normal
2018-07-03,EWY,66.0752,65.74,3624222910,54850000.0,0.0,0.0,7071317.0,7071317.0,0.0,-0.507,normal
2018-07-05,EWY,65.7216,65.59,3604830199,54850000.0,0.0,0.0,-19392711.0,-19392711.0,0.0,-0.2,normal
2018-07-06,EWY,66.2575,66.16,3634223601,54850000.0,0.0,0.0,29393402.0,29393402.0,0.0,-0.147,normal
2018-07-09,EWY,66.989,67.12,3674344621,54850000.0,0.0,0.0,40121020.0,40121020.0,0.0,0.196,normal
2018-07-10,EWY,66.9151,67.02,3670291480,54850000.0,0.0,0.0,-4053141.0,-4053141.0,-0.0,0.157,normal
2018-07-11,EWY,66.1943,65.66,3630756258,54850000.0,0.0,0.0,-39535222.0,-39535222.0,-0.0,-0.807,normal
2018-07-12,EWY,65.8627,65.91,3612570795,54850000.0,0.0,0.0,-18185463.0,-18185463.0,-0.0,0.072,normal
2018-07-13,EWY,66.9348,66.2,3671372299,54850000.0,0.0,0.0,58801504.0,58801504.0,0.0,-1.098,normal
2018-07-16,EWY,66.3501,66.17,3639301998,54850000.0,0.0,0.0,-32070301.0,-32070301.0,0.0,-0.271,normal
2018-07-17,EWY,66.5021,66.51,3647637662,54850000.0,0.0,0.0,8335664.0,8335664.0,-0.0,0.012,normal
2018-07-18,EWY,65.9292,66.19,3616218430,54850000.0,0.0,0.0,-31419232.0,-31419232.0,-0.0,0.396,normal
2018-07-19,EWY,65.6613,65.26,3601523402,54850000.0,0.0,0.0,-14695028.0,-14695028.0,0.0,-0.611,normal
2018-07-20,EWY,65.8076,66.33,3609547628,54850000.0,0.0,0.0,8024226.0,8024226.0,0.0,0.794,normal
2018-07-23,EWY,65.3622,64.98,3585116780,54850000.0,0.0,0.0,-24430848.0,-24430848.0,0.0,-0.585,normal
2018-07-24,EWY,65.3191,65.96,3582754171,54850000.0,0.0,0.0,-2362609.0,-2362609.0,-0.0,0.981,normal
2018-07-25,EWY,65.6205,66.72,3599286125,54850000.0,0.0,0.0,16531955.0,16531954.0,-1.0,1.675,normal
2018-07-26,EWY,66.4644,66.27,3645574534,54850000.0,0.0,0.0,46288409.0,46288409.0,0.0,-0.293,normal
2018-07-27,EWY,66.7026,66.58,3658637391,54850000.0,0.0,0.0,13062857.0,13062857.0,0.0,-0.184,normal
2018-07-30,EWY,66.4941,66.56,3647202317,54850000.0,0.0,0.0,-11435073.0,-11435074.0,-1.0,0.099,normal
2018-07-31,EWY,66.6401,67.26,3651877535,54800000.0,-50000.0,-3332005.0,8007222.0,4675218.0,1.0,0.93,normal
2018-08-01,EWY,66.848,66.82,3663269742,54800000.0,0.0,0.0,11392208.0,11392207.0,-1.0,-0.042,normal
2018-08-02,EWY,65.338,65.36,3580521194,54800000.0,0.0,0.0,-82748548.0,-82748548.0,-0.0,0.034,normal
2018-08-03,EWY,65.7224,65.96,3601588397,54800000.0,0.0,0.0,21067202.0,21067203.0,1.0,0.361,normal
2018-08-06,EWY,65.8016,65.67,3605928228,54800000.0,0.0,0.0,4339831.0,4339831.0,-0.0,-0.2,normal
2018-08-07,EWY,66.3318,66.8,3634981106,54800000.0,0.0,0.0,29052878.0,29052878.0,0.0,0.706,normal
2018-08-08,EWY,66.5597,66.68,3843823599,57750000.0,2950000.0,196351162.0,12491331.0,208842493.0,-0.0,0.181,normal
2018-08-09,EWY,66.8159,66.4,3858616550,57750000.0,0.0,0.0,14792951.0,14792951.0,-0.0,-0.622,normal
2018-08-10,EWY,65.3153,64.71,3771960654,57750000.0,0.0,0.0,-86655896.0,-86655896.0,0.0,-0.927,normal
2018-08-13,EWY,64.1297,63.72,3703487403,57750000.0,0.0,0.0,-68473251.0,-68473251.0,0.0,-0.639,normal
2018-08-14,EWY,64.7041,64.74,3736660562,57750000.0,0.0,0.0,33173159.0,33173159.0,-0.0,0.056,normal
2018-08-15,EWY,64.7055,63.3,3736740662,57750000.0,0.0,0.0,80099.0,80100.0,1.0,-2.172,normal
2018-08-16,EWY,63.9501,63.93,3693117698,57750000.0,0.0,0.0,-43622964.0,-43622964.0,-0.0,-0.031,normal
2018-08-17,EWY,64.3769,64.63,3717767419,57750000.0,0.0,0.0,24649721.0,24649721.0,-0.0,0.393,normal
2018-08-20,EWY,64.4466,64.65,3721789302,57750000.0,0.0,0.0,4021883.0,4021883.0,-0.0,0.316,normal
2018-08-21,EWY,65.4849,65.87,3781751242,57750000.0,0.0,0.0,59961941.0,59961940.0,-1.0,0.588,normal
2018-08-22,EWY,65.6861,66.02,3793371755,57750000.0,0.0,0.0,11620513.0,11620513.0,0.0,0.508,normal
2018-08-23,EWY,65.8369,65.25,3802082996,57750000.0,0.0,0.0,8711241.0,8711241.0,0.0,-0.891,normal
2018-08-24,EWY,66.2525,66.77,3826080662,57750000.0,0.0,0.0,23997666.0,23997666.0,0.0,0.781,normal
2018-08-27,EWY,66.9032,67.46,3863661764,57750000.0,0.0,0.0,37581101.0,37581102.0,1.0,0.832,normal
2018-08-28,EWY,67.1997,67.39,3880784061,57750000.0,0.0,0.0,17122298.0,17122297.0,-1.0,0.283,normal
2018-08-29,EWY,67.372,67.43,3890731787,57750000.0,0.0,0.0,9947726.0,9947726.0,-0.0,0.086,normal
2018-08-30,EWY,67.4093,66.76,3892888057,57750000.0,0.0,0.0,2156270.0,2156270.0,0.0,-0.963,normal
2018-08-31,EWY,67.6515,67.32,3906874240,57750000.0,0.0,0.0,13986184.0,13986183.0,-1.0,-0.49,normal
2018-09-04,EWY,67.3062,66.76,3886930856,57750000.0,0.0,0.0,-19943385.0,-19943384.0,1.0,-0.811,normal
2018-09-05,EWY,66.0517,65.86,3814484982,57750000.0,0.0,0.0,-72445874.0,-72445874.0,-0.0,-0.29,normal
2018-09-06,EWY,65.7584,65.6,3797547484,57750000.0,0.0,0.0,-16937497.0,-16937498.0,-1.0,-0.241,normal
2018-09-07,EWY,65.5749,64.9,3786949551,57750000.0,0.0,0.0,-10597934.0,-10597933.0,1.0,-1.029,normal
2018-09-10,EWY,65.4051,65.0,3777147066,57750000.0,0.0,0.0,-9802485.0,-9802485.0,-0.0,-0.619,normal
2018-09-11,EWY,65.2302,65.4,3767043357,57750000.0,0.0,0.0,-10103709.0,-10103709.0,0.0,0.26,normal
2018-09-12,EWY,65.0494,65.61,3756605044,57750000.0,0.0,0.0,-10438313.0,-10438313.0,-0.0,0.862,normal
2018-09-13,EWY,65.4515,66.24,3779823721,57750000.0,0.0,0.0,23218676.0,23218677.0,1.0,1.205,normal
2018-09-14,EWY,66.8749,66.62,3882090093,58050000.0,300000.0,20062481.0,82203891.0,102266372.0,-0.0,-0.381,normal
2018-09-17,EWY,65.8319,65.63,3821542259,58050000.0,0.0,0.0,-60547833.0,-60547834.0,-1.0,-0.307,normal
2018-09-18,EWY,66.2017,66.56,3843007698,58050000.0,0.0,0.0,21465439.0,21465439.0,0.0,0.541,normal
2018-09-19,EWY,66.4947,66.6,3860018960,58050000.0,0.0,0.0,17011262.0,17011262.0,-0.0,0.158,normal
2018-09-20,EWY,67.0163,67.65,3890297608,58050000.0,0.0,0.0,30278648.0,30278648.0,0.0,0.946,normal
2018-09-21,EWY,67.743,67.88,3932482485,58050000.0,0.0,0.0,42184877.0,42184877.0,0.0,0.202,normal
2018-09-24,EWY,67.7403,67.47,3932325634,58050000.0,0.0,0.0,-156851.0,-156851.0,0.0,-0.399,normal
2018-09-25,EWY,67.7408,67.85,3932354427,58050000.0,0.0,0.0,28793.0,28793.0,0.0,0.161,normal
2018-09-26,EWY,67.7402,67.92,3932321396,58050000.0,0.0,0.0,-33030.0,-33031.0,-1.0,0.265,normal
2018-09-27,EWY,68.4851,68.52,3975560229,58050000.0,0.0,0.0,43238833.0,43238833.0,0.0,0.051,normal
2018-09-28,EWY,68.2361,68.27,3961108217,58050000.0,0.0,0.0,-14452012.0,-14452012.0,-0.0,0.05,normal
2018-10-01,EWY,68.0848,67.95,3952320086,58050000.0,0.0,0.0,-8788131.0,-8788131.0,0.0,-0.198,normal
2018-10-02,EWY,66.6974,66.89,3871783896,58050000.0,0.0,0.0,-80536190.0,-80536190.0,-0.0,0.289,normal
2018-10-03,EWY,66.6968,66.15,3871751794,58050000.0,0.0,0.0,-32102.0,-32102.0,-0.0,-0.82,normal
2018-10-04,EWY,64.9292,64.34,3769139363,58050000.0,0.0,0.0,-102612431.0,-102612431.0,-0.0,-0.907,normal
2018-10-05,EWY,64.7436,64.37,3758368534,58050000.0,0.0,0.0,-10770829.0,-10770829.0,0.0,-0.577,normal
2018-10-08,EWY,64.2167,64.21,3727779377,58050000.0,0.0,0.0,-30589157.0,-30589157.0,0.0,-0.01,normal
2018-10-09,EWY,64.2169,63.91,3727790465,58050000.0,0.0,0.0,11088.0,11088.0,0.0,-0.478,normal
2018-10-10,EWY,63.6803,62.02,3696644201,58050000.0,0.0,0.0,-31146263.0,-31146264.0,-1.0,-2.607,normal
2018-10-11,EWY,60.3439,60.71,3502965136,58050000.0,0.0,0.0,-193679065.0,-193679065.0,-0.0,0.607,normal
2018-10-12,EWY,62.1011,62.1,3604971467,58050000.0,0.0,0.0,102006331.0,102006331.0,0.0,-0.002,normal
2018-10-15,EWY,61.3989,61.42,3564204171,58050000.0,0.0,0.0,-40767296.0,-40767296.0,-0.0,0.034,normal
2018-10-16,EWY,61.6957,62.64,3581433702,58050000.0,0.0,0.0,17229530.0,17229531.0,1.0,1.531,normal
2018-10-17,EWY,62.4519,62.25,3634702384,58200000.0,150000.0,9367790.0,43900893.0,53268682.0,-1.0,-0.323,normal
2018-10-18,EWY,61.2826,60.6,3566647902,58200000.0,0.0,0.0,-68054482.0,-68054482.0,0.0,-1.114,normal
2018-10-19,EWY,61.7466,61.46,3593652353,58200000.0,0.0,0.0,27004451.0,27004451.0,0.0,-0.464,normal
2018-10-22,EWY,62.1759,61.54,3618637089,58200000.0,0.0,0.0,24984736.0,24984736.0,-0.0,-1.023,normal
2018-10-23,EWY,60.1067,60.43,3498212326,58200000.0,0.0,0.0,-120424763.0,-120424763.0,-0.0,0.538,normal
2018-10-24,EWY,60.1421,58.41,3500271733,58200000.0,0.0,0.0,2059407.0,2059407.0,0.0,-2.88,normal
2018-10-25,EWY,58.8122,59.34,3422868469,58200000.0,0.0,0.0,-77403265.0,-77403264.0,1.0,0.897,normal
2018-10-26,EWY,57.7217,57.69,3359405210,58200000.0,0.0,0.0,-63463259.0,-63463259.0,-0.0,-0.055,normal
2018-10-29,EWY,57.2112,56.85,3329689163,58200000.0,0.0,0.0,-29716047.0,-29716047.0,-0.0,-0.631,normal
2018-10-30,EWY,57.7478,58.02,3360921553,58200000.0,0.0,0.0,31232390.0,31232390.0,0.0,0.471,normal
2018-10-31,EWY,58.085,58.27,3380548921,58200000.0,0.0,0.0,19627368.0,19627368.0,-0.0,0.318,normal
2018-11-01,EWY,57.9038,59.51,3375788916,58300000.0,100000.0,5790376.0,-10550380.0,-4760005.0,-1.0,2.774,normal
2018-11-02,EWY,60.9248,60.78,3591515840,58950000.0,650000.0,39601108.0,176125816.0,215726924.0,1.0,-0.238,normal
2018-11-05,EWY,60.2526,60.51,3551888176,58950000.0,0.0,0.0,-39627664.0,-39627664.0,-0.0,0.427,normal
2018-11-06,EWY,60.5455,61.05,3569157343,58950000.0,0.0,0.0,17269167.0,17269167.0,0.0,0.833,normal
2018-11-07,EWY,60.3725,61.95,3595180053,59550000.0,600000.0,36223477.0,-10200767.0,26022710.0,0.0,2.613,normal
2018-11-08,EWY,61.0416,60.7,3754059200,61500000.0,1950000.0,119031145.0,39848002.0,158879147.0,0.0,-0.56,normal
2018-11-09,EWY,60.1625,59.39,3699990798,61500000.0,0.0,0.0,-54068401.0,-54068402.0,-1.0,-1.284,normal
2018-11-12,EWY,59.7251,58.52,3673091682,61500000.0,0.0,0.0,-26899116.0,-26899116.0,0.0,-2.018,normal
2018-11-13,EWY,59.3715,59.35,3651348788,61500000.0,0.0,0.0,-21742895.0,-21742894.0,1.0,-0.036,normal
2018-11-14,EWY,59.1149,59.12,3635566965,61500000.0,0.0,0.0,-15781822.0,-15781823.0,-1.0,0.009,normal
2018-11-15,EWY,60.0008,60.62,3690049815,61500000.0,0.0,0.0,54482850.0,54482850.0,0.0,1.032,normal
2018-11-16,EWY,60.0802,60.84,3694931070,61500000.0,0.0,0.0,4881255.0,4881255.0,0.0,1.265,normal
2018-11-19,EWY,60.2764,59.95,3706997924,61500000.0,0.0,0.0,12066854.0,12066854.0,0.0,-0.541,normal
2018-11-20,EWY,59.7121,58.9,3672293104,61500000.0,0.0,0.0,-34704819.0,-34704820.0,-1.0,-1.36,normal
2018-11-21,EWY,59.1317,59.68,3636601149,61500000.0,0.0,0.0,-35691955.0,-35691955.0,0.0,0.927,normal
2018-11-23,EWY,58.7209,58.61,3611335719,61500000.0,0.0,0.0,-25265430.0,-25265430.0,0.0,-0.189,normal
2018-11-26,EWY,59.5809,60.23,3664228056,61500000.0,0.0,0.0,52892337.0,52892337.0,-0.0,1.089,normal
2018-11-27,EWY,60.1315,60.56,3746193135,62300000.0,800000.0,48105209.0,33859871.0,81965079.0,-0.0,0.713,normal
2018-11-28,EWY,60.5375,61.86,3771485129,62300000.0,0.0,0.0,25291993.0,25291994.0,1.0,2.185,normal
2018-11-29,EWY,61.0914,61.24,3867088089,63300000.0,1000000.0,61091439.0,34511521.0,95602960.0,-0.0,0.243,normal
2018-11-30,EWY,60.3972,60.62,3838243267,63550000.0,250000.0,15099305.0,-43944126.0,-28844822.0,-1.0,0.369,normal
2018-12-03,EWY,62.0683,62.3,3944441482,63550000.0,0.0,0.0,106198214.0,106198215.0,1.0,0.373,normal
2018-12-04,EWY,61.799,60.76,3927327086,63550000.0,0.0,0.0,-17114396.0,-17114396.0,0.0,-1.681,normal
2018-12-06,EWY,59.6186,60.29,3788762602,63550000.0,0.0,0.0,-138564484.0,-138564484.0,-0.0,1.126,normal
2018-12-07,EWY,59.9155,58.98,3837585021,64050000.0,500000.0,29957728.0,18864690.0,48822419.0,0.0,-1.561,normal
2018-12-10,EWY,58.9001,59.04,3772552238,64050000.0,0.0,0.0,-65032783.0,-65032783.0,0.0,0.237,normal
2018-12-11,EWY,58.5409,58.95,3772962487,64450000.0,400000.0,23416369.0,-23006119.0,410249.0,-1.0,0.699,normal
2018-12-12,EWY,59.5612,59.97,3907214720,65600000.0,1150000.0,68495380.0,65756853.0,134252233.0,0.0,0.686,normal
2018-12-13,EWY,60.1089,59.83,4003253073,66600000.0,1000000.0,60108905.0,35929448.0,96038353.0,-0.0,-0.464,normal
2018-12-14,EWY,58.8168,58.72,3917197015,66600000.0,0.0,0.0,-86056058.0,-86056058.0,-0.0,-0.165,normal
2018-12-17,EWY,58.904,58.39,3923004602,66600000.0,0.0,0.0,5807587.0,5807587.0,0.0,-0.873,normal
2018-12-18,EWY,58.0168,58.41,3875524177,66800000.0,200000.0,11603366.0,-59083790.0,-47480425.0,-0.0,0.678,normal
2018-12-19,EWY,58.8556,57.74,4011011253,68150000.0,1350000.0,79455102.0,56031974.0,135487076.0,1.0,-1.895,normal
2018-12-20,EWY,58.0781,58.25,3958024832,68150000.0,0.0,0.0,-52986421.0,-52986421.0,-0.0,0.296,normal
2018-12-21,EWY,58.4342,57.94,4137144404,70800000.0,2650000.0,154850744.0,24268828.0,179119572.0,-0.0,-0.846,normal
2018-12-24,EWY,58.1179,57.49,4114747249,70800000.0,0.0,0.0,-22397155.0,-22397155.0,0.0,-1.08,normal
2018-12-26,EWY,57.4415,58.56,4066857492,70800000.0,0.0,0.0,-47889757.0,-47889757.0,0.0,1.947,normal
2018-12-27,EWY,58.3377,58.68,4130311142,70800000.0,0.0,0.0,63453650.0,63453650.0,-0.0,0.587,normal
2018-12-28,EWY,58.8641,59.17,4188178580,71150000.0,350000.0,20602424.0,37265014.0,57867438.0,-0.0,0.52,normal
2018-12-31,EWY,58.8588,58.86,4187805612,71150000.0,0.0,0.0,-372968.0,-372968.0,0.0,0.002,normal
2019-01-02,EWY,57.7217,58.07,4124212393,71450000.0,300000.0,17316497.0,-80909717.0,-63593219.0,1.0,0.604,normal
2019-01-03,EWY,56.7799,56.82,4113707088,72450000.0,1000000.0,56779946.0,-67285251.0,-10505305.0,-0.0,0.07,normal
2019-01-04,EWY,57.3932,58.62,4181093600,72850000.0,400000.0,22957274.0,44429238.0,67386512.0,-0.0,2.138,normal
2019-01-07,EWY,58.4897,58.84,4287291785,73300000.0,450000.0,26320345.0,79877839.0,106198185.0,0.0,0.599,normal
2019-01-08,EWY,57.7813,58.18,4252701325,73600000.0,300000.0,17334380.0,-51924840.0,-34590460.0,-0.0,0.69,normal
2019-01-09,EWY,59.2019,59.66,4380940082,74000000.0,400000.0,23680757.0,104558000.0,128238757.0,-0.0,0.774,normal
2019-01-10,EWY,59.3992,59.9,4401478349,74100000.0,100000.0,5939917.0,14598350.0,20538267.0,0.0,0.843,normal
2019-01-11,EWY,59.8243,59.85,4492802302,75100000.0,1000000.0,59824265.0,31499688.0,91323953.0,0.0,0.043,normal
2019-01-14,EWY,58.9377,59.17,4426219017,75100000.0,0.0,0.0,-66583284.0,-66583285.0,-1.0,0.394,normal
2019-01-15,EWY,60.2178,60.01,4522354302,75100000.0,0.0,0.0,96135285.0,96135285.0,0.0,-0.345,normal
2019-01-16,EWY,60.5809,61.02,4549628744,75100000.0,0.0,0.0,27274442.0,27274442.0,-0.0,0.725,normal
2019-01-17,EWY,60.5954,61.13,4614338415,76150000.0,1050000.0,63625152.0,1084519.0,64709671.0,-0.0,0.882,normal
2019-01-18,EWY,61.0699,61.45,4690166016,76800000.0,650000.0,39695416.0,36132185.0,75827601.0,0.0,0.623,normal
2019-01-22,EWY,60.3404,60.13,4634142797,76800000.0,0.0,0.0,-56023219.0,-56023219.0,0.0,-0.349,normal
2019-01-23,EWY,60.7087,60.96,4668499953,76900000.0,100000.0,6070871.0,28286285.0,34357156.0,0.0,0.414,normal
2019-01-24,EWY,61.2729,61.69,4721076174,77050000.0,150000.0,9190934.0,43385288.0,52576221.0,-1.0,0.681,normal
2019-01-25,EWY,62.7212,63.46,4851481649,77350000.0,300000.0,18816348.0,111589126.0,130405475.0,1.0,1.178,normal
2019-01-28,EWY,62.8121,62.92,4867939455,77500000.0,150000.0,9421818.0,7035988.0,16457806.0,-0.0,0.172,normal
2019-01-29,EWY,63.2816,63.26,4904320280,77500000.0,0.0,0.0,36380825.0,36380825.0,0.0,-0.034,normal
2019-01-30,EWY,64.1563,65.16,4978527406,77600000.0,100000.0,6415628.0,67791498.0,74207126.0,0.0,1.565,normal
2019-01-31,EWY,64.254,64.72,5018240212,78100000.0,500000.0,32127018.0,7585788.0,39712806.0,0.0,0.725,normal
2019-02-01,EWY,63.8331,64.04,4985363001,78100000.0,0.0,0.0,-32877210.0,-32877211.0,-1.0,0.324,normal
2019-02-04,EWY,63.851,64.25,4986765599,78100000.0,0.0,0.0,1402598.0,1402598.0,0.0,0.625,normal
2019-02-05,EWY,63.8509,65.24,4986757242,78100000.0,0.0,0.0,-8357.0,-8357.0,-0.0,2.175,normal
2019-02-06,EWY,63.8502,64.64,4986702885,78100000.0,0.0,0.0,-54358.0,-54357.0,1.0,1.237,normal
2019-02-07,EWY,63.5114,63.46,5001522435,78750000.0,650000.0,41282407.0,-26462857.0,14819550.0,-0.0,-0.081,normal
2019-02-08,EWY,62.5645,62.67,4926954690,78750000.0,0.0,0.0,-74567745.0,-74567745.0,-0.0,0.169,normal
2019-02-11,EWY,62.6658,62.75,4944334618,78900000.0,150000.0,9399876.0,7980053.0,17379928.0,-0.0,0.134,normal
2019-02-12,EWY,63.024,63.52,4972590838,78900000.0,0.0,0.0,28256220.0,28256220.0,-0.0,0.787,normal
2019-02-13,EWY,63.423,63.16,5054812383,79700000.0,800000.0,50738393.0,31483151.0,82221545.0,1.0,-0.415,normal
2019-02-14,EWY,63.9784,63.55,5099078719,79700000.0,0.0,0.0,44266336.0,44266336.0,-0.0,-0.67,normal
2019-02-15,EWY,62.7747,63.41,5003147336,79700000.0,0.0,0.0,-95931383.0,-95931383.0,0.0,1.012,normal
2019-02-19,EWY,63.0099,63.65,5021889588,79700000.0,0.0,0.0,18742252.0,18742252.0,-0.0,1.016,normal
2019-02-20,EWY,64.0957,64.17,5134063247,80100000.0,400000.0,25638268.0,86535391.0,112173659.0,-0.0,0.116,normal
2019-02-21,EWY,64.011,63.87,5127279498,80100000.0,0.0,0.0,-6783749.0,-6783749.0,0.0,-0.22,normal
2019-02-22,EWY,64.0246,64.48,5128370220,80100000.0,0.0,0.0,1090722.0,1090722.0,0.0,0.711,normal
2019-02-25,EWY,64.3294,64.69,5152785901,80100000.0,0.0,0.0,24415682.0,24415681.0,-1.0,0.56,normal
2019-02-26,EWY,64.2745,64.5,5148384727,80100000.0,0.0,0.0,-4401175.0,-4401174.0,1.0,0.351,normal
2019-02-27,EWY,64.4182,64.35,5159900143,80100000.0,0.0,0.0,11515416.0,11515416.0,-0.0,-0.106,normal
2019-02-28,EWY,63.1679,62.97,5059752234,80100000.0,0.0,0.0,-100147909.0,-100147909.0,-0.0,-0.313,normal
2019-03-01,EWY,63.1662,63.05,5059614062,80100000.0,0.0,0.0,-138173.0,-138172.0,1.0,-0.184,normal
2019-03-04,EWY,62.8304,62.55,5032718725,80100000.0,0.0,0.0,-26895337.0,-26895337.0,0.0,-0.446,normal
2019-03-05,EWY,62.3766,62.4,4996363738,80100000.0,0.0,0.0,-36354987.0,-36354987.0,0.0,0.038,normal
2019-03-06,EWY,62.0769,62.13,4972358969,80100000.0,0.0,0.0,-24004768.0,-24004769.0,-1.0,0.086,normal
2019-03-07,EWY,61.8343,61.09,4952926309,80100000.0,0.0,0.0,-19432661.0,-19432660.0,1.0,-1.204,normal
2019-03-08,EWY,60.5395,60.69,4861318879,80300000.0,200000.0,12107893.0,-103715322.0,-91607430.0,-0.0,0.249,normal
2019-03-11,EWY,60.7582,61.29,4878883862,80300000.0,0.0,0.0,17564983.0,17564983.0,0.0,0.875,normal
2019-03-12,EWY,61.5837,61.64,4945168540,80300000.0,0.0,0.0,66284679.0,66284678.0,-1.0,0.091,normal
2019-03-13,EWY,61.0615,61.24,4903235640,80300000.0,0.0,0.0,-41932901.0,-41932900.0,1.0,0.292,normal
2019-03-14,EWY,61.0112,60.85,4899201528,80300000.0,0.0,0.0,-4034111.0,-4034112.0,-1.0,-0.264,normal
2019-03-15,EWY,61.5828,62.01,4945099322,80300000.0,0.0,0.0,45897794.0,45897794.0,0.0,0.694,normal
2019-03-18,EWY,61.91,62.19,4971372518,80300000.0,0.0,0.0,26273196.0,26273196.0,-0.0,0.452,normal
2019-03-19,EWY,61.9468,62.05,4974328763,80300000.0,0.0,0.0,2956245.0,2956245.0,0.0,0.167,normal
2019-03-20,EWY,62.0119,62.33,4979557256,80300000.0,0.0,0.0,5228494.0,5228493.0,-1.0,0.513,normal
2019-03-21,EWY,62.672,62.88,5032563848,80300000.0,0.0,0.0,53006592.0,53006592.0,-0.0,0.332,normal
2019-03-22,EWY,62.675,61.22,5032800894,80300000.0,0.0,0.0,237046.0,237046.0,0.0,-2.321,normal
2019-03-25,EWY,61.1323,61.25,4908926340,80300000.0,0.0,0.0,-123874554.0,-123874554.0,0.0,0.193,normal
2019-03-26,EWY,61.226,61.03,4916445552,80300000.0,0.0,0.0,7519212.0,7519212.0,0.0,-0.32,normal
2019-03-27,EWY,61.0018,60.36,4898442131,80300000.0,0.0,0.0,-18003421.0,-18003421.0,-0.0,-1.052,normal
2019-03-28,EWY,60.5544,60.68,4862520568,80300000.0,0.0,0.0,-35921563.0,-35921563.0,-0.0,0.207,normal
2019-03-29,EWY,61.0507,60.95,4902368400,80300000.0,0.0,0.0,39847831.0,39847832.0,1.0,-0.165,normal
2019-04-01,EWY,61.9634,62.15,4975664955,80300000.0,0.0,0.0,73296555.0,73296555.0,-0.0,0.301,normal
2019-04-02,EWY,62.1391,62.0,4989768365,80300000.0,0.0,0.0,14103410.0,14103410.0,-0.0,-0.224,normal
2019-04-03,EWY,63.1458,63.16,5070607820,80300000.0,0.0,0.0,80839455.0,80839455.0,-0.0,0.022,normal
2019-04-04,EWY,63.1202,63.28,5068552863,80300000.0,0.0,0.0,-2054957.0,-2054957.0,0.0,0.253,normal
2019-04-05,EWY,63.2126,63.43,5075969933,80300000.0,0.0,0.0,7417070.0,7417070.0,-0.0,0.344,normal
2019-04-08,EWY,62.7718,63.03,5040577226,80300000.0,0.0,0.0,-35392707.0,-35392707.0,-0.0,0.411,normal
2019-04-09,EWY,62.9939,63.02,5058411856,80300000.0,0.0,0.0,17834630.0,17834630.0,0.0,0.041,normal
2019-04-10,EWY,63.4517,63.49,5095172152,80300000.0,0.0,0.0,36760296.0,36760296.0,-0.0,0.06,normal
2019-04-11,EWY,63.3072,63.07,5083569043,80300000.0,0.0,0.0,-11603109.0,-11603109.0,0.0,-0.375,normal
2019-04-12,EWY,63.4678,63.95,5096461851,80300000.0,0.0,0.0,12892807.0,12892808.0,1.0,0.76,normal
2019-04-15,EWY,64.0169,63.89,5140559318,80300000.0,0.0,0.0,44097468.0,44097467.0,-1.0,-0.198,normal
2019-04-16,EWY,64.1732,64.16,5153109646,80300000.0,0.0,0.0,12550328.0,12550328.0,0.0,-0.021,normal
2019-04-17,EWY,64.1673,64.3,5152631058,80300000.0,0.0,0.0,-478588.0,-478588.0,0.0,0.207,normal
2019-04-18,EWY,63.0955,63.29,5066566883,80300000.0,0.0,0.0,-86064175.0,-86064175.0,-0.0,0.308,normal
2019-04-22,EWY,62.8877,62.98,5049881668,80300000.0,0.0,0.0,-16685216.0,-16685215.0,1.0,0.147,normal
2019-04-23,EWY,63.0805,63.22,5065366960,80300000.0,0.0,0.0,15485293.0,15485292.0,-1.0,0.221,normal
2019-04-24,EWY,62.0088,61.59,4979308888,80300000.0,0.0,0.0,-86058072.0,-86058072.0,0.0,-0.675,normal
2019-04-25,EWY,61.289,61.26,4921509992,80300000.0,0.0,0.0,-57798896.0,-57798896.0,0.0,-0.047,normal
2019-04-26,EWY,60.9055,61.13,4890709402,80300000.0,0.0,0.0,-30800591.0,-30800590.0,1.0,0.369,normal
2019-04-29,EWY,62.1806,62.07,4993100413,80300000.0,0.0,0.0,102391012.0,102391011.0,-1.0,-0.178,normal
2019-04-30,EWY,61.2851,61.48,4921196260,80300000.0,0.0,0.0,-71904153.0,-71904153.0,0.0,0.318,normal
2019-05-01,EWY,61.277,61.0,4920545509,80300000.0,0.0,0.0,-650751.0,-650751.0,0.0,-0.452,normal
2019-05-02,EWY,61.6478,61.42,4950319143,80300000.0,0.0,0.0,29773634.0,29773634.0,0.0,-0.369,normal
2019-05-03,EWY,60.9218,61.44,4892022146,80300000.0,0.0,0.0,-58296997.0,-58296997.0,0.0,0.851,normal
2019-05-06,EWY,60.919,60.37,4891793130,80300000.0,0.0,0.0,-229016.0,-229016.0,-0.0,-0.901,normal
2019-05-07,EWY,60.591,59.3,4865456015,80300000.0,0.0,0.0,-26337115.0,-26337115.0,0.0,-2.131,normal
2019-05-08,EWY,60.1191,59.44,4827564051,80300000.0,0.0,0.0,-37891964.0,-37891964.0,-0.0,-1.13,normal
2019-05-09,EWY,57.6107,57.56,4626141298,80300000.0,0.0,0.0,-201422753.0,-201422753.0,0.0,-0.088,normal
2019-05-10,EWY,57.9096,57.75,4650142647,80300000.0,0.0,0.0,24001349.0,24001349.0,0.0,-0.276,normal
2019-05-13,EWY,56.6741,55.61,4550929588,80300000.0,0.0,0.0,-99213059.0,-99213059.0,-0.0,-1.878,normal
2019-05-14,EWY,56.5468,56.47,4464368597,78950000.0,-1350000.0,-76338158.0,-10222832.0,-86560991.0,-0.0,-0.136,normal
2019-05-15,EWY,56.8758,56.76,4490340620,78950000.0,0.0,0.0,25972024.0,25972023.0,-1.0,-0.203,normal
2019-05-16,EWY,55.9794,55.97,4419570946,78950000.0,0.0,0.0,-70769675.0,-70769674.0,1.0,-0.017,normal
2019-05-17,EWY,55.4537,55.27,4344800529,78350000.0,-600000.0,-33272244.0,-41498173.0,-74770417.0,-0.0,-0.331,normal
2019-05-20,EWY,55.6066,55.07,4356775151,78350000.0,0.0,0.0,11974622.0,11974622.0,-0.0,-0.965,normal
2019-05-21,EWY,55.7944,55.78,4371494922,78350000.0,0.0,0.0,14719771.0,14719771.0,-0.0,-0.026,normal
2019-05-22,EWY,55.9445,55.89,4383250635,78350000.0,0.0,0.0,11755712.0,11755713.0,1.0,-0.097,normal
2019-05-23,EWY,56.0339,55.36,4390252539,78350000.0,0.0,0.0,7001904.0,7001904.0,-0.0,-1.203,normal
2019-05-24,EWY,55.6955,55.41,4308048240,77350000.0,-1000000.0,-55695517.0,-26508782.0,-82204299.0,0.0,-0.513,normal
2019-05-28,EWY,55.8838,55.46,4322611853,77350000.0,0.0,0.0,14563613.0,14563613.0,0.0,-0.758,normal
2019-05-29,EWY,54.8318,54.92,4222049909,77000000.0,-350000.0,-19191136.0,-81370808.0,-100561944.0,-0.0,0.161,normal
2019-05-30,EWY,55.5942,55.59,4280753862,77000000.0,0.0,0.0,58703953.0,58703953.0,0.0,-0.008,normal
2019-05-31,EWY,55.5678,55.57,4278723757,77000000.0,0.0,0.0,-2030105.0,-2030105.0,-0.0,0.004,normal
2019-06-03,EWY,56.8542,56.62,4377773631,77000000.0,0.0,0.0,99049874.0,99049874.0,0.0,-0.412,normal
2019-06-04,EWY,56.6907,57.02,4351008308,76750000.0,-250000.0,-14172666.0,-12592657.0,-26765323.0,-1.0,0.581,normal
2019-06-05,EWY,56.8978,56.45,4332768308,76150000.0,-600000.0,-34138687.0,15898686.0,-18240000.0,1.0,-0.787,normal
2019-06-06,EWY,56.8971,56.45,4309954795,75750000.0,-400000.0,-22758837.0,-54676.0,-22813513.0,-0.0,-0.786,normal
2019-06-07,EWY,56.8137,56.96,4292273675,75550000.0,-200000.0,-11362736.0,-6318383.0,-17681120.0,-0.0,0.258,normal
2019-06-10,EWY,57.4417,57.48,4313872346,75100000.0,-450000.0,-25848769.0,47447440.0,21598671.0,0.0,0.067,normal
2019-06-11,EWY,57.9123,57.96,4349212078,75100000.0,0.0,0.0,35339732.0,35339732.0,0.0,0.082,normal
2019-06-12,EWY,57.6901,57.37,4332525609,75100000.0,0.0,0.0,-16686469.0,-16686469.0,-0.0,-0.555,normal
2019-06-13,EWY,57.3051,57.06,4303616540,75100000.0,0.0,0.0,-28909069.0,-28909069.0,0.0,-0.428,normal
2019-06-14,EWY,57.0496,56.65,4284426086,75100000.0,0.0,0.0,-19190453.0,-19190454.0,-1.0,-0.701,normal
2019-06-17,EWY,56.912,56.89,4274094279,75100000.0,0.0,0.0,-10331807.0,-10331807.0,0.0,-0.039,normal
2019-06-18,EWY,57.171,58.29,4293539396,75100000.0,0.0,0.0,19445117.0,19445117.0,-0.0,1.957,normal
2019-06-19,EWY,58.4836,58.7,4421359328,75600000.0,500000.0,29241794.0,98578138.0,127819932.0,-0.0,0.37,normal
2019-06-20,EWY,59.3432,59.63,4486348793,75600000.0,0.0,0.0,64989464.0,64989465.0,1.0,0.483,normal
2019-06-21,EWY,59.1081,59.36,4468572133,75600000.0,0.0,0.0,-17776660.0,-17776660.0,-0.0,0.426,normal
2019-06-24,EWY,59.4994,59.48,4498156606,75600000.0,0.0,0.0,29584472.0,29584473.0,1.0,-0.033,normal
2019-06-25,EWY,59.487,59.21,4497217729,75600000.0,0.0,0.0,-938876.0,-938877.0,-1.0,-0.466,normal
2019-06-26,EWY,59.5409,59.76,4501292418,75600000.0,0.0,0.0,4074689.0,4074689.0,0.0,0.368,normal
2019-06-27,EWY,59.9818,60.11,4534621661,75600000.0,0.0,0.0,33329243.0,33329243.0,0.0,0.214,normal
2019-06-28,EWY,60.0412,59.87,4539113813,75600000.0,0.0,0.0,4492152.0,4492152.0,0.0,-0.285,normal
2019-07-01,EWY,59.8746,59.64,4526516585,75600000.0,0.0,0.0,-12597228.0,-12597228.0,-0.0,-0.392,normal
2019-07-02,EWY,59.1607,59.2,4472548844,75600000.0,0.0,0.0,-53967740.0,-53967741.0,-1.0,0.066,normal
2019-07-03,EWY,58.1429,58.18,4395606944,75600000.0,0.0,0.0,-76941900.0,-76941900.0,-0.0,0.064,normal
2019-07-05,EWY,58.6112,57.8,4431006947,75600000.0,0.0,0.0,35400002.0,35400003.0,1.0,-1.384,normal
2019-07-08,EWY,56.822,56.69,4295741915,75600000.0,0.0,0.0,-135265032.0,-135265032.0,0.0,-0.232,normal
2019-07-09,EWY,56.6262,56.48,4280944122,75600000.0,0.0,0.0,-14797793.0,-14797793.0,-0.0,-0.258,normal
2019-07-10,EWY,56.8192,57.21,4295527816,75600000.0,0.0,0.0,14583694.0,14583694.0,0.0,0.688,normal
2019-07-11,EWY,57.7959,57.46,4369367999,75600000.0,0.0,0.0,73840183.0,73840183.0,-0.0,-0.581,normal
2019-07-12,EWY,57.6735,57.61,4360114861,75600000.0,0.0,0.0,-9253138.0,-9253138.0,-0.0,-0.11,normal
2019-07-15,EWY,57.6534,57.42,4329770716,75100000.0,-500000.0,-28826702.0,-1517443.0,-30344145.0,1.0,-0.405,normal
2019-07-16,EWY,58.0197,57.48,4328270441,74600000.0,-500000.0,-29009856.0,27509581.0,-1500275.0,-0.0,-0.93,normal
2019-07-17,EWY,57.3508,56.97,4278366621,74600000.0,0.0,0.0,-49903819.0,-49903820.0,-1.0,-0.664,normal
2019-07-18,EWY,57.2704,57.7,4272374526,74600000.0,0.0,0.0,-5992096.0,-5992095.0,1.0,0.75,normal
2019-07-19,EWY,58.3276,57.72,4351241646,74600000.0,0.0,0.0,78867120.0,78867120.0,-0.0,-1.042,normal
2019-07-22,EWY,58.1378,58.08,4337080477,74600000.0,0.0,0.0,-14161169.0,-14161169.0,-0.0,-0.099,normal
2019-07-23,EWY,58.3834,58.08,4355400223,74600000.0,0.0,0.0,18319746.0,18319746.0,0.0,-0.52,normal
2019-07-24,EWY,57.9267,57.78,4321331149,74600000.0,0.0,0.0,-34069074.0,-34069074.0,0.0,-0.253,normal
2019-07-25,EWY,57.6838,56.99,4303214240,74600000.0,0.0,0.0,-18116908.0,-18116909.0,-1.0,-1.203,normal
2019-07-26,EWY,57.3071,57.13,4212074202,73500000.0,-1100000.0,-63037845.0,-28102193.0,-91140038.0,0.0,-0.309,normal
2019-07-29,EWY,56.4586,56.43,4149705630,73500000.0,0.0,0.0,-62368572.0,-62368572.0,0.0,-0.051,normal
2019-07-30,EWY,56.7421,56.33,4170543248,73500000.0,0.0,0.0,20837618.0,20837618.0,0.0,-0.726,normal
2019-07-31,EWY,56.1828,55.4,4129436756,73500000.0,0.0,0.0,-41106492.0,-41106492.0,0.0,-1.393,normal
2019-08-01,EWY,55.8031,54.69,4101524616,73500000.0,0.0,0.0,-27912140.0,-27912140.0,-0.0,-1.995,normal
2019-08-02,EWY,54.6882,53.75,4008645427,73300000.0,-200000.0,-10937641.0,-81941548.0,-92879189.0,0.0,-1.716,normal
2019-08-05,EWY,52.6381,51.45,3813629910,72450000.0,-850000.0,-44742380.0,-150273136.0,-195015517.0,-1.0,-2.257,normal
2019-08-06,EWY,51.8123,51.83,3738255425,72150000.0,-300000.0,-15543682.0,-59830804.0,-75374485.0,1.0,0.034,normal
2019-08-07,EWY,51.5214,51.91,3717267639,72150000.0,0.0,0.0,-20987786.0,-20987786.0,-0.0,0.754,normal
2019-08-08,EWY,51.9125,52.33,3745484927,72150000.0,0.0,0.0,28217288.0,28217288.0,0.0,0.804,normal
2019-08-09,EWY,52.4072,52.14,3781176522,72150000.0,0.0,0.0,35691595.0,35691595.0,0.0,-0.51,normal
2019-08-12,EWY,52.2463,51.55,3769571266,72150000.0,0.0,0.0,-11605255.0,-11605256.0,-1.0,-1.333,normal
2019-08-13,EWY,51.4568,52.44,3712609779,72150000.0,0.0,0.0,-56961487.0,-56961487.0,0.0,1.911,normal
2019-08-14,EWY,52.2744,51.18,3771595074,72150000.0,0.0,0.0,58985295.0,58985295.0,0.0,-2.094,normal
2019-08-15,EWY,52.2742,51.46,3771582087,72150000.0,0.0,0.0,-12987.0,-12987.0,0.0,-1.558,normal
2019-08-16,EWY,52.1663,52.2,3763795082,72150000.0,0.0,0.0,-7787005.0,-7787005.0,0.0,0.065,normal
2019-08-19,EWY,52.3829,52.12,3779426740,72150000.0,0.0,0.0,15631658.0,15631658.0,-0.0,-0.502,normal
2019-08-20,EWY,53.1021,52.77,3831313124,72150000.0,0.0,0.0,51886384.0,51886384.0,0.0,-0.625,normal
2019-08-21,EWY,53.4125,53.43,3853708700,72150000.0,0.0,0.0,22395576.0,22395576.0,-0.0,0.033,normal
2019-08-22,EWY,52.7814,52.35,3808176783,72150000.0,0.0,0.0,-45531917.0,-45531917.0,-0.0,-0.817,normal
2019-08-23,EWY,52.6316,51.67,3797372321,72150000.0,0.0,0.0,-10804462.0,-10804462.0,0.0,-1.827,normal
2019-08-26,EWY,51.4651,51.78,3713203935,72150000.0,0.0,0.0,-84168386.0,-84168386.0,0.0,0.612,normal
2019-08-27,EWY,52.0261,51.9,3753682466,72150000.0,0.0,0.0,40478531.0,40478531.0,0.0,-0.242,normal
2019-08-28,EWY,52.3471,52.39,3776846728,72150000.0,0.0,0.0,23164263.0,23164262.0,-1.0,0.082,normal
2019-08-29,EWY,52.0567,52.75,3755890689,72150000.0,0.0,0.0,-20956040.0,-20956039.0,1.0,1.332,normal
2019-08-30,EWY,53.3416,53.26,3848599903,72150000.0,0.0,0.0,92709215.0,92709214.0,-1.0,-0.153,normal
2019-09-03,EWY,53.0116,53.07,3824784487,72150000.0,0.0,0.0,-23815416.0,-23815416.0,0.0,0.11,normal
2019-09-04,EWY,54.0026,54.26,3896289971,72150000.0,0.0,0.0,71505484.0,71505484.0,-0.0,0.477,normal
2019-09-05,EWY,54.8583,55.13,3958028798,72150000.0,0.0,0.0,61738827.0,61738827.0,-0.0,0.495,normal
2019-09-06,EWY,55.1744,55.41,3980830651,72150000.0,0.0,0.0,22801853.0,22801853.0,-0.0,0.427,normal
2019-09-09,EWY,55.7483,55.79,4022239629,72150000.0,0.0,0.0,41408977.0,41408978.0,1.0,0.075,normal
2019-09-10,EWY,55.9661,56.24,4037955558,72150000.0,0.0,0.0,15715929.0,15715929.0,-0.0,0.489,normal
2019-09-11,EWY,56.5817,56.8,4082368284,72150000.0,0.0,0.0,44412726.0,44412726.0,-0.0,0.386,normal
2019-09-12,EWY,56.581,57.44,4082318934,72150000.0,0.0,0.0,-49351.0,-49350.0,1.0,1.518,normal
2019-09-13,EWY,56.5803,58.03,4082270593,72150000.0,0.0,0.0,-48341.0,-48341.0,-0.0,2.562,normal
2019-09-16,EWY,57.2874,56.98,4133286704,72150000.0,0.0,0.0,51016111.0,51016111.0,0.0,-0.537,normal
2019-09-17,EWY,56.8653,57.04,4102830890,72150000.0,0.0,0.0,-30455814.0,-30455814.0,-0.0,0.307,normal
2019-09-18,EWY,57.0604,56.95,4116905190,72150000.0,0.0,0.0,14074301.0,14074300.0,-1.0,-0.193,normal
2019-09-19,EWY,57.1903,56.87,4126281083,72150000.0,0.0,0.0,9375893.0,9375893.0,0.0,-0.56,normal
2019-09-20,EWY,57.7634,57.13,4167626496,72150000.0,0.0,0.0,41345413.0,41345413.0,-0.0,-1.097,normal
2019-09-23,EWY,57.4893,57.34,4147853428,72150000.0,0.0,0.0,-19773068.0,-19773068.0,0.0,-0.26,normal
2019-09-24,EWY,57.5859,57.05,4154821603,72150000.0,0.0,0.0,6968175.0,6968175.0,0.0,-0.931,normal
2019-09-25,EWY,56.6766,56.5,4089214670,72150000.0,0.0,0.0,-65606933.0,-65606933.0,-0.0,-0.311,normal
2019-09-26,EWY,56.7468,56.51,4094278590,72150000.0,0.0,0.0,5063920.0,5063920.0,0.0,-0.417,normal
2019-09-27,EWY,56.072,55.43,4045591265,72150000.0,0.0,0.0,-48687325.0,-48687325.0,0.0,-1.145,normal
2019-09-30,EWY,56.7093,56.34,4091578881,72150000.0,0.0,0.0,45987616.0,45987616.0,-0.0,-0.651,normal
2019-10-01,EWY,56.8602,56.04,4102463430,72150000.0,0.0,0.0,10884549.0,10884549.0,-0.0,-1.442,normal
2019-10-02,EWY,55.3449,55.02,3993132731,72150000.0,0.0,0.0,-109330699.0,-109330699.0,-0.0,-0.587,normal
2019-10-03,EWY,55.3443,55.74,3993089946,72150000.0,0.0,0.0,-42785.0,-42785.0,-0.0,0.715,normal
2019-10-04,EWY,55.5437,56.12,4007476368,72150000.0,0.0,0.0,14386421.0,14386422.0,1.0,1.038,normal
2019-10-07,EWY,55.8157,55.78,4027105857,72150000.0,0.0,0.0,19629490.0,19629489.0,-1.0,-0.064,normal
2019-10-08,EWY,56.6957,56.04,4090597497,72150000.0,0.0,0.0,63491639.0,63491640.0,1.0,-1.157,normal
2019-10-09,EWY,56.6952,56.36,4090560267,72150000.0,0.0,0.0,-37229.0,-37230.0,-1.0,-0.591,normal
2019-10-10,EWY,56.0393,57.0,4043236577,72150000.0,0.0,0.0,-47323690.0,-47323690.0,0.0,1.714,normal
2019-10-11,EWY,56.8657,57.82,4102862780,72150000.0,0.0,0.0,59626203.0,59626203.0,0.0,1.678,normal
2019-10-14,EWY,57.6765,57.48,4161360629,72150000.0,0.0,0.0,58497849.0,58497849.0,-0.0,-0.341,normal
2019-10-15,EWY,57.6497,58.15,4159428452,72150000.0,0.0,0.0,-1932177.0,-1932177.0,0.0,0.868,normal
2019-10-16,EWY,57.943,58.15,4180588099,72150000.0,0.0,0.0,21159647.0,21159647.0,0.0,0.357,normal
2019-10-17,EWY,57.7885,58.41,4169437822,72150000.0,0.0,0.0,-11150277.0,-11150277.0,0.0,1.075,normal
2019-10-18,EWY,57.4725,57.59,4146640154,72150000.0,0.0,0.0,-22797668.0,-22797668.0,0.0,0.204,normal
2019-10-21,EWY,58.2892,58.62,4205566069,72150000.0,0.0,0.0,58925915.0,58925915.0,-0.0,0.568,normal
2019-10-22,EWY,59.2263,59.08,4285024107,72350000.0,200000.0,11845264.0,67612775.0,79458038.0,-1.0,-0.247,normal
2019-10-23,EWY,58.9234,59.02,4263106254,72350000.0,0.0,0.0,-21917854.0,-21917853.0,1.0,0.164,normal
2019-10-24,EWY,59.0512,59.05,4272350920,72350000.0,0.0,0.0,9244666.0,9244666.0,0.0,-0.002,normal
2019-10-25,EWY,58.9719,59.15,4266619280,72350000.0,0.0,0.0,-5731639.0,-5731640.0,-1.0,0.302,normal
2019-10-28,EWY,59.0951,59.54,4275528749,72350000.0,0.0,0.0,8909468.0,8909469.0,1.0,0.753,normal
2019-10-29,EWY,59.5909,59.3,4311402338,72350000.0,0.0,0.0,35873590.0,35873589.0,-1.0,-0.488,normal
2019-10-30,EWY,59.0018,59.39,4268781677,72350000.0,0.0,0.0,-42620661.0,-42620661.0,0.0,0.658,normal
2019-10-31,EWY,59.2791,58.93,4288842161,72350000.0,0.0,0.0,20060484.0,20060484.0,-0.0,-0.589,normal
2019-11-01,EWY,59.7391,60.09,4322124319,72350000.0,0.0,0.0,33282158.0,33282158.0,0.0,0.587,normal
2019-11-04,EWY,60.9041,60.65,4406409464,72350000.0,0.0,0.0,84285145.0,84285145.0,-0.0,-0.417,normal
2019-11-05,EWY,61.4137,61.38,4443280327,72350000.0,0.0,0.0,36870862.0,36870863.0,1.0,-0.055,normal
2019-11-06,EWY,61.2676,60.76,4432711584,72350000.0,0.0,0.0,-10568743.0,-10568743.0,0.0,-0.829,normal
2019-11-07,EWY,61.1682,61.51,4425521368,72350000.0,0.0,0.0,-7190215.0,-7190216.0,-1.0,0.559,normal
2019-11-08,EWY,61.0174,61.1,4414612363,72350000.0,0.0,0.0,-10909005.0,-10909005.0,0.0,0.135,normal
2019-11-11,EWY,60.0181,60.28,4342309101,72350000.0,0.0,0.0,-72303262.0,-72303262.0,-0.0,0.436,normal
2019-11-12,EWY,60.852,60.28,4402641838,72350000.0,0.0,0.0,60332737.0,60332737.0,-0.0,-0.94,normal
2019-11-13,EWY,59.9399,59.73,4336649233,72350000.0,0.0,0.0,-65992606.0,-65992605.0,1.0,-0.35,normal
2019-11-14,EWY,60.4125,60.34,4370845605,72350000.0,0.0,0.0,34196372.0,34196372.0,-0.0,-0.12,normal
2019-11-15,EWY,61.3002,61.54,4435069181,72350000.0,0.0,0.0,64223576.0,64223576.0,0.0,0.391,normal
2019-11-18,EWY,61.4315,61.13,4444571991,72350000.0,0.0,0.0,9502811.0,9502810.0,-1.0,-0.491,normal
2019-11-19,EWY,61.0009,60.73,4413413668,72350000.0,0.0,0.0,-31158323.0,-31158323.0,0.0,-0.444,normal
2019-11-20,EWY,60.0997,60.03,4348211414,72350000.0,0.0,0.0,-65202254.0,-65202254.0,0.0,-0.116,normal
2019-11-21,EWY,58.858,58.95,4258376517,72350000.0,0.0,0.0,-89834897.0,-89834897.0,-0.0,0.156,normal
2019-11-22,EWY,58.9663,59.01,4266213035,72350000.0,0.0,0.0,7836518.0,7836518.0,0.0,0.074,normal
2019-11-25,EWY,59.7581,59.97,4323496509,72350000.0,0.0,0.0,57283474.0,57283474.0,-0.0,0.355,normal
2019-11-26,EWY,59.6426,60.01,4315141893,72350000.0,0.0,0.0,-8354616.0,-8354616.0,0.0,0.616,normal
2019-11-27,EWY,59.7821,59.82,4325232403,72350000.0,0.0,0.0,10090510.0,10090510.0,0.0,0.064,normal
2019-11-29,EWY,58.3081,58.47,4218591469,72350000.0,0.0,0.0,-106640934.0,-106640934.0,-0.0,0.278,normal
2019-12-02,EWY,58.3702,58.1,4223087153,72350000.0,0.0,0.0,4495684.0,4495684.0,-0.0,-0.463,normal
2019-12-03,EWY,57.9075,57.43,4189605455,72350000.0,0.0,0.0,-33481699.0,-33481698.0,1.0,-0.825,normal
2019-12-04,EWY,57.1923,57.54,4137862543,72350000.0,0.0,0.0,-51742911.0,-51742912.0,-1.0,0.608,normal
2019-12-05,EWY,57.1255,57.35,4133027827,72350000.0,0.0,0.0,-4834716.0,-4834716.0,0.0,0.393,normal
2019-12-06,EWY,57.7764,58.13,4180120370,72350000.0,0.0,0.0,47092543.0,47092543.0,0.0,0.612,normal
2019-12-09,EWY,58.0392,57.7,4199135541,72350000.0,0.0,0.0,19015172.0,19015171.0,-1.0,-0.584,normal
2019-12-10,EWY,58.2263,58.23,4212671720,72350000.0,0.0,0.0,13536179.0,13536179.0,0.0,0.006,normal
2019-12-11,EWY,58.204,58.94,4211062945,72350000.0,0.0,0.0,-1608775.0,-1608775.0,-0.0,1.264,normal
2019-12-12,EWY,59.5834,61.03,4310857615,72350000.0,0.0,0.0,99794670.0,99794670.0,-0.0,2.428,normal
2019-12-13,EWY,61.3466,61.18,4456833541,72650000.0,300000.0,18403993.0,127571933.0,145975926.0,0.0,-0.272,normal
2019-12-16,EWY,59.8879,60.31,4350857751,72650000.0,0.0,0.0,-105975790.0,-105975790.0,0.0,0.705,normal
2019-12-17,EWY,61.0335,61.37,4437134432,72700000.0,50000.0,3051674.0,83225007.0,86276681.0,0.0,0.551,normal
2019-12-18,EWY,60.9281,61.36,4453845280,73100000.0,400000.0,24371246.0,-7660399.0,16710848.0,1.0,0.709,normal
2019-12-19,EWY,61.1377,61.53,4487509969,73400000.0,300000.0,18341321.0,15323368.0,33664689.0,-1.0,0.642,normal
2019-12-20,EWY,61.6515,61.92,4602287685,74650000.0,1250000.0,77064429.0,37713287.0,114777716.0,0.0,0.435,normal
2019-12-23,EWY,61.4548,61.68,4606039059,74950000.0,300000.0,18436447.0,-14685073.0,3751374.0,0.0,0.366,normal
2019-12-24,EWY,61.0316,61.21,4574319319,74950000.0,0.0,0.0,-31719739.0,-31719740.0,-1.0,0.292,normal
2019-12-26,EWY,61.3669,61.6,4627064863,75400000.0,450000.0,27615109.0,25130435.0,52745544.0,0.0,0.38,normal
2019-12-27,EWY,62.3627,62.49,4702147505,75400000.0,0.0,0.0,75082641.0,75082642.0,1.0,0.204,normal
2019-12-30,EWY,62.3703,61.9,4702723108,75400000.0,0.0,0.0,575604.0,575603.0,-1.0,-0.754,normal
2019-12-31,EWY,62.3686,62.19,4702589047,75400000.0,0.0,0.0,-134061.0,-134061.0,0.0,-0.286,normal
2020-01-02,EWY,61.5519,62.17,4641013863,75400000.0,0.0,0.0,-61575184.0,-61575184.0,-0.0,1.004,normal
2020-01-03,EWY,61.131,60.91,4609280114,75400000.0,0.0,0.0,-31733749.0,-31733749.0,-0.0,-0.362,normal
2020-01-06,EWY,60.3198,60.69,4548110507,75400000.0,0.0,0.0,-61169607.0,-61169607.0,0.0,0.614,normal
2020-01-07,EWY,61.288,61.34,4621111958,75400000.0,0.0,0.0,73001451.0,73001451.0,0.0,0.085,normal
2020-01-08,EWY,60.4608,61.38,4558743717,75400000.0,0.0,0.0,-62368241.0,-62368241.0,0.0,1.52,normal
2020-01-09,EWY,62.054,61.96,4678874390,75400000.0,0.0,0.0,120130673.0,120130673.0,-0.0,-0.151,normal
2020-01-10,EWY,62.4822,62.69,4711155769,75400000.0,0.0,0.0,32281379.0,32281379.0,0.0,0.333,normal
2020-01-13,EWY,63.4317,64.09,4782748220,75400000.0,0.0,0.0,71592451.0,71592451.0,0.0,1.038,normal
2020-01-14,EWY,63.7868,63.88,4828663788,75700000.0,300000.0,19136052.0,26779516.0,45915568.0,-0.0,0.146,normal
2020-01-15,EWY,63.4134,63.17,4800392563,75700000.0,0.0,0.0,-28271225.0,-28271225.0,-0.0,-0.384,normal
2020-01-16,EWY,63.6783,63.94,4820445342,75700000.0,0.0,0.0,20052779.0,20052779.0,0.0,0.411,normal
2020-01-17,EWY,63.8406,64.04,4832730316,75700000.0,0.0,0.0,12284974.0,12284974.0,-0.0,0.312,normal
2020-01-21,EWY,63.101,62.65,4776746154,75700000.0,0.0,0.0,-55984162.0,-55984162.0,0.0,-0.715,normal
2020-01-22,EWY,64.055,63.89,4848961910,75700000.0,0.0,0.0,72215756.0,72215756.0,-0.0,-0.258,normal
2020-01-23,EWY,63.1295,63.25,4778906027,75700000.0,0.0,0.0,-70055884.0,-70055883.0,1.0,0.191,normal
2020-01-24,EWY,63.129,62.9,4778864089,75700000.0,0.0,0.0,-41938.0,-41938.0,-0.0,-0.363,normal
2020-01-27,EWY,63.1264,60.71,4778669161,75700000.0,0.0,0.0,-194928.0,-194928.0,-0.0,-3.828,normal
2020-01-28,EWY,60.6794,60.66,4593433457,75700000.0,0.0,0.0,-185235705.0,-185235704.0,1.0,-0.032,normal
2020-01-29,EWY,60.9232,60.7,4611882682,75700000.0,0.0,0.0,18449226.0,18449225.0,-1.0,-0.366,normal
2020-01-30,EWY,59.5086,59.35,4504799430,75700000.0,0.0,0.0,-107083252.0,-107083252.0,-0.0,-0.267,normal
2020-01-31,EWY,58.3204,57.65,4414851252,75700000.0,0.0,0.0,-89948178.0,-89948178.0,0.0,-1.149,normal
2020-02-03,EWY,58.1967,58.58,4405487086,75700000.0,0.0,0.0,-9364166.0,-9364166.0,-0.0,0.659,normal
2020-02-04,EWY,59.6786,60.24,4517672670,75700000.0,0.0,0.0,112185583.0,112185584.0,1.0,0.941,normal
2020-02-05,EWY,59.7064,60.8,4519775010,75700000.0,0.0,0.0,2102340.0,2102340.0,-0.0,1.832,normal
2020-02-06,EWY,62.1517,61.66,4726635796,76050000.0,350000.0,21753090.0,185107696.0,206860786.0,-0.0,-0.791,normal
2020-02-07,EWY,61.328,60.45,4663994172,76050000.0,0.0,0.0,-62641624.0,-62641624.0,0.0,-1.432,normal
2020-02-10,EWY,60.9471,61.02,4653312230,76350000.0,300000.0,18284134.0,-28966076.0,-10681942.0,-0.0,0.12,normal
2020-02-11,EWY,61.9282,61.92,4728220666,76350000.0,0.0,0.0,74908436.0,74908436.0,0.0,-0.013,normal
2020-02-12,EWY,62.4974,62.9,4771677330,76350000.0,0.0,0.0,43456664.0,43456664.0,0.0,0.644,normal
2020-02-13,EWY,62.1728,61.83,4746891906,76350000.0,0.0,0.0,-24785424.0,-24785424.0,0.0,-0.551,normal
2020-02-14,EWY,62.4352,62.09,4766924084,76350000.0,0.0,0.0,20032179.0,20032178.0,-1.0,-0.553,normal
2020-02-18,EWY,61.1103,61.08,4665773008,76350000.0,0.0,0.0,-101151076.0,-101151076.0,-0.0,-0.05,normal
2020-02-19,EWY,61.177,61.07,4670861965,76350000.0,0.0,0.0,5088957.0,5088957.0,0.0,-0.175,normal
2020-02-20,EWY,60.3474,59.21,4607526051,76350000.0,0.0,0.0,-63335913.0,-63335914.0,-1.0,-1.885,normal
2020-02-21,EWY,58.9176,58.37,4498356775,76350000.0,0.0,0.0,-109169277.0,-109169276.0,1.0,-0.929,normal
2020-02-24,EWY,56.0837,55.32,4281993320,76350000.0,0.0,0.0,-216363455.0,-216363455.0,-0.0,-1.362,normal
2020-02-25,EWY,57.1885,55.29,4366343273,76350000.0,0.0,0.0,84349953.0,84349953.0,0.0,-3.32,normal
2020-02-26,EWY,56.0992,55.96,4283171782,76350000.0,0.0,0.0,-83171491.0,-83171491.0,-0.0,-0.248,normal
2020-02-27,EWY,55.5369,54.9,4240245827,76350000.0,0.0,0.0,-42925955.0,-42925955.0,0.0,-1.147,normal
2020-02-28,EWY,53.795,54.96,4107247639,76350000.0,0.0,0.0,-132998188.0,-132998188.0,-0.0,2.166,normal
2020-03-02,EWY,55.0955,56.21,4206542647,76350000.0,0.0,0.0,99295007.0,99295008.0,1.0,2.023,normal
2020-03-03,EWY,55.2319,55.53,4216958237,76350000.0,0.0,0.0,10415591.0,10415590.0,-1.0,0.54,normal
2020-03-04,EWY,56.8014,57.58,4336790478,76350000.0,0.0,0.0,119832241.0,119832241.0,-0.0,1.371,normal
2020-03-05,EWY,57.8273,56.32,4507635229,77950000.0,1600000.0,92523622.0,78321128.0,170844751.0,1.0,-2.607,normal
2020-03-06,EWY,55.9916,55.54,4392542903,78450000.0,500000.0,27995812.0,-143088138.0,-115092326.0,-0.0,-0.807,normal
2020-03-09,EWY,52.8942,52.48,4149551324,78450000.0,0.0,0.0,-242991579.0,-242991579.0,0.0,-0.783,normal
2020-03-10,EWY,53.7156,54.72,4213992036,78450000.0,0.0,0.0,64440713.0,64440712.0,-1.0,1.87,normal
2020-03-11,EWY,52.3396,52.04,4106042640,78450000.0,0.0,0.0,-107949397.0,-107949396.0,1.0,-0.572,normal
2020-03-12,EWY,49.7895,46.66,3920922101,78750000.0,300000.0,14936846.0,-200057385.0,-185120539.0,-0.0,-6.285,normal
2020-03-13,EWY,47.7485,49.73,3800783864,79600000.0,850000.0,40586260.0,-160724497.0,-120138237.0,1.0,4.15,normal
2020-03-16,EWY,45.8679,41.87,3651086830,79600000.0,0.0,0.0,-149697034.0,-149697034.0,-0.0,-8.716,normal
2020-03-17,EWY,44.0872,44.89,3465251169,78600000.0,-1000000.0,-44087165.0,-141748496.0,-185835661.0,0.0,1.821,normal
2020-03-18,EWY,41.7935,40.67,3272430502,78300000.0,-300000.0,-12538048.0,-180282619.0,-192820667.0,0.0,-2.688,normal
2020-03-19,EWY,37.2443,39.0,2916229082,78300000.0,0.0,0.0,-356201420.0,-356201420.0,0.0,4.714,normal
2020-03-20,EWY,41.3123,40.58,3234751681,78300000.0,0.0,0.0,318522599.0,318522599.0,-0.0,-1.772,normal
2020-03-23,EWY,38.4828,38.97,3013200891,78300000.0,0.0,0.0,-221550790.0,-221550790.0,-0.0,1.266,normal
2020-03-24,EWY,42.4466,43.82,3323568154,78300000.0,0.0,0.0,310367263.0,310367263.0,0.0,3.236,normal
2020-03-25,EWY,45.78,46.18,3584572121,78300000.0,0.0,0.0,261003967.0,261003967.0,-0.0,0.874,normal
2020-03-26,EWY,45.0087,47.84,3524182150,78300000.0,0.0,0.0,-60389971.0,-60389971.0,0.0,6.29,normal
2020-03-27,EWY,46.7631,45.31,3661553627,78300000.0,0.0,0.0,137371477.0,137371477.0,-0.0,-3.107,normal
2020-03-30,EWY,46.0655,46.28,3606930529,78300000.0,0.0,0.0,-54623098.0,-54623098.0,-0.0,0.466,normal
2020-03-31,EWY,47.4034,46.92,3711687551,78300000.0,0.0,0.0,104757022.0,104757022.0,0.0,-1.02,normal
2020-04-01,EWY,44.7489,43.69,3503837696,78300000.0,0.0,0.0,-207849856.0,-207849855.0,1.0,-2.366,normal
2020-04-02,EWY,45.9979,45.88,3601638389,78300000.0,0.0,0.0,97800693.0,97800693.0,-0.0,-0.256,normal
2020-04-03,EWY,45.8318,45.15,3588626808,78300000.0,0.0,0.0,-13011581.0,-13011581.0,-0.0,-1.488,normal
2020-04-06,EWY,47.6856,48.29,3733779739,78300000.0,0.0,0.0,145152931.0,145152931.0,-0.0,1.268,normal
2020-04-07,EWY,48.7411,48.82,3816426486,78300000.0,0.0,0.0,82646746.0,82646747.0,1.0,0.162,normal
2020-04-08,EWY,48.2123,49.08,3775024813,78300000.0,0.0,0.0,-41401673.0,-41401673.0,0.0,1.8,normal
2020-04-09,EWY,49.0684,48.94,3842055955,78300000.0,0.0,0.0,67031142.0,67031142.0,-0.0,-0.262,normal
2020-04-13,EWY,48.7754,48.67,3804485022,78000000.0,-300000.0,-14632635.0,-22938298.0,-37570933.0,-0.0,-0.216,normal
2020-04-14,EWY,49.646,49.86,3872388624,78000000.0,0.0,0.0,67903602.0,67903602.0,0.0,0.431,normal
2020-04-15,EWY,48.3764,48.34,3758846513,77700000.0,-300000.0,-14512921.0,-99029190.0,-113542111.0,-0.0,-0.075,normal
2020-04-16,EWY,49.1045,48.95,3815420194,77700000.0,0.0,0.0,56573681.0,56573681.0,0.0,-0.315,normal
2020-04-17,EWY,51.0439,50.77,3950801033,77400000.0,-300000.0,-15313182.0,150694022.0,135380839.0,-0.0,-0.537,normal
2020-04-20,EWY,50.3522,49.66,3897264073,77400000.0,0.0,0.0,-53536961.0,-53536960.0,1.0,-1.375,normal
2020-04-21,EWY,49.4536,48.21,3827709491,77400000.0,0.0,0.0,-69554581.0,-69554582.0,-1.0,-2.515,normal
2020-04-22,EWY,49.8072,49.64,3855075964,77400000.0,0.0,0.0,27366473.0,27366473.0,0.0,-0.336,normal
2020-04-23,EWY,50.3167,49.76,3894510955,77400000.0,0.0,0.0,39434990.0,39434991.0,1.0,-1.106,normal
2020-04-24,EWY,49.3605,49.82,3800758808,77000000.0,-400000.0,-19744202.0,-74007945.0,-93752147.0,-0.0,0.931,normal
2020-04-27,EWY,50.7512,51.18,3892613742,76700000.0,-300000.0,-15225347.0,107080281.0,91854934.0,0.0,0.845,normal
2020-04-28,EWY,51.1124,51.25,3907544891,76450000.0,-250000.0,-12778106.0,27709256.0,14931149.0,-0.0,0.269,normal
2020-04-29,EWY,51.8214,52.68,3961744348,76450000.0,0.0,0.0,54199457.0,54199457.0,0.0,1.657,normal
2020-04-30,EWY,51.8135,51.62,3961144445,76450000.0,0.0,0.0,-599903.0,-599903.0,0.0,-0.373,normal
2020-05-01,EWY,49.5916,49.84,3791275297,76450000.0,0.0,0.0,-169869148.0,-169869148.0,-0.0,0.501,normal
2020-05-04,EWY,49.8634,50.17,3812057389,76450000.0,0.0,0.0,20782092.0,20782092.0,0.0,0.615,normal
2020-05-05,EWY,49.8634,50.45,3797096387,76150000.0,-300000.0,-14959014.0,-1988.0,-14961002.0,-0.0,1.177,normal
2020-05-06,EWY,51.073,50.17,3889206132,76150000.0,0.0,0.0,92109745.0,92109745.0,-0.0,-1.768,normal
2020-05-07,EWY,50.853,51.07,3872453513,76150000.0,0.0,0.0,-16752619.0,-16752619.0,0.0,0.427,normal
2020-05-08,EWY,51.5701,51.79,3927060145,76150000.0,0.0,0.0,54606632.0,54606632.0,0.0,0.426,normal
2020-05-11,EWY,51.2397,50.84,3901900947,76150000.0,0.0,0.0,-25159199.0,-25159198.0,1.0,-0.78,normal
2020-05-12,EWY,50.6822,50.38,3834105404,75650000.0,-500000.0,-25341080.0,-42454463.0,-67795543.0,-0.0,-0.596,normal
2020-05-13,EWY,51.2235,50.47,3875056262,75650000.0,0.0,0.0,40950858.0,40950858.0,0.0,-1.471,normal
2020-05-14,EWY,50.584,50.86,3826680205,75650000.0,0.0,0.0,-48376057.0,-48376057.0,-0.0,0.546,normal
2020-05-15,EWY,50.5003,49.9,3820345350,75650000.0,0.0,0.0,-6334855.0,-6334855.0,0.0,-1.189,normal
2020-05-18,EWY,50.6264,51.91,3829885269,75650000.0,0.0,0.0,9539919.0,9539919.0,0.0,2.535,normal
2020-05-19,EWY,52.1749,51.95,3947031942,75650000.0,0.0,0.0,117146673.0,117146673.0,0.0,-0.431,normal
2020-05-20,EWY,52.2249,52.59,3950817392,75650000.0,0.0,0.0,3785450.0,3785450.0,-0.0,0.699,normal
2020-05-21,EWY,52.4651,51.99,3968986706,75650000.0,0.0,0.0,18169314.0,18169314.0,-0.0,-0.906,normal
2020-05-22,EWY,51.4798,51.23,3894448761,75650000.0,0.0,0.0,-74537945.0,-74537945.0,0.0,-0.485,normal
2020-05-26,EWY,53.2108,53.0,4025394221,75650000.0,0.0,0.0,130945460.0,130945460.0,0.0,-0.396,normal
2020-05-27,EWY,53.1977,53.02,4011103413,75400000.0,-250000.0,-13299414.0,-991393.0,-14290808.0,-0.0,-0.334,normal
2020-05-28,EWY,53.0193,52.62,3997654692,75400000.0,0.0,0.0,-13448721.0,-13448721.0,-0.0,-0.753,normal
2020-05-29,EWY,53.132,53.56,4006151744,75400000.0,0.0,0.0,8497052.0,8497052.0,-0.0,0.806,normal
2020-06-01,EWY,54.7363,54.94,4127119433,75400000.0,0.0,0.0,120967688.0,120967689.0,1.0,0.372,normal
2020-06-02,EWY,55.4023,56.28,4177336134,75400000.0,0.0,0.0,50216702.0,50216701.0,-1.0,1.584,normal
2020-06-03,EWY,57.6563,58.63,4347287810,75400000.0,0.0,0.0,169951675.0,169951676.0,1.0,1.689,normal
2020-06-04,EWY,57.6279,57.47,4359549652,75650000.0,250000.0,14406972.0,-2145130.0,12261842.0,0.0,-0.274,normal
2020-06-05,EWY,58.9613,59.97,4460420302,75650000.0,0.0,0.0,100870651.0,100870650.0,-1.0,1.711,normal
2020-06-08,EWY,59.1901,60.23,4477732275,75650000.0,0.0,0.0,17311973.0,17311973.0,0.0,1.757,normal
2020-06-09,EWY,59.5348,59.36,4503805502,75650000.0,0.0,0.0,26073226.0,26073227.0,1.0,-0.294,normal
2020-06-10,EWY,60.0362,60.02,4541735504,75650000.0,0.0,0.0,37930002.0,37930002.0,-0.0,-0.027,normal
2020-06-11,EWY,59.1661,56.72,4475916222,75650000.0,0.0,0.0,-65819282.0,-65819282.0,0.0,-4.134,normal
2020-06-12,EWY,57.5316,57.48,4352267885,75650000.0,0.0,0.0,-123648336.0,-123648337.0,-1.0,-0.09,normal
2020-06-15,EWY,54.118,55.5,4094030482,75650000.0,0.0,0.0,-258237403.0,-258237403.0,-0.0,2.554,normal
2020-06-16,EWY,57.5681,56.78,4355025479,75650000.0,0.0,0.0,260994996.0,260994997.0,1.0,-1.369,normal
2020-06-17,EWY,57.3225,57.42,4336448865,75650000.0,0.0,0.0,-18576614.0,-18576614.0,0.0,0.17,normal
2020-06-18,EWY,57.2805,57.24,4318947513,75400000.0,-250000.0,-14320118.0,-3181234.0,-17501352.0,-0.0,-0.071,normal
2020-06-19,EWY,57.535,56.75,4338142242,75400000.0,0.0,0.0,19194729.0,19194729.0,0.0,-1.365,normal
2020-06-22,EWY,56.8981,57.72,4290116815,75400000.0,0.0,0.0,-48025427.0,-48025427.0,-0.0,1.444,normal
2020-06-23,EWY,57.4016,57.71,4328078755,75400000.0,0.0,0.0,37961940.0,37961940.0,0.0,0.537,normal
2020-06-24,EWY,58.7322,57.5,4428409162,75400000.0,0.0,0.0,100330407.0,100330407.0,0.0,-2.098,normal
2020-06-25,EWY,56.9803,57.4,4296315449,75400000.0,0.0,0.0,-132093712.0,-132093713.0,-1.0,0.737,normal
2020-06-26,EWY,57.8337,57.07,4360663091,75400000.0,0.0,0.0,64347642.0,64347642.0,0.0,-1.321,normal
2020-06-29,EWY,56.8353,57.2,4285382676,75400000.0,0.0,0.0,-75280416.0,-75280415.0,1.0,0.642,normal
2020-06-30,EWY,57.0395,57.13,4300780562,75400000.0,0.0,0.0,15397886.0,15397886.0,-0.0,0.159,normal
2020-07-01,EWY,57.0225,57.46,4299495897,75400000.0,0.0,0.0,-1284665.0,-1284665.0,0.0,0.767,normal
2020-07-02,EWY,57.9777,58.39,4371520465,75400000.0,0.0,0.0,72024568.0,72024568.0,-0.0,0.711,normal
2020-07-06,EWY,59.3649,60.13,4476112103,75400000.0,0.0,0.0,104591638.0,104591638.0,0.0,1.289,normal
2020-07-07,EWY,58.7034,58.81,4426234023,75400000.0,0.0,0.0,-49878080.0,-49878080.0,0.0,0.182,normal
2020-07-08,EWY,58.5338,59.18,4431011385,75700000.0,300000.0,17560151.0,-12782788.0,4777362.0,-1.0,1.104,normal
2020-07-09,EWY,58.8464,58.82,4475265906,76050000.0,350000.0,20596227.0,23658294.0,44254521.0,0.0,-0.045,normal
2020-07-10,EWY,57.8463,58.43,4413672614,76300000.0,250000.0,14461575.0,-76054867.0,-61593292.0,0.0,1.009,normal
2020-07-13,EWY,58.9579,58.52,4513227628,76550000.0,250000.0,14739476.0,84815538.0,99555014.0,-0.0,-0.743,normal
2020-07-14,EWY,58.616,59.05,4487055336,76550000.0,0.0,0.0,-26172292.0,-26172292.0,-0.0,0.74,normal
2020-07-15,EWY,59.4227,59.51,4566631344,76850000.0,300000.0,17826798.0,61749211.0,79576008.0,-0.0,0.147,normal
2020-07-16,EWY,58.658,58.91,4507870374,76850000.0,0.0,0.0,-58760970.0,-58760970.0,0.0,0.429,normal
2020-07-17,EWY,59.1563,59.44,4546161962,76850000.0,0.0,0.0,38291588.0,38291588.0,-0.0,0.48,normal
2020-07-20,EWY,59.0525,59.75,4538183626,76850000.0,0.0,0.0,-7978336.0,-7978336.0,0.0,1.181,normal
2020-07-21,EWY,60.0967,60.1,4618429013,76850000.0,0.0,0.0,80245387.0,80245387.0,0.0,0.005,normal
2020-07-22,EWY,59.9647,59.87,4608285197,76850000.0,0.0,0.0,-10143816.0,-10143816.0,-0.0,-0.158,normal
2020-07-23,EWY,59.5344,58.99,4575220561,76850000.0,0.0,0.0,-33064636.0,-33064636.0,-0.0,-0.914,normal
2020-07-24,EWY,58.8873,58.91,4525488313,76850000.0,0.0,0.0,-49732248.0,-49732248.0,-0.0,0.039,normal
2020-07-27,EWY,59.5686,60.08,4577843682,76850000.0,0.0,0.0,52355369.0,52355369.0,0.0,0.859,normal
2020-07-28,EWY,60.6528,60.23,4661164683,76850000.0,0.0,0.0,83321001.0,83321001.0,0.0,-0.697,normal
2020-07-29,EWY,61.0277,61.39,4689976209,76850000.0,0.0,0.0,28811526.0,28811526.0,-0.0,0.594,normal
2020-07-30,EWY,61.0671,60.86,4693007634,76850000.0,0.0,0.0,3031425.0,3031425.0,-0.0,-0.339,normal
2020-07-31,EWY,60.7779,60.26,4670784535,76850000.0,0.0,0.0,-22223099.0,-22223099.0,-0.0,-0.852,normal
2020-08-03,EWY,60.8429,60.97,4675777480,76850000.0,0.0,0.0,4992945.0,4992945.0,0.0,0.209,normal
2020-08-04,EWY,61.5311,61.74,4728665880,76850000.0,0.0,0.0,52888401.0,52888400.0,-1.0,0.34,normal
2020-08-05,EWY,62.7373,63.24,4821361659,76850000.0,0.0,0.0,92695778.0,92695779.0,1.0,0.801,normal
2020-08-06,EWY,64.0015,64.04,4918516889,76850000.0,0.0,0.0,97155230.0,97155230.0,-0.0,0.06,normal
2020-08-07,EWY,64.332,63.85,4943913739,76850000.0,0.0,0.0,25396850.0,25396850.0,-0.0,-0.749,normal
2020-08-10,EWY,65.1477,65.24,5006604050,76850000.0,0.0,0.0,62690311.0,62690311.0,0.0,0.142,normal
2020-08-11,EWY,66.1748,65.81,5085532150,76850000.0,0.0,0.0,78928101.0,78928100.0,-1.0,-0.551,normal
2020-08-12,EWY,66.4307,66.88,5105200601,76850000.0,0.0,0.0,19668451.0,19668451.0,-0.0,0.676,normal
2020-08-13,EWY,66.8258,66.53,5135562730,76850000.0,0.0,0.0,30362129.0,30362129.0,0.0,-0.443,normal
2020-08-14,EWY,65.832,65.86,5059192966,76850000.0,0.0,0.0,-76369764.0,-76369764.0,0.0,0.043,normal
2020-08-17,EWY,65.829,66.6,5058962492,76850000.0,0.0,0.0,-230473.0,-230474.0,-1.0,1.171,normal
2020-08-18,EWY,64.2343,64.52,4936408337,76850000.0,0.0,0.0,-122554155.0,-122554155.0,0.0,0.445,normal
2020-08-19,EWY,64.621,64.34,4966125925,76850000.0,0.0,0.0,29717588.0,29717588.0,0.0,-0.435,normal
2020-08-20,EWY,61.8317,62.45,4751763763,76850000.0,0.0,0.0,-214362162.0,-214362162.0,0.0,1.0,normal
2020-08-21,EWY,62.8494,62.73,4829974776,76850000.0,0.0,0.0,78211014.0,78211013.0,-1.0,-0.19,normal
2020-08-24,EWY,63.3956,63.57,4871950938,76850000.0,0.0,0.0,41976162.0,41976162.0,0.0,0.275,normal
2020-08-25,EWY,64.5555,64.52,4961087639,76850000.0,0.0,0.0,89136701.0,89136701.0,-0.0,-0.055,normal
2020-08-26,EWY,64.597,64.93,4964277913,76850000.0,0.0,0.0,3190274.0,3190274.0,-0.0,0.515,normal
2020-08-27,EWY,64.1412,63.79,4929250375,76850000.0,0.0,0.0,-35027538.0,-35027538.0,0.0,-0.547,normal
2020-08-28,EWY,64.4486,64.63,4965762010,77050000.0,200000.0,12889713.0,23621922.0,36511635.0,-1.0,0.281,normal
2020-08-31,EWY,63.0431,63.07,4857469160,77050000.0,0.0,0.0,-108292850.0,-108292850.0,0.0,0.043,normal
2020-09-01,EWY,63.9492,63.98,4927284242,77050000.0,0.0,0.0,69815082.0,69815082.0,-0.0,0.048,normal
2020-09-02,EWY,64.174,63.98,4944603156,77050000.0,0.0,0.0,17318914.0,17318914.0,0.0,-0.302,normal
2020-09-03,EWY,64.88,63.3,4999004077,77050000.0,0.0,0.0,54400921.0,54400921.0,-0.0,-2.435,normal
2020-09-04,EWY,63.8773,63.74,4921743576,77050000.0,0.0,0.0,-77260501.0,-77260501.0,-0.0,-0.215,normal
2020-09-08,EWY,64.9252,63.77,5002488586,77050000.0,0.0,0.0,80745010.0,80745010.0,0.0,-1.779,normal
2020-09-09,EWY,64.0929,64.61,4899902893,76450000.0,-600000.0,-38455745.0,-64129948.0,-102585693.0,0.0,0.807,normal
2020-09-10,EWY,64.8759,63.81,4959762326,76450000.0,0.0,0.0,59859433.0,59859433.0,0.0,-1.643,normal
2020-09-11,EWY,64.7609,64.5,4905638554,75750000.0,-700000.0,-45332633.0,-8791138.0,-54123772.0,-0.0,-0.403,normal
2020-09-14,EWY,65.8479,65.84,4987976228,75750000.0,0.0,0.0,82337675.0,82337674.0,-1.0,-0.012,normal
2020-09-15,EWY,66.5616,66.6,5042042791,75750000.0,0.0,0.0,54066563.0,54066563.0,0.0,0.058,normal
2020-09-16,EWY,66.5699,66.63,5042670001,75750000.0,0.0,0.0,627210.0,627210.0,0.0,0.09,normal
2020-09-17,EWY,65.873,66.43,4989883083,75750000.0,0.0,0.0,-52786918.0,-52786918.0,-0.0,0.846,normal
2020-09-18,EWY,66.7487,66.04,5056211601,75750000.0,0.0,0.0,66328518.0,66328518.0,-0.0,-1.062,normal
2020-09-21,EWY,66.3179,65.47,5023579031,75750000.0,0.0,0.0,-32632570.0,-32632570.0,-0.0,-1.278,normal
2020-09-22,EWY,64.4165,64.45,4879547527,75750000.0,0.0,0.0,-144031504.0,-144031504.0,0.0,0.052,normal
2020-09-23,EWY,64.5303,63.43,4888170755,75750000.0,0.0,0.0,8623228.0,8623228.0,-0.0,-1.705,normal
2020-09-24,EWY,62.5442,62.8,4737723908,75750000.0,0.0,0.0,-150446848.0,-150446847.0,1.0,0.409,normal
2020-09-25,EWY,62.8001,63.0,4757104242,75750000.0,0.0,0.0,19380334.0,19380334.0,-0.0,0.318,normal
2020-09-28,EWY,63.6074,64.35,4818262747,75750000.0,0.0,0.0,61158505.0,61158505.0,0.0,1.167,normal
2020-09-29,EWY,64.3873,64.53,4877337596,75750000.0,0.0,0.0,59074849.0,59074849.0,-0.0,0.222,normal
2020-09-30,EWY,64.386,65.34,4877238818,75750000.0,0.0,0.0,-98778.0,-98778.0,-0.0,1.482,normal
2020-10-01,EWY,66.0146,66.01,5000604662,75750000.0,0.0,0.0,123365844.0,123365844.0,0.0,-0.007,normal
2020-10-02,EWY,65.0104,65.19,4924535906,75750000.0,0.0,0.0,-76068756.0,-76068756.0,0.0,0.276,normal
2020-10-05,EWY,65.6707,66.63,4974558782,75750000.0,0.0,0.0,50022876.0,50022876.0,-0.0,1.461,normal
2020-10-06,EWY,65.9817,65.8,4998111351,75750000.0,0.0,0.0,23552569.0,23552569.0,0.0,-0.275,normal
2020-10-07,EWY,66.7507,67.37,5056366131,75750000.0,0.0,0.0,58254780.0,58254780.0,-0.0,0.928,normal
2020-10-08,EWY,67.1121,67.71,5083743999,75750000.0,0.0,0.0,27377868.0,27377868.0,0.0,0.891,normal
2020-10-09,EWY,67.1112,68.34,5083670900,75750000.0,0.0,0.0,-73099.0,-73099.0,-0.0,1.831,normal
2020-10-12,EWY,67.792,67.99,5135243697,75750000.0,0.0,0.0,51572797.0,51572797.0,0.0,0.292,normal
2020-10-13,EWY,67.7907,67.42,5135144919,75750000.0,0.0,0.0,-98778.0,-98778.0,-0.0,-0.547,normal
2020-10-14,EWY,67.0923,66.89,5082238392,75750000.0,0.0,0.0,-52906527.0,-52906527.0,0.0,-0.301,normal
2020-10-15,EWY,66.8343,66.55,5062699892,75750000.0,0.0,0.0,-19538501.0,-19538500.0,1.0,-0.425,normal
2020-10-16,EWY,66.1568,66.55,5011374267,75750000.0,0.0,0.0,-51325624.0,-51325625.0,-1.0,0.594,normal
2020-10-19,EWY,66.5883,66.45,5044063043,75750000.0,0.0,0.0,32688776.0,32688776.0,-0.0,-0.208,normal
2020-10-20,EWY,67.1622,67.28,5087534832,75750000.0,0.0,0.0,43471789.0,43471789.0,0.0,0.175,normal
2020-10-21,EWY,67.8729,67.7,5141373008,75750000.0,0.0,0.0,53838176.0,53838176.0,-0.0,-0.255,normal
2020-10-22,EWY,67.4312,67.36,5107910900,75750000.0,0.0,0.0,-33462108.0,-33462108.0,-0.0,-0.105,normal
2020-10-23,EWY,67.609,68.3,5121384401,75750000.0,0.0,0.0,13473501.0,13473501.0,-0.0,1.022,normal
2020-10-26,EWY,67.5999,67.17,5134212937,75950000.0,200000.0,13519981.0,-691446.0,12828536.0,1.0,-0.636,normal
2020-10-27,EWY,67.3873,67.04,5118062777,75950000.0,0.0,0.0,-16150160.0,-16150160.0,-0.0,-0.515,normal
2020-10-28,EWY,67.4915,66.03,5125982767,75950000.0,0.0,0.0,7919990.0,7919990.0,-0.0,-2.166,normal
2020-10-29,EWY,66.8029,66.36,5073680787,75950000.0,0.0,0.0,-52301980.0,-52301980.0,0.0,-0.663,normal
2020-10-30,EWY,64.7984,64.9,4921437265,75950000.0,0.0,0.0,-152243522.0,-152243522.0,-0.0,0.157,normal
2020-11-02,EWY,65.8247,66.02,4999383990,75950000.0,0.0,0.0,77946726.0,77946725.0,-1.0,0.297,normal
2020-11-03,EWY,67.0097,67.45,5089387171,75950000.0,0.0,0.0,90003180.0,90003181.0,1.0,0.657,normal
2020-11-04,EWY,67.1727,68.82,5101764666,75950000.0,0.0,0.0,12377496.0,12377495.0,-1.0,2.452,normal
2020-11-05,EWY,69.3763,70.45,5269127858,75950000.0,0.0,0.0,167363192.0,167363192.0,-0.0,1.548,normal
2020-11-06,EWY,69.9925,70.22,5315932881,75950000.0,0.0,0.0,46805023.0,46805023.0,0.0,0.325,normal
2020-11-09,EWY,71.2595,70.91,5412160620,75950000.0,0.0,0.0,96227739.0,96227739.0,0.0,-0.49,normal
2020-11-10,EWY,71.2458,71.56,5411117447,75950000.0,0.0,0.0,-1043173.0,-1043173.0,0.0,0.441,normal
2020-11-11,EWY,72.7266,72.51,5523586637,75950000.0,0.0,0.0,112469190.0,112469190.0,-0.0,-0.298,normal
2020-11-12,EWY,72.0661,71.81,5473417637,75950000.0,0.0,0.0,-50169000.0,-50169000.0,0.0,-0.355,normal
2020-11-13,EWY,72.4885,73.54,5505502790,75950000.0,0.0,0.0,32085153.0,32085153.0,-0.0,1.451,normal
2020-11-16,EWY,74.3683,74.93,5648270562,75950000.0,0.0,0.0,142767772.0,142767772.0,0.0,0.755,normal
2020-11-17,EWY,74.4246,74.88,5652550117,75950000.0,0.0,0.0,4279555.0,4279555.0,0.0,0.612,normal
2020-11-18,EWY,74.7864,74.84,5680026169,75950000.0,0.0,0.0,27476052.0,27476052.0,0.0,0.072,normal
2020-11-19,EWY,74.0926,74.6,5642154688,76150000.0,200000.0,14818528.0,-52690009.0,-37871481.0,-1.0,0.685,normal
2020-11-20,EWY,74.2815,74.66,5723386801,77050000.0,900000.0,66853318.0,14378795.0,81232113.0,0.0,0.51,normal
2020-11-23,EWY,76.1041,76.11,5882843142,77300000.0,250000.0,19026013.0,140430328.0,159456341.0,-0.0,0.008,normal
2020-11-24,EWY,76.4359,77.38,5969647617,78100000.0,800000.0,61148759.0,25655715.0,86804475.0,0.0,1.235,normal
2020-11-25,EWY,76.3622,76.73,6024979079,78900000.0,800000.0,61089775.0,-5758313.0,55331462.0,-0.0,0.482,normal
2020-11-27,EWY,77.5647,77.86,6174153622,79600000.0,700000.0,54295321.0,94879223.0,149174543.0,-0.0,0.381,normal
2020-11-30,EWY,75.8051,76.42,6034082696,79600000.0,0.0,0.0,-140070926.0,-140070926.0,0.0,0.811,normal
2020-12-01,EWY,77.3296,77.91,6325562016,81800000.0,2200000.0,170125140.0,121354180.0,291479320.0,0.0,0.75,normal
2020-12-02,EWY,79.0893,79.37,6528825677,82550000.0,750000.0,59317011.0,143946650.0,203263661.0,-0.0,0.355,normal
2020-12-03,EWY,80.2231,80.76,6670547688,83150000.0,600000.0,48133838.0,93588173.0,141722011.0,-0.0,0.669,normal
2020-12-04,EWY,82.6014,82.99,6888953924,83400000.0,250000.0,20650342.0,197755894.0,218406236.0,0.0,0.47,normal
2020-12-07,EWY,83.169,83.15,6936290930,83400000.0,0.0,0.0,47337006.0,47337006.0,0.0,-0.023,normal
2020-12-08,EWY,81.3392,81.38,6812160931,83750000.0,350000.0,28468732.0,-152598731.0,-124129999.0,0.0,0.05,normal
2020-12-09,EWY,83.144,82.2,6963311843,83750000.0,0.0,0.0,151150911.0,151150912.0,1.0,-1.135,normal
2020-12-10,EWY,82.5381,83.03,6912561771,83750000.0,0.0,0.0,-50750071.0,-50750072.0,-1.0,0.596,normal
2020-12-11,EWY,82.9988,82.43,6951147239,83750000.0,0.0,0.0,38585468.0,38585468.0,0.0,-0.685,normal
2020-12-14,EWY,82.0176,81.35,6868973749,83750000.0,0.0,0.0,-82173490.0,-82173490.0,0.0,-0.814,normal
2020-12-15,EWY,81.7177,82.53,6896977003,84400000.0,650000.0,53116529.0,-25113275.0,28003254.0,-0.0,0.994,normal
2020-12-16,EWY,82.0732,81.9,6926977827,84400000.0,0.0,0.0,30000824.0,30000824.0,0.0,-0.211,normal
2020-12-17,EWY,81.9673,81.71,6918043580,84400000.0,0.0,0.0,-8934246.0,-8934247.0,-1.0,-0.314,normal
2020-12-18,EWY,81.3602,81.22,6866802062,84400000.0,0.0,0.0,-51241519.0,-51241518.0,1.0,-0.172,normal
2020-12-21,EWY,81.2828,80.45,6860269080,84400000.0,0.0,0.0,-6532982.0,-6532982.0,-0.0,-1.025,normal
2020-12-22,EWY,79.6522,79.19,6722643486,84400000.0,0.0,0.0,-137625594.0,-137625594.0,-0.0,-0.58,normal
2020-12-23,EWY,80.7104,80.83,6811955059,84400000.0,0.0,0.0,89311574.0,89311573.0,-1.0,0.148,normal
2020-12-24,EWY,82.4469,82.16,6958520554,84400000.0,0.0,0.0,146565495.0,146565495.0,-0.0,-0.348,normal
2020-12-28,EWY,83.0117,82.93,7006189421,84400000.0,0.0,0.0,47668867.0,47668867.0,0.0,-0.098,normal
2020-12-29,EWY,84.4993,84.56,7131740160,84400000.0,0.0,0.0,125550739.0,125550739.0,-0.0,0.072,normal
2020-12-30,EWY,86.4689,86.15,7297971531,84400000.0,0.0,0.0,166231370.0,166231371.0,1.0,-0.369,normal
2020-12-31,EWY,86.4676,86.05,7297865524,84400000.0,0.0,0.0,-106006.0,-106007.0,-1.0,-0.483,normal
2021-01-04,EWY,89.0235,88.32,7513583400,84400000.0,0.0,0.0,215717876.0,215717876.0,0.0,-0.79,normal
2021-01-05,EWY,90.0519,90.53,7600381288,84400000.0,0.0,0.0,86797888.0,86797888.0,-0.0,0.531,normal
2021-01-06,EWY,89.3937,90.4,7544824566,84400000.0,0.0,0.0,-55556722.0,-55556722.0,0.0,1.126,normal
2021-01-07,EWY,91.3539,92.1,7710270257,84400000.0,0.0,0.0,165445691.0,165445691.0,0.0,0.817,normal
2021-01-08,EWY,95.4492,96.22,8055912142,84400000.0,0.0,0.0,345641885.0,345641885.0,-0.0,0.808,normal
2021-01-11,EWY,94.9921,95.4,8017336785,84400000.0,0.0,0.0,-38575358.0,-38575357.0,1.0,0.429,normal
2021-01-12,EWY,94.0198,94.62,7935268926,84400000.0,0.0,0.0,-82067859.0,-82067859.0,0.0,0.638,normal
2021-01-13,EWY,95.1716,94.6,8032481014,84400000.0,0.0,0.0,97212089.0,97212088.0,-1.0,-0.601,normal
2021-01-14,EWY,94.6945,95.26,7992218079,84400000.0,0.0,0.0,-40262936.0,-40262935.0,1.0,0.597,normal
2021-01-15,EWY,92.3924,92.23,7797922358,84400000.0,0.0,0.0,-194295721.0,-194295721.0,-0.0,-0.176,normal
2021-01-19,EWY,92.5039,92.63,7821203815,84550000.0,150000.0,13875583.0,9405874.0,23281457.0,0.0,0.136,normal
2021-01-20,EWY,93.334,93.91,7891390968,84550000.0,0.0,0.0,70187153.0,70187153.0,-0.0,0.617,normal
2021-01-21,EWY,94.9201,96.04,8025497499,84550000.0,0.0,0.0,134106531.0,134106531.0,0.0,1.18,normal
2021-01-22,EWY,93.8078,93.82,7931447292,84550000.0,0.0,0.0,-94050207.0,-94050207.0,0.0,0.013,normal
2021-01-25,EWY,96.177,95.76,8131764082,84550000.0,0.0,0.0,200316790.0,200316790.0,-0.0,-0.434,normal
2021-01-26,EWY,93.4546,94.27,7929619925,84850000.0,300000.0,28036370.0,-230180526.0,-202144157.0,-0.0,0.873,normal
2021-01-27,EWY,93.0984,90.83,7899396270,84850000.0,0.0,0.0,-30223655.0,-30223655.0,-0.0,-2.437,normal
2021-01-28,EWY,90.6886,92.13,7694924825,84850000.0,0.0,0.0,-204471445.0,-204471445.0,0.0,1.589,normal
2021-01-29,EWY,88.0383,88.1,7470045937,84850000.0,0.0,0.0,-224878888.0,-224878888.0,0.0,0.07,normal
2021-02-01,EWY,90.8195,91.68,7719654780,85000000.0,150000.0,13622920.0,235985923.0,249608843.0,-0.0,0.948,normal
2021-02-02,EWY,91.7849,92.19,7847612712,85500000.0,500000.0,45892472.0,82065460.0,127957932.0,0.0,0.441,normal
2021-02-03,EWY,93.0221,93.02,7953392115,85500000.0,0.0,0.0,105779403.0,105779403.0,-0.0,-0.002,normal
2021-02-04,EWY,91.3707,91.61,7812192114,85500000.0,0.0,0.0,-141200001.0,-141200001.0,0.0,0.262,normal
2021-02-05,EWY,92.0428,92.96,7869662136,85500000.0,0.0,0.0,57470022.0,57470022.0,-0.0,0.997,normal
2021-02-08,EWY,91.315,91.83,7807429422,85500000.0,0.0,0.0,-62232714.0,-62232714.0,0.0,0.564,normal
2021-02-09,EWY,91.3543,92.31,7810792222,85500000.0,0.0,0.0,3362800.0,3362800.0,-0.0,1.046,normal
2021-02-10,EWY,92.683,92.96,7924392567,85500000.0,0.0,0.0,113600345.0,113600345.0,0.0,0.299,normal
2021-02-11,EWY,92.6816,93.98,7924278082,85500000.0,0.0,0.0,-114485.0,-114485.0,-0.0,1.401,normal
2021-02-12,EWY,92.6763,94.1,7923827241,85500000.0,0.0,0.0,-450841.0,-450841.0,0.0,1.536,normal
2021-02-16,EWY,94.9555,93.62,8118697558,85500000.0,0.0,0.0,194870317.0,194870317.0,-0.0,-1.407,normal
2021-02-17,EWY,93.2563,92.99,7973417754,85500000.0,0.0,0.0,-145279805.0,-145279804.0,1.0,-0.286,normal
2021-02-18,EWY,91.6521,91.61,7836251472,85500000.0,0.0,0.0,-137166282.0,-137166282.0,0.0,-0.046,normal
2021-02-19,EWY,92.6107,93.1,7918213909,85500000.0,0.0,0.0,81962437.0,81962437.0,-0.0,0.528,normal
2021-02-22,EWY,91.2445,90.68,7801404836,85500000.0,0.0,0.0,-116809074.0,-116809073.0,1.0,-0.619,normal
2021-02-23,EWY,90.9751,90.99,7778371563,85500000.0,0.0,0.0,-23033273.0,-23033273.0,-0.0,0.016,normal
2021-02-24,EWY,88.687,89.99,7582735080,85500000.0,0.0,0.0,-195636483.0,-195636483.0,-0.0,1.469,normal
2021-02-25,EWY,92.3036,89.01,7891961562,85500000.0,0.0,0.0,309226482.0,309226482.0,-0.0,-3.568,normal
2021-02-26,EWY,88.2055,87.97,7541571960,85500000.0,0.0,0.0,-350389602.0,-350389602.0,-0.0,-0.267,normal
2021-03-01,EWY,90.3954,90.32,7728803708,85500000.0,0.0,0.0,187231747.0,187231748.0,1.0,-0.083,normal
2021-03-02,EWY,89.3049,89.43,7635566300,85500000.0,0.0,0.0,-93237408.0,-93237408.0,0.0,0.14,normal
2021-03-03,EWY,90.8854,89.17,7770703410,85500000.0,0.0,0.0,135137110.0,135137110.0,-0.0,-1.887,normal
2021-03-04,EWY,89.2797,87.55,7633414008,85500000.0,0.0,0.0,-137289402.0,-137289402.0,-0.0,-1.937,normal
2021-03-05,EWY,88.7602,89.01,7588997870,85500000.0,0.0,0.0,-44416138.0,-44416138.0,0.0,0.281,normal
2021-03-08,EWY,87.3405,86.81,7467611382,85500000.0,0.0,0.0,-121386487.0,-121386488.0,-1.0,-0.607,normal
2021-03-09,EWY,86.2844,87.46,7377319449,85500000.0,0.0,0.0,-90291933.0,-90291933.0,0.0,1.362,normal
2021-03-10,EWY,85.6439,86.17,7322551911,85500000.0,0.0,0.0,-54767538.0,-54767538.0,-0.0,0.614,normal
2021-03-11,EWY,87.8742,88.75,7513247862,85500000.0,0.0,0.0,190695951.0,190695951.0,0.0,0.997,normal
2021-03-12,EWY,89.1196,88.03,7619726313,85500000.0,0.0,0.0,106478451.0,106478451.0,0.0,-1.223,normal
2021-03-15,EWY,88.5626,89.28,7572105720,85500000.0,0.0,0.0,-47620593.0,-47620593.0,0.0,0.81,normal
2021-03-16,EWY,89.6138,89.44,7661978276,85500000.0,0.0,0.0,89872556.0,89872556.0,0.0,-0.194,normal
2021-03-17,EWY,88.715,89.64,7585130534,85500000.0,0.0,0.0,-76847742.0,-76847742.0,-0.0,1.043,normal
2021-03-18,EWY,89.9223,87.63,7665879485,85250000.0,-250000.0,-22480585.0,103229537.0,80748951.0,-1.0,-2.549,normal
2021-03-19,EWY,88.4867,88.88,7543493477,85250000.0,0.0,0.0,-122386008.0,-122386008.0,0.0,0.444,normal
2021-03-22,EWY,88.545,89.09,7548458863,85250000.0,0.0,0.0,4965386.0,4965386.0,-0.0,0.616,normal
2021-03-23,EWY,87.5103,86.48,7460252734,85250000.0,0.0,0.0,-88206129.0,-88206129.0,0.0,-1.177,normal
2021-03-24,EWY,86.8891,86.01,7407299526,85250000.0,0.0,0.0,-52953208.0,-52953208.0,-0.0,-1.012,normal
2021-03-25,EWY,87.1812,87.33,7432195936,85250000.0,0.0,0.0,24896410.0,24896410.0,-0.0,0.171,normal
2021-03-26,EWY,88.3446,89.14,7531374252,85250000.0,0.0,0.0,99178315.0,99178316.0,1.0,0.9,normal
2021-03-29,EWY,88.057,88.22,7506860102,85250000.0,0.0,0.0,-24514149.0,-24514150.0,-1.0,0.185,normal
2021-03-30,EWY,89.064,88.6,7592709666,85250000.0,0.0,0.0,85849563.0,85849564.0,1.0,-0.521,normal
2021-03-31,EWY,88.8908,89.7,7577938654,85250000.0,0.0,0.0,-14771012.0,-14771012.0,-0.0,0.91,normal
2021-04-01,EWY,89.7533,90.69,7651470018,85250000.0,0.0,0.0,73531365.0,73531364.0,-1.0,1.044,normal
2021-04-05,EWY,91.003,91.86,7758008308,85250000.0,0.0,0.0,106538289.0,106538290.0,1.0,0.942,normal
2021-04-06,EWY,91.7353,91.96,7820437224,85250000.0,0.0,0.0,62428916.0,62428916.0,0.0,0.245,normal
2021-04-07,EWY,92.2565,91.4,7864866369,85250000.0,0.0,0.0,44429146.0,44429145.0,-1.0,-0.928,normal
2021-04-08,EWY,92.3129,91.74,7869674384,85250000.0,0.0,0.0,4808015.0,4808015.0,0.0,-0.621,normal
2021-04-09,EWY,91.4932,91.31,7799795812,85250000.0,0.0,0.0,-69878572.0,-69878572.0,0.0,-0.2,normal
2021-04-12,EWY,91.2574,90.85,7752319273,84950000.0,-300000.0,-27377231.0,-20099307.0,-47476539.0,-1.0,-0.447,normal
2021-04-13,EWY,92.2805,92.48,7839225502,84950000.0,0.0,0.0,86906229.0,86906229.0,0.0,0.216,normal
2021-04-14,EWY,93.4598,93.25,7939412558,84950000.0,0.0,0.0,100187057.0,100187056.0,-1.0,-0.225,normal
2021-04-15,EWY,93.7759,93.98,7806846838,83250000.0,-1700000.0,-159419095.0,26853375.0,-132565720.0,0.0,0.218,normal
2021-04-16,EWY,93.8144,93.44,7763145241,82750000.0,-500000.0,-46907222.0,3205624.0,-43701597.0,1.0,-0.399,normal
2021-04-19,EWY,93.6897,93.4,7677867473,81950000.0,-800000.0,-74951726.0,-10326042.0,-85277768.0,-0.0,-0.309,normal
2021-04-20,EWY,94.5529,93.2,7701331506,81450000.0,-500000.0,-47276436.0,70740469.0,23464033.0,0.0,-1.431,normal
2021-04-21,EWY,92.2617,92.97,7500874178,81300000.0,-150000.0,-13839251.0,-186618077.0,-200457328.0,0.0,0.768,normal
2021-04-22,EWY,92.4434,91.42,7501781423,81150000.0,-150000.0,-13866509.0,14773755.0,907245.0,-1.0,-1.107,normal
2021-04-23,EWY,92.6168,92.84,7460282354,80550000.0,-600000.0,-55570073.0,14071004.0,-41499069.0,0.0,0.241,normal
2021-04-26,EWY,93.9285,93.59,7565938661,80550000.0,0.0,0.0,105656307.0,105656307.0,-0.0,-0.36,normal
2021-04-27,EWY,94.0918,93.13,7560273961,80350000.0,-200000.0,-18818355.0,13153654.0,-5664700.0,1.0,-1.022,normal
2021-04-28,EWY,92.8455,92.89,7381214626,79500000.0,-850000.0,-78918647.0,-100140687.0,-179059335.0,-1.0,0.048,normal
2021-04-29,EWY,92.999,92.7,7305073178,78550000.0,-950000.0,-88349071.0,12207622.0,-76141448.0,0.0,-0.322,normal
2021-04-30,EWY,91.7544,90.56,6977922424,76050000.0,-2500000.0,-229386010.0,-97764744.0,-327150754.0,-0.0,-1.302,normal
2021-05-03,EWY,90.488,90.38,6858988732,75800000.0,-250000.0,-22621994.0,-96311697.0,-118933692.0,-0.0,-0.119,normal
2021-05-04,EWY,90.6305,90.35,6815414051,75200000.0,-600000.0,-54378304.0,10803622.0,-43574681.0,0.0,-0.309,normal
2021-05-05,EWY,90.9979,90.6,6843039147,75200000.0,0.0,0.0,27625096.0,27625096.0,-0.0,-0.437,normal
2021-05-06,EWY,92.1975,92.25,6933253354,75200000.0,0.0,0.0,90214206.0,90214207.0,1.0,0.057,normal
2021-05-07,EWY,92.9092,93.6,6968189625,75000000.0,-200000.0,-18581839.0,53518110.0,34936271.0,-0.0,0.744,normal
2021-05-10,EWY,93.6349,93.33,7022613825,75000000.0,0.0,0.0,54424200.0,54424200.0,-0.0,-0.326,normal
2021-05-11,EWY,92.3206,92.14,6924044100,75000000.0,0.0,0.0,-98569725.0,-98569725.0,-0.0,-0.196,normal
2021-05-12,EWY,89.0636,88.18,6679769175,75000000.0,0.0,0.0,-244274925.0,-244274925.0,0.0,-0.992,normal
2021-05-13,EWY,89.5702,89.22,6699851484,74800000.0,-200000.0,-17914041.0,37996350.0,20082309.0,0.0,-0.391,normal
2021-05-14,EWY,90.6736,90.53,6755184094,74500000.0,-300000.0,-27202084.0,82534694.0,55332610.0,-0.0,-0.158,normal
2021-05-17,EWY,88.8591,88.84,6597791294,74250000.0,-250000.0,-22214786.0,-135178015.0,-157392800.0,0.0,-0.021,normal
2021-05-18,EWY,89.6619,90.37,6657394887,74250000.0,0.0,0.0,59603593.0,59603593.0,-0.0,0.79,normal
2021-05-19,EWY,89.3033,90.08,6630767872,74250000.0,0.0,0.0,-26627015.0,-26627015.0,0.0,0.87,normal
2021-05-20,EWY,90.5014,90.6,6719725386,74250000.0,0.0,0.0,88957514.0,88957514.0,-0.0,0.109,normal
2021-05-21,EWY,90.1289,89.5,6692069414,74250000.0,0.0,0.0,-27655972.0,-27655972.0,-0.0,-0.698,normal
2021-05-24,EWY,90.386,90.43,6711162356,74250000.0,0.0,0.0,19092942.0,19092942.0,0.0,0.049,normal
2021-05-25,EWY,90.6846,91.21,6733335114,74250000.0,0.0,0.0,22172758.0,22172758.0,0.0,0.579,normal
2021-05-26,EWY,91.3483,91.57,6782614691,74250000.0,0.0,0.0,49279577.0,49279577.0,0.0,0.243,normal
2021-05-27,EWY,91.1436,90.79,6767412894,74250000.0,0.0,0.0,-15201797.0,-15201797.0,-0.0,-0.388,normal
2021-05-28,EWY,91.6203,92.03,6802804825,74250000.0,0.0,0.0,35391931.0,35391931.0,0.0,0.447,normal
2021-06-01,EWY,93.3377,93.46,6930327715,74250000.0,0.0,0.0,127522890.0,127522890.0,0.0,0.131,normal
2021-06-02,EWY,92.7919,92.93,6889795160,74250000.0,0.0,0.0,-40532555.0,-40532555.0,0.0,0.149,normal
2021-06-03,EWY,93.0862,92.72,6911651761,74250000.0,0.0,0.0,21856601.0,21856601.0,-0.0,-0.393,normal
2021-06-04,EWY,93.4681,93.8,6940008133,74250000.0,0.0,0.0,28356372.0,28356372.0,-0.0,0.355,normal
2021-06-07,EWY,93.3989,93.34,6934870478,74250000.0,0.0,0.0,-5137655.0,-5137655.0,-0.0,-0.063,normal
2021-06-08,EWY,92.9265,92.71,6871912013,73950000.0,-300000.0,-27877939.0,-35080526.0,-62958465.0,0.0,-0.233,normal
2021-06-09,EWY,91.7439,91.55,6784461331,73950000.0,0.0,0.0,-87450682.0,-87450682.0,-0.0,-0.211,normal
2021-06-10,EWY,92.3864,92.68,6831977016,73950000.0,0.0,0.0,47515685.0,47515685.0,-0.0,0.318,normal
2021-06-11,EWY,93.4865,92.64,6913324161,73950000.0,0.0,0.0,81347145.0,81347145.0,0.0,-0.905,normal
2021-06-14,EWY,93.259,92.97,6896506378,73950000.0,0.0,0.0,-16817783.0,-16817783.0,-0.0,-0.31,normal
2021-06-15,EWY,92.9833,92.87,6876117993,73950000.0,0.0,0.0,-20388385.0,-20388385.0,-0.0,-0.122,normal
2021-06-16,EWY,93.3226,91.88,6901204495,73950000.0,0.0,0.0,25086502.0,25086502.0,-0.0,-1.546,normal
2021-06-17,EWY,92.4339,91.72,6835483947,73950000.0,0.0,0.0,-65720548.0,-65720548.0,0.0,-0.772,normal
2021-06-18,EWY,91.2605,91.1,6748714641,73950000.0,0.0,0.0,-86769306.0,-86769306.0,0.0,-0.176,normal
2021-06-21,EWY,92.6844,92.06,6742791919,72750000.0,-1200000.0,-111221310.0,105298588.0,-5922722.0,-0.0,-0.674,normal
2021-06-22,EWY,92.4224,91.97,6723732728,72750000.0,0.0,0.0,-19059191.0,-19059191.0,-0.0,-0.489,normal
2021-06-23,EWY,92.1972,92.35,6707343972,72750000.0,0.0,0.0,-16388756.0,-16388756.0,0.0,0.166,normal
2021-06-24,EWY,93.3253,93.45,6770752692,72550000.0,-200000.0,-18665066.0,82073785.0,63408720.0,1.0,0.134,normal
2021-06-25,EWY,93.99,94.01,6818970945,72550000.0,0.0,0.0,48218254.0,48218253.0,-1.0,0.021,normal
2021-06-28,EWY,93.5822,93.44,6789388030,72550000.0,0.0,0.0,-29582915.0,-29582915.0,0.0,-0.152,normal
2021-06-29,EWY,93.3194,93.09,6770325735,72550000.0,0.0,0.0,-19062295.0,-19062295.0,-0.0,-0.246,normal
2021-06-30,EWY,93.8107,93.18,6805963818,72550000.0,0.0,0.0,35638084.0,35638083.0,-1.0,-0.672,normal
2021-07-01,EWY,92.9921,92.6,6746578306,72550000.0,0.0,0.0,-59385512.0,-59385512.0,0.0,-0.422,normal
2021-07-02,EWY,92.9632,93.0,6744482336,72550000.0,0.0,0.0,-2095970.0,-2095970.0,-0.0,0.04,normal
2021-07-06,EWY,93.1394,92.32,6757261366,72550000.0,0.0,0.0,12779030.0,12779030.0,0.0,-0.88,normal
2021-07-07,EWY,92.4183,91.58,6704947447,72550000.0,0.0,0.0,-52313919.0,-52313919.0,-0.0,-0.907,normal
2021-07-08,EWY,90.4641,89.54,6545078141,72350000.0,-200000.0,-18092821.0,-141776484.0,-159869306.0,-0.0,-1.022,normal
2021-07-09,EWY,90.4044,90.21,6486512758,71750000.0,-600000.0,-54242615.0,-4322768.0,-58565383.0,0.0,-0.215,normal
2021-07-12,EWY,90.9097,90.9,6422772354,70650000.0,-1100000.0,-100000702.0,36260297.0,-63740404.0,0.0,-0.011,normal
2021-07-13,EWY,91.1329,90.67,6383860906,70050000.0,-600000.0,-54679751.0,15768303.0,-38911448.0,-0.0,-0.508,normal
2021-07-14,EWY,90.9547,91.28,6371373443,70050000.0,0.0,0.0,-12487463.0,-12487463.0,0.0,0.358,normal
2021-07-15,EWY,91.847,91.66,6433885642,70050000.0,0.0,0.0,62512200.0,62512199.0,-1.0,-0.204,normal
2021-07-16,EWY,91.2302,90.71,6390677822,70050000.0,0.0,0.0,-43207821.0,-43207820.0,1.0,-0.57,normal
2021-07-19,EWY,89.2194,88.61,6249817989,70050000.0,0.0,0.0,-140859832.0,-140859833.0,-1.0,-0.683,normal
2021-07-20,EWY,90.3947,89.94,6332147614,70050000.0,0.0,0.0,82329625.0,82329625.0,0.0,-0.503,normal
2021-07-21,EWY,89.4661,89.46,6267103037,70050000.0,0.0,0.0,-65044577.0,-65044577.0,0.0,-0.007,normal
2021-07-22,EWY,90.1704,90.2,6302913406,69900000.0,-150000.0,-13525565.0,49335935.0,35810369.0,-1.0,0.033,normal
2021-07-23,EWY,90.4163,90.15,6320102516,69900000.0,0.0,0.0,17189109.0,17189110.0,1.0,-0.295,normal
2021-07-26,EWY,89.3205,90.03,6243500084,69900000.0,0.0,0.0,-76602431.0,-76602432.0,-1.0,0.794,normal
2021-07-27,EWY,89.1266,89.13,6229952835,69900000.0,0.0,0.0,-13547249.0,-13547249.0,0.0,0.004,normal
2021-07-28,EWY,89.5506,89.96,6259585892,69900000.0,0.0,0.0,29633057.0,29633057.0,0.0,0.457,normal
2021-07-29,EWY,90.1534,90.61,6301725596,69900000.0,0.0,0.0,42139704.0,42139704.0,-0.0,0.506,normal
2021-07-30,EWY,88.5133,88.75,6187076874,69900000.0,0.0,0.0,-114648722.0,-114648722.0,-0.0,0.268,normal
2021-08-02,EWY,88.4975,88.73,6185976578,69900000.0,0.0,0.0,-1100296.0,-1100296.0,-0.0,0.263,normal
2021-08-03,EWY,90.0972,90.05,6297793791,69900000.0,0.0,0.0,111817213.0,111817213.0,0.0,-0.052,normal
2021-08-04,EWY,91.0739,91.29,6366063723,69900000.0,0.0,0.0,68269932.0,68269932.0,-0.0,0.237,normal
2021-08-05,EWY,91.4018,91.51,6388987218,69900000.0,0.0,0.0,22923495.0,22923495.0,-0.0,0.118,normal
2021-08-06,EWY,90.8416,90.39,6349826023,69900000.0,0.0,0.0,-39161195.0,-39161195.0,0.0,-0.497,normal
2021-08-09,EWY,90.4143,90.3,6351607244,70250000.0,350000.0,31645018.0,-29863796.0,1781221.0,-1.0,-0.127,normal
2021-08-10,EWY,89.3283,89.01,6275310897,70250000.0,0.0,0.0,-76296347.0,-76296347.0,0.0,-0.356,normal
2021-08-11,EWY,88.3923,88.39,6209557530,70250000.0,0.0,0.0,-65753368.0,-65753367.0,1.0,-0.003,normal
2021-08-12,EWY,87.5131,87.33,6147793448,70250000.0,0.0,0.0,-61764081.0,-61764082.0,-1.0,-0.209,normal
2021-08-13,EWY,85.8741,86.35,6032656860,70250000.0,0.0,0.0,-115136589.0,-115136588.0,1.0,0.554,normal
2021-08-16,EWY,85.712,85.95,6021267087,70250000.0,0.0,0.0,-11389773.0,-11389773.0,-0.0,0.278,normal
2021-08-17,EWY,84.119,83.96,5909358907,70250000.0,0.0,0.0,-111908180.0,-111908180.0,-0.0,-0.189,normal
2021-08-18,EWY,84.6803,84.38,5948794096,70250000.0,0.0,0.0,39435189.0,39435189.0,0.0,-0.355,normal
2021-08-19,EWY,83.2734,83.0,5849957614,70250000.0,0.0,0.0,-98836481.0,-98836482.0,-1.0,-0.328,normal
2021-08-20,EWY,82.458,82.62,5792674922,70250000.0,0.0,0.0,-57282693.0,-57282692.0,1.0,0.197,normal
2021-08-23,EWY,83.419,83.95,5860183766,70250000.0,0.0,0.0,67508845.0,67508844.0,-1.0,0.637,normal
2021-08-24,EWY,85.1359,85.49,5980793814,70250000.0,0.0,0.0,120610047.0,120610048.0,1.0,0.416,normal
2021-08-25,EWY,85.4765,85.54,6030369121,70550000.0,300000.0,25642959.0,23932348.0,49575307.0,-0.0,0.074,normal
2021-08-26,EWY,84.3004,84.47,5947394913,70550000.0,0.0,0.0,-82974208.0,-82974208.0,-0.0,0.201,normal
2021-08-27,EWY,85.0975,85.7,6003628202,70550000.0,0.0,0.0,56233288.0,56233289.0,1.0,0.708,normal
2021-08-30,EWY,85.1102,84.99,6004527503,70550000.0,0.0,0.0,899301.0,899301.0,0.0,-0.141,normal
2021-08-31,EWY,86.9863,86.69,6136885158,70550000.0,0.0,0.0,132357656.0,132357655.0,-1.0,-0.341,normal
2021-09-01,EWY,87.2691,87.68,6156834370,70550000.0,0.0,0.0,19949212.0,19949212.0,0.0,0.471,normal
2021-09-02,EWY,86.4583,86.6,6099632853,70550000.0,0.0,0.0,-57201517.0,-57201517.0,-0.0,0.164,normal
2021-09-03,EWY,87.6145,87.7,6181204386,70550000.0,0.0,0.0,81571533.0,81571533.0,0.0,0.098,normal
2021-09-07,EWY,86.6824,86.43,6115444308,70550000.0,0.0,0.0,-65760078.0,-65760078.0,0.0,-0.291,normal
2021-09-08,EWY,85.3373,84.98,6020548420,70550000.0,0.0,0.0,-94895888.0,-94895888.0,-0.0,-0.419,normal
2021-09-09,EWY,83.8359,83.64,5914625567,70550000.0,0.0,0.0,-105922853.0,-105922853.0,-0.0,-0.234,normal
2021-09-10,EWY,83.5467,83.61,5894221519,70550000.0,0.0,0.0,-20404048.0,-20404048.0,-0.0,0.076,normal
2021-09-13,EWY,83.9374,84.24,5921786886,70550000.0,0.0,0.0,27565367.0,27565367.0,0.0,0.36,normal
2021-09-14,EWY,84.1467,84.36,5936547216,70550000.0,0.0,0.0,14760330.0,14760330.0,0.0,0.254,normal
2021-09-15,EWY,85.2119,85.21,6011702438,70550000.0,0.0,0.0,75155222.0,75155222.0,0.0,-0.002,normal
2021-09-16,EWY,83.9024,83.62,5919315026,70550000.0,0.0,0.0,-92387412.0,-92387412.0,0.0,-0.337,normal
2021-09-17,EWY,83.4094,83.08,5884532888,70550000.0,0.0,0.0,-34782138.0,-34782138.0,-0.0,-0.395,normal
2021-09-20,EWY,82.2108,81.05,5799974480,70550000.0,0.0,0.0,-84558408.0,-84558408.0,0.0,-1.412,normal
2021-09-21,EWY,82.3562,81.1,5810232944,70550000.0,0.0,0.0,10258464.0,10258464.0,0.0,-1.525,normal
2021-09-22,EWY,82.8132,81.99,5842474011,70550000.0,0.0,0.0,32241068.0,32241067.0,-1.0,-0.994,normal
2021-09-23,EWY,84.3799,83.96,5953002509,70550000.0,0.0,0.0,110528498.0,110528498.0,0.0,-0.498,normal
2021-09-24,EWY,83.5879,82.51,5897129661,70550000.0,0.0,0.0,-55872849.0,-55872848.0,1.0,-1.29,normal
2021-09-27,EWY,83.447,83.0,5887182957,70550000.0,0.0,0.0,-9946703.0,-9946704.0,-1.0,-0.536,normal
2021-09-28,EWY,81.2905,81.0,5735043293,70550000.0,0.0,0.0,-152139664.0,-152139664.0,0.0,-0.357,normal
2021-09-29,EWY,81.0457,80.06,5717776957,70550000.0,0.0,0.0,-17266336.0,-17266336.0,0.0,-1.216,normal
2021-09-30,EWY,80.5864,80.66,5685373695,70550000.0,0.0,0.0,-32403262.0,-32403262.0,0.0,0.091,normal
2021-10-01,EWY,80.6945,80.49,5692999162,70550000.0,0.0,0.0,7625467.0,7625467.0,-0.0,-0.254,normal
2021-10-04,EWY,79.5761,79.36,5594202712,70300000.0,-250000.0,-19894035.0,-78902414.0,-98796450.0,-0.0,-0.272,normal
2021-10-05,EWY,79.0581,78.89,5557784289,70300000.0,0.0,0.0,-36418423.0,-36418423.0,-0.0,-0.213,normal
2021-10-06,EWY,77.5381,77.18,5427669660,70000000.0,-300000.0,-23261441.0,-106853188.0,-130114629.0,0.0,-0.462,normal
2021-10-07,EWY,78.6677,78.48,5506741240,70000000.0,0.0,0.0,79071580.0,79071580.0,0.0,-0.239,normal
2021-10-08,EWY,77.9779,77.95,5458452860,70000000.0,0.0,0.0,-48288380.0,-48288380.0,0.0,-0.036,normal
2021-10-11,EWY,78.0647,77.79,5464529700,70000000.0,0.0,0.0,6076840.0,6076840.0,-0.0,-0.352,normal
2021-10-12,EWY,76.7499,76.47,5372493210,70000000.0,0.0,0.0,-92036490.0,-92036490.0,0.0,-0.365,normal
2021-10-13,EWY,77.9441,78.28,5432703422,69700000.0,-300000.0,-23383228.0,83593440.0,60210212.0,0.0,0.431,normal
2021-10-14,EWY,79.7838,79.51,5560933021,69700000.0,0.0,0.0,128229599.0,128229599.0,-0.0,-0.343,normal
2021-10-15,EWY,80.4526,80.37,5607549147,69700000.0,0.0,0.0,46616127.0,46616126.0,-1.0,-0.103,normal
2021-10-18,EWY,79.9839,79.64,5574875112,69700000.0,0.0,0.0,-32674036.0,-32674035.0,1.0,-0.43,normal
2021-10-19,EWY,81.3069,81.1,5667092742,69700000.0,0.0,0.0,92217630.0,92217630.0,-0.0,-0.255,normal
2021-10-20,EWY,81.1076,80.65,5653196723,69700000.0,0.0,0.0,-13896019.0,-13896019.0,0.0,-0.564,normal
2021-10-21,EWY,80.6621,80.22,5622150879,69700000.0,0.0,0.0,-31045844.0,-31045844.0,-0.0,-0.548,normal
2021-10-22,EWY,80.5079,80.36,5611400491,69700000.0,0.0,0.0,-10750389.0,-10750388.0,1.0,-0.184,normal
2021-10-25,EWY,81.8532,81.44,5676518657,69350000.0,-350000.0,-28648616.0,93766783.0,65118166.0,-1.0,-0.505,normal
2021-10-26,EWY,82.2379,82.03,5703197325,69350000.0,0.0,0.0,26678668.0,26678668.0,0.0,-0.253,normal
2021-10-27,EWY,80.9983,80.99,5568634569,68750000.0,-600000.0,-48598993.0,-85963763.0,-134562756.0,0.0,-0.01,normal
2021-10-28,EWY,81.5033,81.09,5603349194,68750000.0,0.0,0.0,34714625.0,34714625.0,0.0,-0.507,normal
2021-10-29,EWY,80.1822,79.49,5488468373,68450000.0,-300000.0,-24054646.0,-90826175.0,-114880821.0,-0.0,-0.863,normal
2021-11-01,EWY,79.915,79.84,5278387269,66050000.0,-2400000.0,-191796055.0,-18285048.0,-210081104.0,-0.0,-0.094,normal
2021-11-02,EWY,80.9765,80.45,5324202376,65750000.0,-300000.0,-24292939.0,70108046.0,45815107.0,-0.0,-0.65,normal
2021-11-03,EWY,79.7689,79.5,5244803992,65750000.0,0.0,0.0,-79398385.0,-79398384.0,1.0,-0.337,normal
2021-11-04,EWY,79.6813,79.57,5191236434,65150000.0,-600000.0,-47808778.0,-5758780.0,-53567558.0,-1.0,-0.14,normal
2021-11-05,EWY,79.5498,79.47,5123004222,64400000.0,-750000.0,-59662316.0,-8569896.0,-68232212.0,0.0,-0.1,normal
2021-11-08,EWY,79.5262,79.65,5121487988,64400000.0,0.0,0.0,-1516234.0,-1516234.0,-0.0,0.156,normal
2021-11-09,EWY,79.6174,79.1,5107455633,64150000.0,-250000.0,-19904348.0,5871992.0,-14032355.0,1.0,-0.65,normal
2021-11-10,EWY,78.323,77.72,5024417435,64150000.0,0.0,0.0,-83038198.0,-83038198.0,-0.0,-0.77,normal
2021-11-11,EWY,78.5775,78.65,5040746304,64150000.0,0.0,0.0,16328869.0,16328869.0,-0.0,0.092,normal
2021-11-12,EWY,79.7311,79.72,5114747884,64150000.0,0.0,0.0,74001580.0,74001580.0,0.0,-0.014,normal
2021-11-15,EWY,80.289,79.86,5150537426,64150000.0,0.0,0.0,35789542.0,35789542.0,0.0,-0.534,normal
2021-11-16,EWY,80.4612,79.7,5161585403,64150000.0,0.0,0.0,11047977.0,11047977.0,-0.0,-0.946,normal
2021-11-17,EWY,79.093,78.68,5073818773,64150000.0,0.0,0.0,-87766630.0,-87766630.0,0.0,-0.522,normal
2021-11-18,EWY,78.8465,78.23,5022521158,63700000.0,-450000.0,-35480919.0,-15816696.0,-51297615.0,-1.0,-0.782,normal
2021-11-19,EWY,78.9876,78.43,4944624323,62600000.0,-1100000.0,-86886370.0,8989535.0,-77896835.0,-0.0,-0.706,normal
2021-11-22,EWY,80.3889,80.03,5000188523,62200000.0,-400000.0,-32155553.0,87719752.0,55564200.0,1.0,-0.446,normal
2021-11-23,EWY,79.9855,79.41,4975095923,62200000.0,0.0,0.0,-25092600.0,-25092600.0,-0.0,-0.72,normal
2021-11-24,EWY,80.1173,79.19,4967272600,62000000.0,-200000.0,-16023460.0,8200137.0,-7823323.0,0.0,-1.157,normal
2021-11-26,EWY,76.6488,75.76,4671742714,60950000.0,-1050000.0,-80481212.0,-215048674.0,-295529886.0,-0.0,-1.159,normal
2021-11-29,EWY,76.8328,76.37,4659910776,60650000.0,-300000.0,-23049847.0,11217908.0,-11831938.0,1.0,-0.602,normal
2021-11-30,EWY,75.2654,75.73,4553555369,60500000.0,-150000.0,-11289807.0,-95065600.0,-106355407.0,-0.0,0.617,normal
2021-12-01,EWY,76.6383,77.33,4517829966,58950000.0,-1550000.0,-118789422.0,83064020.0,-35725403.0,-0.0,0.902,normal
2021-12-02,EWY,79.742,79.06,4700789898,58950000.0,0.0,0.0,182959932.0,182959932.0,0.0,-0.855,normal
2021-12-03,EWY,78.914,78.69,4651982127,58950000.0,0.0,0.0,-48807770.0,-48807771.0,-1.0,-0.284,normal
2021-12-06,EWY,79.9763,79.78,4694609808,58700000.0,-250000.0,-19994079.0,62621760.0,42627681.0,1.0,-0.245,normal
2021-12-07,EWY,81.0214,81.03,4743805429,58550000.0,-150000.0,-12153216.0,61348837.0,49195621.0,-0.0,0.011,normal
2021-12-08,EWY,80.9845,81.26,4741639957,58550000.0,0.0,0.0,-2165472.0,-2165472.0,-0.0,0.34,normal
2021-12-09,EWY,81.3548,80.76,4763325238,58550000.0,0.0,0.0,21685281.0,21685281.0,0.0,-0.731,normal
2021-12-10,EWY,81.0281,80.74,4744196543,58550000.0,0.0,0.0,-19128695.0,-19128695.0,-0.0,-0.356,normal
2021-12-13,EWY,78.325,78.03,4566345343,58300000.0,-250000.0,-19581241.0,-158269959.0,-177851200.0,0.0,-0.377,normal
2021-12-14,EWY,78.0121,77.68,4548105372,58300000.0,0.0,0.0,-18239971.0,-18239971.0,0.0,-0.426,normal
2021-12-15,EWY,78.7575,78.7,4567936798,58000000.0,-300000.0,-23627259.0,43458686.0,19831426.0,-0.0,-0.073,normal
2021-12-16,EWY,78.2928,78.23,4540983444,58000000.0,0.0,0.0,-26953354.0,-26953354.0,0.0,-0.08,normal
2021-12-17,EWY,79.081,78.57,4586695274,58000000.0,0.0,0.0,45711830.0,45711830.0,0.0,-0.646,normal
2021-12-20,EWY,77.1393,77.02,4474081198,58000000.0,0.0,0.0,-112614076.0,-112614076.0,-0.0,-0.155,normal
2021-12-21,EWY,77.9209,77.87,4519414346,58000000.0,0.0,0.0,45333148.0,45333148.0,0.0,-0.065,normal
2021-12-22,EWY,78.1891,78.41,4534970410,58000000.0,0.0,0.0,15556064.0,15556064.0,-0.0,0.282,normal
2021-12-23,EWY,78.7213,78.77,4565835632,58000000.0,0.0,0.0,30865222.0,30865222.0,-0.0,0.062,normal
2021-12-27,EWY,79.2108,79.08,4594227096,58000000.0,0.0,0.0,28391464.0,28391464.0,-0.0,-0.165,normal
2021-12-28,EWY,79.1699,78.81,4591854084,58000000.0,0.0,0.0,-2373012.0,-2373012.0,0.0,-0.455,normal
2021-12-29,EWY,79.0832,78.88,4586824672,58000000.0,0.0,0.0,-5029412.0,-5029412.0,0.0,-0.257,normal
2021-12-30,EWY,78.3305,78.15,4543166970,58000000.0,0.0,0.0,-43657702.0,-43657702.0,-0.0,-0.23,normal
2021-12-31,EWY,78.2628,77.87,4539243792,58000000.0,0.0,0.0,-3923178.0,-3923178.0,0.0,-0.502,normal
2022-01-03,EWY,78.4986,77.86,4552921584,58000000.0,0.0,0.0,13677792.0,13677792.0,-0.0,-0.814,normal
2022-01-04,EWY,78.0615,77.69,4527568798,58000000.0,0.0,0.0,-25352786.0,-25352786.0,0.0,-0.476,normal
2022-01-05,EWY,76.6452,76.18,4445422238,58000000.0,0.0,0.0,-82146560.0,-82146560.0,-0.0,-0.607,normal
2022-01-06,EWY,76.3056,75.59,4425721958,58000000.0,0.0,0.0,-19700280.0,-19700280.0,0.0,-0.938,normal
2022-01-07,EWY,77.0846,77.53,4455488088,57800000.0,-200000.0,-15416914.0,45183044.0,29766130.0,-0.0,0.578,normal
2022-01-10,EWY,76.5034,76.32,4406594861,57600000.0,-200000.0,-15300677.0,-33592551.0,-48893227.0,0.0,-0.24,normal
2022-01-11,EWY,77.9127,78.22,4487773478,57600000.0,0.0,0.0,81178618.0,81178617.0,-1.0,0.394,normal
2022-01-12,EWY,79.0478,79.77,4553153798,57600000.0,0.0,0.0,65380320.0,65380320.0,-0.0,0.914,normal
2022-01-13,EWY,78.3975,78.37,4515696461,57600000.0,0.0,0.0,-37457338.0,-37457337.0,1.0,-0.035,normal
2022-01-14,EWY,77.6183,77.28,4513501412,58150000.0,550000.0,42690039.0,-44885088.0,-2195049.0,-0.0,-0.436,normal
2022-01-18,EWY,75.4862,74.99,4389523751,58150000.0,0.0,0.0,-123977661.0,-123977661.0,-0.0,-0.657,normal
2022-01-19,EWY,75.4995,75.83,4390296274,58150000.0,0.0,0.0,772523.0,772523.0,0.0,0.438,normal
2022-01-20,EWY,75.6906,75.47,4401407111,58150000.0,0.0,0.0,11110837.0,11110837.0,0.0,-0.291,normal
2022-01-21,EWY,74.592,74.52,4337527649,58150000.0,0.0,0.0,-63879461.0,-63879462.0,-1.0,-0.097,normal
2022-01-24,EWY,73.2332,73.1,4258513488,58150000.0,0.0,0.0,-79014162.0,-79014161.0,1.0,-0.182,normal
2022-01-25,EWY,72.1325,72.03,4194503072,58150000.0,0.0,0.0,-64010415.0,-64010416.0,-1.0,-0.142,normal
2022-01-26,EWY,71.5327,71.1,4159627842,58150000.0,0.0,0.0,-34875230.0,-34875230.0,-0.0,-0.605,normal
2022-01-27,EWY,69.1274,69.21,4019756740,58150000.0,0.0,0.0,-139871102.0,-139871102.0,0.0,0.119,normal
2022-01-28,EWY,71.2021,70.6,4140399847,58150000.0,0.0,0.0,120643107.0,120643107.0,-0.0,-0.846,normal
2022-01-31,EWY,72.2895,72.39,4203637100,58150000.0,0.0,0.0,63237253.0,63237253.0,0.0,0.139,normal
2022-02-01,EWY,72.4213,72.98,4211300107,58150000.0,0.0,0.0,7663007.0,7663007.0,0.0,0.771,normal
2022-02-02,EWY,72.93,73.5,4240877814,58150000.0,0.0,0.0,29577707.0,29577707.0,0.0,0.782,normal
2022-02-03,EWY,71.3109,71.98,4146728021,58150000.0,0.0,0.0,-94149793.0,-94149793.0,-0.0,0.938,normal
2022-02-04,EWY,72.87,72.72,4244675170,58250000.0,100000.0,7286996.0,90660153.0,97947149.0,-0.0,-0.206,normal
2022-02-07,EWY,72.3559,72.96,4214732631,58250000.0,0.0,0.0,-29942539.0,-29942539.0,-0.0,0.835,normal
2022-02-08,EWY,72.7223,73.18,4236072344,58250000.0,0.0,0.0,21339713.0,21339713.0,0.0,0.629,normal
2022-02-09,EWY,74.0643,74.5,4410529541,59550000.0,1300000.0,96283600.0,78173597.0,174457197.0,-0.0,0.588,normal
2022-02-10,EWY,73.6127,73.64,4479330970,60850000.0,1300000.0,95696471.0,-26895043.0,68801429.0,1.0,0.037,normal
2022-02-11,EWY,72.9886,72.9,4561788688,62500000.0,1650000.0,120431221.0,-37973503.0,82457718.0,-0.0,-0.121,normal
2022-02-14,EWY,72.5988,72.24,4642694347,63950000.0,1450000.0,105268285.0,-24362625.0,80905659.0,-1.0,-0.494,normal
2022-02-15,EWY,72.4127,72.8,4630791909,63950000.0,0.0,0.0,-11902438.0,-11902438.0,-0.0,0.535,normal
2022-02-16,EWY,73.5353,73.68,4702580389,63950000.0,0.0,0.0,71788479.0,71788480.0,1.0,0.197,normal
2022-02-17,EWY,73.0456,73.1,4671264841,63950000.0,0.0,0.0,-31315548.0,-31315548.0,-0.0,0.074,normal
2022-02-18,EWY,73.1186,72.98,4738083271,64800000.0,850000.0,62150784.0,4667647.0,66818430.0,-0.0,-0.19,normal
2022-02-22,EWY,72.8157,72.77,4718459952,64800000.0,0.0,0.0,-19623319.0,-19623319.0,0.0,-0.063,normal
2022-02-23,EWY,71.7011,71.83,4646230243,64800000.0,0.0,0.0,-72229709.0,-72229709.0,-0.0,0.18,normal
2022-02-24,EWY,71.2577,70.63,4617501358,64800000.0,0.0,0.0,-28728886.0,-28728885.0,1.0,-0.881,normal
2022-02-25,EWY,72.1336,72.66,4674254364,64800000.0,0.0,0.0,56753006.0,56753006.0,-0.0,0.73,normal
2022-02-28,EWY,72.0605,72.41,4669517549,64800000.0,0.0,0.0,-4736815.0,-4736815.0,0.0,0.485,normal
2022-03-01,EWY,71.3439,71.49,4623083035,64800000.0,0.0,0.0,-46434514.0,-46434514.0,-0.0,0.205,normal
2022-03-02,EWY,71.6464,71.53,4642685618,64800000.0,0.0,0.0,19602583.0,19602583.0,-0.0,-0.162,normal
2022-03-03,EWY,72.1951,72.02,4678244683,64800000.0,0.0,0.0,35559065.0,35559065.0,0.0,-0.243,normal
2022-03-04,EWY,70.3507,69.99,4558722898,64800000.0,0.0,0.0,-119521786.0,-119521785.0,1.0,-0.513,normal
2022-03-07,EWY,67.5384,67.11,4376489940,64800000.0,0.0,0.0,-182232958.0,-182232958.0,-0.0,-0.634,normal
2022-03-08,EWY,67.4039,67.58,4367775766,64800000.0,0.0,0.0,-8714174.0,-8714174.0,0.0,0.261,normal
2022-03-09,EWY,68.6793,70.25,4450417538,64800000.0,0.0,0.0,82641773.0,82641772.0,-1.0,2.287,normal
2022-03-10,EWY,69.039,68.13,4473727394,64800000.0,0.0,0.0,23309856.0,23309856.0,0.0,-1.317,normal
2022-03-11,EWY,67.8492,67.11,4410195530,65000000.0,200000.0,13569832.0,-77101697.0,-63531864.0,0.0,-1.089,normal
2022-03-14,EWY,67.1576,66.82,4358525060,64900000.0,-100000.0,-6715755.0,-44954715.0,-51670470.0,0.0,-0.503,normal
2022-03-15,EWY,67.7309,67.56,4304300220,63550000.0,-1350000.0,-91436747.0,37211908.0,-54224840.0,-0.0,-0.252,normal
2022-03-16,EWY,69.603,70.52,4346707038,62450000.0,-1100000.0,-76563295.0,118970112.0,42406818.0,0.0,1.317,normal
2022-03-17,EWY,71.3083,71.13,4410417860,61850000.0,-600000.0,-42784975.0,106495798.0,63710822.0,-0.0,-0.25,normal
2022-03-18,EWY,71.9534,71.5,4457512015,61950000.0,100000.0,7195338.0,39898817.0,47094155.0,0.0,-0.63,normal
2022-03-21,EWY,70.3793,70.02,4275543204,60750000.0,-1200000.0,-84455174.0,-97513637.0,-181968811.0,-0.0,-0.51,normal
2022-03-22,EWY,71.1712,71.22,4323651068,60750000.0,0.0,0.0,48107864.0,48107864.0,-0.0,0.069,normal
2022-03-23,EWY,71.0509,70.53,4316341628,60750000.0,0.0,0.0,-7309440.0,-7309440.0,0.0,-0.733,normal
2022-03-24,EWY,71.3765,70.96,4336123043,60750000.0,0.0,0.0,19781415.0,19781415.0,-0.0,-0.584,normal
2022-03-25,EWY,70.7789,70.17,4260889900,60200000.0,-550000.0,-38928396.0,-36304747.0,-75233143.0,-0.0,-0.86,normal
2022-03-28,EWY,70.7536,70.88,4259365396,60200000.0,0.0,0.0,-1524505.0,-1524504.0,1.0,0.179,normal
2022-03-29,EWY,71.8131,72.5,4323151630,60200000.0,0.0,0.0,63786234.0,63786234.0,-0.0,0.956,normal
2022-03-30,EWY,71.744,71.55,4290288688,59800000.0,-400000.0,-28697583.0,-4165358.0,-32862942.0,-0.0,-0.27,normal
2022-03-31,EWY,71.6285,71.23,4283384001,59800000.0,0.0,0.0,-6904687.0,-6904687.0,0.0,-0.556,normal
2022-04-01,EWY,71.2968,71.02,4263547564,59800000.0,0.0,0.0,-19836437.0,-19836437.0,0.0,-0.388,normal
2022-04-04,EWY,72.1596,72.03,4315145515,59800000.0,0.0,0.0,51597952.0,51597951.0,-1.0,-0.18,normal
2022-04-05,EWY,71.3397,70.86,4266115435,59800000.0,0.0,0.0,-49030080.0,-49030080.0,-0.0,-0.672,normal
2022-04-06,EWY,70.5802,69.99,4220695422,59800000.0,0.0,0.0,-45420014.0,-45420013.0,1.0,-0.836,normal
2022-04-07,EWY,69.9287,69.55,4181733928,59800000.0,0.0,0.0,-38961494.0,-38961494.0,-0.0,-0.541,normal
2022-04-08,EWY,69.5456,68.9,4158824787,59800000.0,0.0,0.0,-22909141.0,-22909141.0,-0.0,-0.928,normal
2022-04-11,EWY,68.7653,68.38,4112163026,59800000.0,0.0,0.0,-46661761.0,-46661761.0,-0.0,-0.56,normal
2022-04-12,EWY,68.3942,68.52,4072874967,59550000.0,-250000.0,-17098552.0,-22189508.0,-39288059.0,0.0,0.184,normal
2022-04-13,EWY,70.2143,70.25,4181263292,59550000.0,0.0,0.0,108388325.0,108388325.0,0.0,0.051,normal
2022-04-14,EWY,69.3723,68.73,4117247786,59350000.0,-200000.0,-13874466.0,-50141040.0,-64015506.0,0.0,-0.926,normal
2022-04-18,EWY,68.8486,68.68,3989773646,57950000.0,-1400000.0,-96387974.0,-31086165.0,-127474140.0,-1.0,-0.245,normal
2022-04-19,EWY,69.5267,69.17,4029072787,57950000.0,0.0,0.0,39299140.0,39299141.0,1.0,-0.513,normal
2022-04-20,EWY,69.5128,69.57,4010891330,57700000.0,-250000.0,-17378212.0,-803245.0,-18181457.0,-0.0,0.082,normal
2022-04-21,EWY,68.7955,68.32,3969500408,57700000.0,0.0,0.0,-41390922.0,-41390922.0,-0.0,-0.691,normal
2022-04-22,EWY,67.9941,67.51,3923258704,57700000.0,0.0,0.0,-46241703.0,-46241704.0,-1.0,-0.712,normal
2022-04-25,EWY,67.326,67.03,3884710950,57700000.0,0.0,0.0,-38547754.0,-38547754.0,0.0,-0.44,normal
2022-04-26,EWY,66.2422,65.13,3822173440,57700000.0,0.0,0.0,-62537510.0,-62537510.0,0.0,-1.679,normal
2022-04-27,EWY,65.5968,65.2,3758698646,57300000.0,-400000.0,-26238734.0,-37236060.0,-63474794.0,0.0,-0.605,normal
2022-04-28,EWY,66.7749,66.35,3806167875,57000000.0,-300000.0,-20032462.0,67501692.0,47469229.0,-0.0,-0.636,normal
2022-04-29,EWY,66.9661,66.64,3790282505,56600000.0,-400000.0,-26786449.0,10901079.0,-15885370.0,-0.0,-0.487,normal
2022-05-02,EWY,67.0229,66.86,3793498461,56600000.0,0.0,0.0,3215955.0,3215956.0,1.0,-0.243,normal
2022-05-03,EWY,67.1762,67.07,3802175127,56600000.0,0.0,0.0,8676667.0,8676666.0,-1.0,-0.158,normal
2022-05-04,EWY,68.088,68.26,3853781592,56600000.0,0.0,0.0,51606465.0,51606465.0,-0.0,0.253,normal
2022-05-05,EWY,66.4552,65.88,3734783476,56200000.0,-400000.0,-26582089.0,-92416027.0,-118998116.0,-0.0,-0.866,normal
2022-05-06,EWY,65.8817,66.13,3702550304,56200000.0,0.0,0.0,-32233173.0,-32233172.0,1.0,0.377,normal
2022-05-09,EWY,64.404,64.01,3609845657,56050000.0,-150000.0,-9660604.0,-83044042.0,-92704647.0,-1.0,-0.612,normal
2022-05-10,EWY,64.354,64.3,3607039794,56050000.0,0.0,0.0,-2805863.0,-2805863.0,0.0,-0.084,normal
2022-05-11,EWY,64.0147,63.6,3588021413,56050000.0,0.0,0.0,-19018382.0,-19018381.0,1.0,-0.648,normal
2022-05-12,EWY,62.848,62.68,3522632082,56050000.0,0.0,0.0,-65389331.0,-65389331.0,0.0,-0.267,normal
2022-05-13,EWY,65.2517,65.49,3657356160,56050000.0,0.0,0.0,134724078.0,134724078.0,-0.0,0.365,normal
2022-05-16,EWY,64.6867,64.74,3625690152,56050000.0,0.0,0.0,-31666008.0,-31666008.0,-0.0,0.082,normal
2022-05-17,EWY,66.0899,66.44,3704336205,56050000.0,0.0,0.0,78646053.0,78646053.0,-0.0,0.53,normal
2022-05-18,EWY,64.7692,64.23,3630311194,56050000.0,0.0,0.0,-74025011.0,-74025011.0,-0.0,-0.832,normal
2022-05-19,EWY,64.8047,65.47,3632301641,56050000.0,0.0,0.0,1990448.0,1990447.0,-1.0,1.027,normal
2022-05-20,EWY,65.955,66.12,3696778030,56050000.0,0.0,0.0,64476389.0,64476389.0,0.0,0.25,normal
2022-05-23,EWY,67.0701,67.13,3759278432,56050000.0,0.0,0.0,62500402.0,62500402.0,-0.0,0.089,normal
2022-05-24,EWY,65.7452,66.12,3685015994,56050000.0,0.0,0.0,-74262439.0,-74262438.0,1.0,0.57,normal
2022-05-25,EWY,66.0849,66.0,3704056515,56050000.0,0.0,0.0,19040521.0,19040521.0,-0.0,-0.128,normal
2022-05-26,EWY,66.4051,66.56,3722008097,56050000.0,0.0,0.0,17951582.0,17951582.0,0.0,0.233,normal
2022-05-27,EWY,67.5649,67.6,3787010739,56050000.0,0.0,0.0,65002642.0,65002642.0,-0.0,0.052,normal
2022-05-31,EWY,68.8519,68.04,3859150452,56050000.0,0.0,0.0,72139713.0,72139713.0,-0.0,-1.179,normal
2022-06-01,EWY,68.8125,67.61,3856943035,56050000.0,0.0,0.0,-2207417.0,-2207417.0,0.0,-1.748,normal
2022-06-02,EWY,68.2568,68.6,3825794481,56050000.0,0.0,0.0,-31148554.0,-31148554.0,0.0,0.503,normal
2022-06-03,EWY,67.5113,67.02,3784008813,56050000.0,0.0,0.0,-41785667.0,-41785668.0,-1.0,-0.728,normal
2022-06-06,EWY,67.8524,66.89,3803126291,56050000.0,0.0,0.0,19117478.0,19117478.0,0.0,-1.418,normal
2022-06-07,EWY,66.6299,66.5,3734604606,56050000.0,0.0,0.0,-68521685.0,-68521685.0,0.0,-0.195,normal
2022-06-08,EWY,66.1904,66.03,3709969958,56050000.0,0.0,0.0,-24634648.0,-24634648.0,-0.0,-0.242,normal
2022-06-09,EWY,65.6507,64.78,3679722912,56050000.0,0.0,0.0,-30247046.0,-30247046.0,0.0,-1.326,normal
2022-06-10,EWY,63.8471,63.13,3578629843,56050000.0,0.0,0.0,-101093069.0,-101093069.0,0.0,-1.123,normal
2022-06-13,EWY,61.2083,60.26,3430727961,56050000.0,0.0,0.0,-147901881.0,-147901882.0,-1.0,-1.549,normal
2022-06-14,EWY,61.1447,60.96,3378245228,55250000.0,-800000.0,-48915768.0,-3566966.0,-52482733.0,1.0,-0.302,normal
2022-06-15,EWY,60.8795,61.0,3345329624,54950000.0,-300000.0,-18263856.0,-14651748.0,-32915604.0,-0.0,0.198,normal
2022-06-16,EWY,59.76,59.24,3230025460,54050000.0,-900000.0,-53783958.0,-61520207.0,-115304164.0,0.0,-0.87,normal
2022-06-17,EWY,60.0647,59.7,3141384699,52300000.0,-1750000.0,-105113255.0,16472494.0,-88640761.0,-0.0,-0.607,normal
2022-06-21,EWY,59.687,59.57,3106706736,52050000.0,-250000.0,-14921742.0,-19756220.0,-34677963.0,-0.0,-0.196,normal
2022-06-22,EWY,57.925,57.81,3014998176,52050000.0,0.0,0.0,-91708561.0,-91708560.0,1.0,-0.199,normal
2022-06-23,EWY,57.0807,57.22,2971050331,52050000.0,0.0,0.0,-43947845.0,-43947845.0,-0.0,0.244,normal
2022-06-24,EWY,59.0048,59.5,3000395351,50850000.0,-1200000.0,-70805790.0,100150810.0,29345020.0,-0.0,0.839,normal
2022-06-27,EWY,59.5172,59.5,3026450179,50850000.0,0.0,0.0,26054828.0,26054828.0,-0.0,-0.029,normal
2022-06-28,EWY,59.4778,59.06,3024448367,50850000.0,0.0,0.0,-2001812.0,-2001812.0,-0.0,-0.703,normal
2022-06-29,EWY,58.369,58.15,2968061260,50850000.0,0.0,0.0,-56387107.0,-56387107.0,0.0,-0.375,normal
2022-06-30,EWY,57.8321,58.19,2940760454,50850000.0,0.0,0.0,-27300806.0,-27300806.0,-0.0,0.619,normal
2022-07-01,EWY,57.3706,57.4,2917297400,50850000.0,0.0,0.0,-23463054.0,-23463054.0,0.0,0.051,normal
2022-07-05,EWY,57.4772,57.0,2922713789,50850000.0,0.0,0.0,5416389.0,5416389.0,-0.0,-0.83,normal
2022-07-06,EWY,56.5606,56.52,2876105849,50850000.0,0.0,0.0,-46607940.0,-46607940.0,0.0,-0.072,normal
2022-07-07,EWY,57.9211,57.88,2927909886,50550000.0,-300000.0,-17376320.0,69180357.0,51804037.0,-0.0,-0.071,normal
2022-07-08,EWY,58.0948,58.3,2936694111,50550000.0,0.0,0.0,8784225.0,8784225.0,-0.0,0.353,normal
2022-07-11,EWY,57.0641,56.63,2884588637,50550000.0,0.0,0.0,-52105474.0,-52105474.0,0.0,-0.761,normal
2022-07-12,EWY,56.5033,56.58,2856240753,50550000.0,0.0,0.0,-28347884.0,-28347884.0,-0.0,0.136,normal
2022-07-13,EWY,56.9642,57.0,2879541826,50550000.0,0.0,0.0,23301073.0,23301073.0,-0.0,0.063,normal
2022-07-14,EWY,56.3922,55.96,2850627530,50550000.0,0.0,0.0,-28914297.0,-28914296.0,1.0,-0.766,normal
2022-07-15,EWY,56.8002,56.85,2871248947,50550000.0,0.0,0.0,20621418.0,20621417.0,-1.0,0.088,normal
2022-07-18,EWY,57.4957,57.28,2906408595,50550000.0,0.0,0.0,35159648.0,35159648.0,-0.0,-0.375,normal
2022-07-19,EWY,58.6635,58.69,2965441290,50550000.0,0.0,0.0,59032694.0,59032695.0,1.0,0.045,normal
2022-07-20,EWY,58.4629,58.26,2955298129,50550000.0,0.0,0.0,-10143161.0,-10143161.0,-0.0,-0.347,normal
2022-07-21,EWY,59.5022,59.22,3007836412,50550000.0,0.0,0.0,52538283.0,52538283.0,-0.0,-0.474,normal
2022-07-22,EWY,58.4248,58.47,2953373640,50550000.0,0.0,0.0,-54462772.0,-54462772.0,0.0,0.077,normal
2022-07-25,EWY,58.8669,58.78,2975719672,50550000.0,0.0,0.0,22346032.0,22346032.0,0.0,-0.148,normal
2022-07-26,EWY,58.9685,58.63,2980858989,50550000.0,0.0,0.0,5139317.0,5139317.0,-0.0,-0.574,normal
2022-07-27,EWY,59.6354,59.84,3014568004,50550000.0,0.0,0.0,33709015.0,33709015.0,0.0,0.343,normal
2022-07-28,EWY,60.5037,60.52,3058461479,50550000.0,0.0,0.0,43893475.0,43893475.0,0.0,0.027,normal
2022-07-29,EWY,60.5963,60.55,3063143673,50550000.0,0.0,0.0,4682194.0,4682194.0,0.0,-0.076,normal
2022-08-01,EWY,60.1681,59.86,3041497708,50550000.0,0.0,0.0,-21645965.0,-21645965.0,-0.0,-0.512,normal
2022-08-02,EWY,59.8335,59.43,3024581605,50550000.0,0.0,0.0,-16916103.0,-16916103.0,-0.0,-0.674,normal
2022-08-03,EWY,60.525,60.46,3041382707,50250000.0,-300000.0,-18157509.0,34958611.0,16801102.0,-0.0,-0.107,normal
2022-08-04,EWY,60.5205,60.73,3041154371,50250000.0,0.0,0.0,-228336.0,-228336.0,0.0,0.346,normal
2022-08-05,EWY,61.1315,60.73,3071857021,50250000.0,0.0,0.0,30702650.0,30702650.0,0.0,-0.657,normal
2022-08-08,EWY,61.0062,61.06,3065562856,50250000.0,0.0,0.0,-6294164.0,-6294165.0,-1.0,0.088,normal
2022-08-09,EWY,61.1318,60.78,3071873955,50250000.0,0.0,0.0,6311098.0,6311099.0,1.0,-0.576,normal
2022-08-10,EWY,61.2595,61.58,3078292136,50250000.0,0.0,0.0,6418181.0,6418181.0,-0.0,0.523,normal
2022-08-11,EWY,61.6967,61.32,3100261235,50250000.0,0.0,0.0,21969099.0,21969099.0,-0.0,-0.611,normal
2022-08-12,EWY,62.2472,62.19,3127919740,50250000.0,0.0,0.0,27658505.0,27658505.0,0.0,-0.092,normal
2022-08-15,EWY,62.1692,61.56,3124002049,50250000.0,0.0,0.0,-3917691.0,-3917691.0,0.0,-0.98,normal
2022-08-16,EWY,61.8258,61.61,3106747857,50250000.0,0.0,0.0,-17254192.0,-17254192.0,-0.0,-0.349,normal
2022-08-17,EWY,61.0197,60.67,3066241081,50250000.0,0.0,0.0,-40506776.0,-40506776.0,0.0,-0.573,normal
2022-08-18,EWY,60.557,60.04,3042987592,50250000.0,0.0,0.0,-23253489.0,-23253489.0,-0.0,-0.854,normal
2022-08-19,EWY,59.4889,58.92,2989316522,50250000.0,0.0,0.0,-53671070.0,-53671070.0,0.0,-0.956,normal
2022-08-22,EWY,58.148,57.8,2921936447,50250000.0,0.0,0.0,-67380074.0,-67380075.0,-1.0,-0.599,normal
2022-08-23,EWY,57.7277,58.08,2900817830,50250000.0,0.0,0.0,-21118618.0,-21118617.0,1.0,0.61,normal
2022-08-24,EWY,58.2277,58.42,2925943935,50250000.0,0.0,0.0,25126105.0,25126105.0,-0.0,0.33,normal
2022-08-25,EWY,59.285,59.62,2979072506,50250000.0,0.0,0.0,53128571.0,53128571.0,-0.0,0.565,normal
2022-08-26,EWY,58.2137,57.89,2936879197,50450000.0,200000.0,11642732.0,-53836041.0,-42193309.0,-0.0,-0.556,normal
2022-08-29,EWY,57.1582,57.28,2895062627,50650000.0,200000.0,11431639.0,-53248209.0,-41816570.0,0.0,0.213,normal
2022-08-30,EWY,57.356,57.23,2905082869,50650000.0,0.0,0.0,10020241.0,10020242.0,1.0,-0.22,normal
2022-08-31,EWY,58.4322,57.91,2959589968,50650000.0,0.0,0.0,54507099.0,54507099.0,0.0,-0.894,normal
2022-09-01,EWY,56.8826,56.68,2881103487,50650000.0,0.0,0.0,-78486480.0,-78486481.0,-1.0,-0.356,normal
2022-09-02,EWY,55.8867,55.93,2830661355,50650000.0,0.0,0.0,-50442132.0,-50442132.0,0.0,0.077,normal
2022-09-06,EWY,55.4105,54.96,2806541065,50650000.0,0.0,0.0,-24120290.0,-24120290.0,-0.0,-0.813,normal
2022-09-07,EWY,55.0094,55.29,2786227781,50650000.0,0.0,0.0,-20313284.0,-20313284.0,-0.0,0.51,normal
2022-09-08,EWY,54.7992,54.67,2775579936,50650000.0,0.0,0.0,-10647846.0,-10647845.0,1.0,-0.236,normal
2022-09-09,EWY,55.3581,55.85,2803888221,50650000.0,0.0,0.0,28308285.0,28308285.0,-0.0,0.889,normal
2022-09-12,EWY,55.6784,56.33,2820112176,50650000.0,0.0,0.0,16223955.0,16223955.0,0.0,1.17,normal
2022-09-13,EWY,55.2155,54.5,2796667000,50650000.0,0.0,0.0,-23445176.0,-23445176.0,-0.0,-1.296,normal
2022-09-14,EWY,54.9995,55.1,2788474143,50700000.0,50000.0,2749974.0,-10942831.0,-8192857.0,-0.0,0.183,normal
2022-09-15,EWY,54.0958,53.95,2737245304,50600000.0,-100000.0,-5409576.0,-45819263.0,-51228839.0,-0.0,-0.269,normal
2022-09-16,EWY,54.4173,54.4,2753517455,50600000.0,0.0,0.0,16272150.0,16272151.0,1.0,-0.032,normal
2022-09-19,EWY,54.0981,54.31,2737364771,50600000.0,0.0,0.0,-16152684.0,-16152684.0,-0.0,0.392,normal
2022-09-20,EWY,53.7631,53.57,2720415188,50600000.0,0.0,0.0,-16949583.0,-16949583.0,0.0,-0.359,normal
2022-09-21,EWY,53.2798,53.03,2695958234,50600000.0,0.0,0.0,-24456953.0,-24456954.0,-1.0,-0.469,normal
2022-09-22,EWY,52.3005,52.4,2646406160,50600000.0,0.0,0.0,-49552074.0,-49552074.0,-0.0,0.19,normal
2022-09-23,EWY,51.0213,50.57,2581680006,50600000.0,0.0,0.0,-64726154.0,-64726154.0,-0.0,-0.885,normal
2022-09-26,EWY,49.4086,49.52,2500075059,50600000.0,0.0,0.0,-81604948.0,-81604947.0,1.0,0.226,normal
2022-09-27,EWY,49.41,49.21,2500147164,50600000.0,0.0,0.0,72105.0,72105.0,-0.0,-0.405,normal
2022-09-28,EWY,48.7721,49.36,2467866894,50600000.0,0.0,0.0,-32280270.0,-32280270.0,0.0,1.206,normal
2022-09-29,EWY,47.9155,48.25,2424524148,50600000.0,0.0,0.0,-43342746.0,-43342746.0,-0.0,0.698,normal
2022-09-30,EWY,47.6448,47.36,2410824603,50600000.0,0.0,0.0,-13699545.0,-13699545.0,0.0,-0.598,normal
2022-10-03,EWY,48.5416,48.42,2456206630,50600000.0,0.0,0.0,45382027.0,45382027.0,0.0,-0.251,normal
2022-10-04,EWY,50.0898,50.7,2534543273,50600000.0,0.0,0.0,78336643.0,78336643.0,-0.0,1.218,normal
2022-10-05,EWY,50.2287,49.83,2541574396,50600000.0,0.0,0.0,7031123.0,7031123.0,-0.0,-0.794,normal
2022-10-06,EWY,50.4605,50.21,2553300895,50600000.0,0.0,0.0,11726499.0,11726499.0,-0.0,-0.496,normal
2022-10-07,EWY,49.8572,49.36,2522773915,50600000.0,0.0,0.0,-30526980.0,-30526980.0,0.0,-0.997,normal
2022-10-10,EWY,49.5894,48.7,2509223691,50600000.0,0.0,0.0,-13550225.0,-13550224.0,1.0,-1.794,normal
2022-10-11,EWY,48.769,48.62,2467712361,50600000.0,0.0,0.0,-41511329.0,-41511330.0,-1.0,-0.306,normal
2022-10-12,EWY,49.3083,49.12,2495001093,50600000.0,0.0,0.0,27288732.0,27288732.0,0.0,-0.382,normal
2022-10-13,EWY,49.2696,49.09,2493039331,50600000.0,0.0,0.0,-1961762.0,-1961762.0,-0.0,-0.364,normal
2022-10-14,EWY,48.9184,48.61,2475270939,50600000.0,0.0,0.0,-17768392.0,-17768392.0,0.0,-0.63,normal
2022-10-17,EWY,50.0592,50.14,2532994559,50600000.0,0.0,0.0,57723620.0,57723620.0,0.0,0.161,normal
2022-10-18,EWY,50.5467,50.2,2557663374,50600000.0,0.0,0.0,24668816.0,24668815.0,-1.0,-0.686,normal
2022-10-19,EWY,49.9976,49.55,2529878206,50600000.0,0.0,0.0,-27785168.0,-27785168.0,0.0,-0.895,normal
2022-10-20,EWY,49.5187,49.54,2505644297,50600000.0,0.0,0.0,-24233909.0,-24233909.0,-0.0,0.043,normal
2022-10-21,EWY,50.1299,50.34,2536574711,50600000.0,0.0,0.0,30930414.0,30930414.0,0.0,0.419,normal
2022-10-24,EWY,50.012,49.76,2530606188,50600000.0,0.0,0.0,-5968523.0,-5968523.0,0.0,-0.504,normal
2022-10-25,EWY,50.3913,50.6,2549801855,50600000.0,0.0,0.0,19195667.0,19195667.0,0.0,0.414,normal
2022-10-26,EWY,50.7903,51.53,2569987156,50600000.0,0.0,0.0,20185301.0,20185301.0,-0.0,1.456,normal
2022-10-27,EWY,51.5317,51.5,2607504779,50600000.0,0.0,0.0,37517623.0,37517623.0,0.0,-0.061,normal
2022-10-28,EWY,51.8765,51.82,2624951507,50600000.0,0.0,0.0,17446728.0,17446728.0,-0.0,-0.109,normal
2022-10-31,EWY,51.6831,51.81,2615164911,50600000.0,0.0,0.0,-9786597.0,-9786596.0,1.0,0.245,normal
2022-11-01,EWY,52.5048,52.71,2656741615,50600000.0,0.0,0.0,41576704.0,41576704.0,-0.0,0.391,normal
2022-11-02,EWY,52.0074,51.74,2631574895,50600000.0,0.0,0.0,-25166720.0,-25166720.0,-0.0,-0.514,normal
2022-11-03,EWY,51.8112,52.03,2621647833,50600000.0,0.0,0.0,-9927062.0,-9927062.0,0.0,0.422,normal
2022-11-04,EWY,53.2108,53.93,2692467087,50600000.0,0.0,0.0,70819254.0,70819254.0,0.0,1.352,normal
2022-11-07,EWY,54.3991,54.71,2752594865,50600000.0,0.0,0.0,60127778.0,60127778.0,0.0,0.572,normal
2022-11-08,EWY,55.5404,55.92,2810345910,50600000.0,0.0,0.0,57751045.0,57751045.0,-0.0,0.683,normal
2022-11-09,EWY,56.0274,55.84,2834987654,50600000.0,0.0,0.0,24641745.0,24641744.0,-1.0,-0.335,normal
2022-11-10,EWY,57.1601,58.38,2892300301,50600000.0,0.0,0.0,57312647.0,57312647.0,0.0,2.134,normal
2022-11-11,EWY,60.254,60.73,3048854475,50600000.0,0.0,0.0,156554174.0,156554174.0,0.0,0.79,normal
2022-11-14,EWY,59.4953,59.57,3010463040,50600000.0,0.0,0.0,-38391434.0,-38391435.0,-1.0,0.126,normal
2022-11-15,EWY,60.0741,60.36,3219974118,53600000.0,3000000.0,180222432.0,29288646.0,209511078.0,-0.0,0.476,normal
2022-11-16,EWY,59.0364,58.57,3164348682,53600000.0,0.0,0.0,-55625437.0,-55625436.0,1.0,-0.79,normal
2022-11-17,EWY,57.6279,57.68,3169537085,55000000.0,1400000.0,80679126.0,-75490722.0,5188403.0,-0.0,0.09,normal
2022-11-18,EWY,57.9429,58.05,3186856805,55000000.0,0.0,0.0,17319720.0,17319720.0,0.0,0.185,normal
2022-11-21,EWY,56.6522,56.46,3115872705,55000000.0,0.0,0.0,-70984100.0,-70984100.0,-0.0,-0.339,normal
2022-11-22,EWY,56.6817,56.86,3117495920,55000000.0,0.0,0.0,1623215.0,1623215.0,-0.0,0.315,normal
2022-11-23,EWY,57.2576,57.95,3189246148,55700000.0,700000.0,40080293.0,31669935.0,71750228.0,0.0,1.209,normal
2022-11-25,EWY,58.256,57.87,3279814827,56300000.0,600000.0,34953622.0,55615057.0,90568679.0,-0.0,-0.663,normal
2022-11-28,EWY,56.8411,56.84,3200154718,56300000.0,0.0,0.0,-79660109.0,-79660109.0,-0.0,-0.002,normal
2022-11-29,EWY,58.2077,58.36,3277095480,56300000.0,0.0,0.0,76940762.0,76940762.0,-0.0,0.262,normal
2022-11-30,EWY,60.5904,60.7,3411236930,56300000.0,0.0,0.0,134141450.0,134141450.0,0.0,0.181,normal
2022-12-01,EWY,60.4701,60.31,3404469051,56300000.0,0.0,0.0,-6767879.0,-6767879.0,0.0,-0.265,normal
2022-12-02,EWY,59.3576,59.44,3341835301,56300000.0,0.0,0.0,-62633750.0,-62633750.0,-0.0,0.139,normal
2022-12-05,EWY,58.6277,58.06,3300742212,56300000.0,0.0,0.0,-41093089.0,-41093089.0,-0.0,-0.968,normal
2022-12-06,EWY,57.117,57.08,3215686818,56300000.0,0.0,0.0,-85055394.0,-85055394.0,-0.0,-0.065,normal
2022-12-07,EWY,57.1374,57.39,3216834269,56300000.0,0.0,0.0,1147450.0,1147451.0,1.0,0.442,normal
2022-12-08,EWY,57.3958,57.62,3231385961,56300000.0,0.0,0.0,14551692.0,14551692.0,-0.0,0.391,normal
2022-12-09,EWY,58.0814,58.04,3269982820,56300000.0,0.0,0.0,38596859.0,38596859.0,-0.0,-0.071,normal
2022-12-12,EWY,58.186,58.2,3275869041,56300000.0,0.0,0.0,5886221.0,5886221.0,-0.0,0.024,normal
2022-12-13,EWY,57.3632,58.25,3229548273,56300000.0,0.0,0.0,-46320769.0,-46320768.0,1.0,1.546,normal
2022-12-14,EWY,57.9125,58.01,3292327728,56850000.0,550000.0,31851895.0,30927560.0,62779455.0,-1.0,0.168,normal
2022-12-15,EWY,55.991,55.5,3183086247,56850000.0,0.0,0.0,-109241482.0,-109241481.0,1.0,-0.877,normal
2022-12-16,EWY,56.4115,56.31,3206993206,56850000.0,0.0,0.0,23906960.0,23906959.0,-1.0,-0.18,normal
2022-12-19,EWY,56.4897,56.65,3211436887,56850000.0,0.0,0.0,4443680.0,4443681.0,1.0,0.284,normal
2022-12-20,EWY,57.2108,57.44,3252432843,56850000.0,0.0,0.0,40995956.0,40995956.0,-0.0,0.401,normal
2022-12-21,EWY,57.229,57.32,3253465978,56850000.0,0.0,0.0,1033135.0,1033135.0,-0.0,0.159,normal
2022-12-22,EWY,57.4671,56.9,3267002588,56850000.0,0.0,0.0,13536610.0,13536610.0,-0.0,-0.987,normal
2022-12-23,EWY,57.0241,57.04,3241819289,56850000.0,0.0,0.0,-25183299.0,-25183299.0,0.0,0.028,normal
2022-12-27,EWY,57.5222,57.65,3270135819,56850000.0,0.0,0.0,28316530.0,28316530.0,-0.0,0.222,normal
2022-12-28,EWY,56.9651,56.61,3238464684,56850000.0,0.0,0.0,-31671135.0,-31671135.0,-0.0,-0.623,normal
2022-12-29,EWY,56.9185,57.13,3235817066,56850000.0,0.0,0.0,-2647618.0,-2647618.0,0.0,0.372,normal
2022-12-30,EWY,56.675,56.48,3221971931,56850000.0,0.0,0.0,-13845135.0,-13845135.0,0.0,-0.344,normal
2023-01-03,EWY,55.569,55.43,3159100436,56850000.0,0.0,0.0,-62871495.0,-62871495.0,0.0,-0.25,normal
2023-01-04,EWY,57.2196,57.62,3252932725,56850000.0,0.0,0.0,93832289.0,93832289.0,-0.0,0.7,normal
2023-01-05,EWY,57.014,57.01,3241243910,56850000.0,0.0,0.0,-11688815.0,-11688815.0,-0.0,-0.007,normal
2023-01-06,EWY,59.0609,59.89,3357609720,56850000.0,0.0,0.0,116365810.0,116365810.0,-0.0,1.404,normal
2023-01-09,EWY,60.9239,61.15,3463522237,56850000.0,0.0,0.0,105912516.0,105912517.0,1.0,0.371,normal
2023-01-10,EWY,61.0676,61.35,3471690559,56850000.0,0.0,0.0,8168322.0,8168322.0,0.0,0.463,normal
2023-01-11,EWY,61.2709,61.51,3483250324,56850000.0,0.0,0.0,11559765.0,11559765.0,-0.0,0.39,normal
2023-01-12,EWY,61.2919,61.96,3484442070,56850000.0,0.0,0.0,1191747.0,1191746.0,-1.0,1.09,normal
2023-01-13,EWY,62.1674,62.42,3534215780,56850000.0,0.0,0.0,49773710.0,49773710.0,0.0,0.406,normal
2023-01-17,EWY,62.0369,62.25,3681890846,59350000.0,2500000.0,155092285.0,-7417219.0,147675066.0,0.0,0.344,normal
2023-01-18,EWY,61.214,61.32,3633049476,59350000.0,0.0,0.0,-48841370.0,-48841370.0,0.0,0.173,normal
2023-01-19,EWY,62.1183,62.17,3686718375,59350000.0,0.0,0.0,53668899.0,53668899.0,-0.0,0.083,normal
2023-01-20,EWY,62.9513,63.24,3736161554,59350000.0,0.0,0.0,49443179.0,49443179.0,-0.0,0.459,normal
2023-01-23,EWY,63.4848,63.9,3767823355,59350000.0,0.0,0.0,31661801.0,31661801.0,0.0,0.654,normal
2023-01-24,EWY,63.4391,63.71,3765107618,59350000.0,0.0,0.0,-2715737.0,-2715737.0,0.0,0.427,normal
2023-01-25,EWY,63.7606,63.86,3784190838,59350000.0,0.0,0.0,19083221.0,19083220.0,-1.0,0.156,normal
2023-01-26,EWY,64.9903,65.09,3935159698,60550000.0,1200000.0,77988301.0,72980558.0,150968860.0,0.0,0.153,normal
2023-01-27,EWY,65.3389,65.41,4086946819,62550000.0,2000000.0,130677756.0,21109365.0,151787121.0,0.0,0.109,normal
2023-01-30,EWY,64.0596,63.97,4160669201,64950000.0,2400000.0,153742973.0,-80020590.0,73722382.0,-1.0,-0.14,normal
2023-01-31,EWY,63.4358,63.47,4120156119,64950000.0,0.0,0.0,-40513082.0,-40513082.0,0.0,0.054,normal
2023-02-01,EWY,64.5824,65.11,4194629023,64950000.0,0.0,0.0,74472904.0,74472904.0,-0.0,0.817,normal
2023-02-02,EWY,65.1892,65.1,4234035357,64950000.0,0.0,0.0,39406334.0,39406334.0,-0.0,-0.137,normal
2023-02-03,EWY,64.3747,63.4,4181137544,64950000.0,0.0,0.0,-52897813.0,-52897813.0,0.0,-1.514,normal
2023-02-06,EWY,62.0905,61.59,4032778560,64950000.0,0.0,0.0,-148358985.0,-148358984.0,1.0,-0.806,normal
2023-02-07,EWY,62.9184,62.75,4086548521,64950000.0,0.0,0.0,53769962.0,53769961.0,-1.0,-0.268,normal
2023-02-08,EWY,62.959,62.91,4089184517,64950000.0,0.0,0.0,2635996.0,2635996.0,0.0,-0.078,normal
2023-02-09,EWY,62.8447,62.72,4081766448,64950000.0,0.0,0.0,-7418069.0,-7418069.0,0.0,-0.199,normal
2023-02-10,EWY,62.8185,62.48,4080061705,64950000.0,0.0,0.0,-1704743.0,-1704743.0,-0.0,-0.539,normal
2023-02-13,EWY,62.3633,62.61,4050499582,64950000.0,0.0,0.0,-29562122.0,-29562123.0,-1.0,0.396,normal
2023-02-14,EWY,62.6211,62.6,4067242394,64950000.0,0.0,0.0,16742811.0,16742812.0,1.0,-0.034,normal
2023-02-15,EWY,61.1167,60.79,3969531094,64950000.0,0.0,0.0,-97711300.0,-97711300.0,-0.0,-0.535,normal
2023-02-16,EWY,61.58,61.45,3999620480,64950000.0,0.0,0.0,30089386.0,30089386.0,-0.0,-0.211,normal
2023-02-17,EWY,60.8087,60.89,3949527468,64950000.0,0.0,0.0,-50093012.0,-50093012.0,0.0,0.134,normal
2023-02-21,EWY,60.5578,60.11,3933226317,64950000.0,0.0,0.0,-16301151.0,-16301151.0,-0.0,-0.739,normal
2023-02-22,EWY,59.5573,59.52,3868246310,64950000.0,0.0,0.0,-64980007.0,-64980007.0,-0.0,-0.063,normal
2023-02-23,EWY,60.615,60.52,3936946393,64950000.0,0.0,0.0,68700083.0,68700083.0,-0.0,-0.157,normal
2023-02-24,EWY,59.3568,58.61,3855222991,64950000.0,0.0,0.0,-81723402.0,-81723402.0,0.0,-1.258,normal
2023-02-27,EWY,58.6342,58.72,3808288367,64950000.0,0.0,0.0,-46934624.0,-46934624.0,-0.0,0.146,normal
2023-02-28,EWY,58.6274,58.5,3807851124,64950000.0,0.0,0.0,-437243.0,-437243.0,0.0,-0.217,normal
2023-03-01,EWY,58.8403,59.62,3821675536,64950000.0,0.0,0.0,13824413.0,13824412.0,-1.0,1.325,normal
2023-03-02,EWY,59.5908,59.36,3870420382,64950000.0,0.0,0.0,48744845.0,48744846.0,1.0,-0.387,normal
2023-03-03,EWY,60.5625,60.6,3933535544,64950000.0,0.0,0.0,63115163.0,63115162.0,-1.0,0.062,normal
2023-03-06,EWY,61.0851,60.73,3906391122,63950000.0,-1000000.0,-61085084.0,33940662.0,-27144422.0,0.0,-0.581,normal
2023-03-07,EWY,60.0813,59.03,3713025143,61800000.0,-2150000.0,-129174823.0,-64191155.0,-193365979.0,-1.0,-1.75,normal
2023-03-08,EWY,59.1075,59.19,3623292570,61300000.0,-500000.0,-29553773.0,-60178801.0,-89732573.0,1.0,0.14,normal
2023-03-09,EWY,58.0748,57.74,3438027035,59200000.0,-2100000.0,-121957040.0,-63308494.0,-185265535.0,-0.0,-0.577,normal
2023-03-10,EWY,57.8472,57.77,3268366518,56500000.0,-2700000.0,-156187426.0,-13473091.0,-169660517.0,1.0,-0.133,normal
2023-03-13,EWY,59.0118,59.02,3278103268,55550000.0,-950000.0,-56061172.0,65797923.0,9736750.0,-1.0,0.014,normal
2023-03-14,EWY,58.0611,58.24,3187554555,54900000.0,-650000.0,-37739717.0,-52808996.0,-90548713.0,0.0,0.308,normal
2023-03-15,EWY,58.0996,57.3,3160620416,54400000.0,-500000.0,-29049820.0,2115681.0,-26934139.0,-0.0,-1.376,normal
2023-03-16,EWY,58.6553,59.05,3190845709,54400000.0,0.0,0.0,30225293.0,30225293.0,0.0,0.673,normal
2023-03-17,EWY,58.7107,58.33,3193859469,54400000.0,0.0,0.0,3013760.0,3013760.0,-0.0,-0.648,normal
2023-03-20,EWY,58.7858,58.81,3197948880,54400000.0,0.0,0.0,4089411.0,4089411.0,-0.0,0.041,normal
2023-03-21,EWY,58.8721,59.13,3202642131,54400000.0,0.0,0.0,4693251.0,4693251.0,-0.0,0.438,normal
2023-03-22,EWY,59.0649,59.49,3213130832,54400000.0,0.0,0.0,10488701.0,10488701.0,0.0,0.72,normal
2023-03-23,EWY,60.8623,60.47,3310907706,54400000.0,0.0,0.0,97776874.0,97776874.0,0.0,-0.644,normal
2023-03-24,EWY,59.9785,59.69,3262832848,54400000.0,0.0,0.0,-48074858.0,-48074858.0,-0.0,-0.481,normal
2023-03-27,EWY,59.32,59.49,3227005606,54400000.0,0.0,0.0,-35827242.0,-35827242.0,-0.0,0.287,normal
2023-03-28,EWY,59.9498,60.03,3261266835,54400000.0,0.0,0.0,34261229.0,34261229.0,0.0,0.134,normal
2023-03-29,EWY,60.2428,60.0,3277207667,54400000.0,0.0,0.0,15940832.0,15940832.0,0.0,-0.403,normal
2023-03-30,EWY,60.5921,60.68,3296207520,54400000.0,0.0,0.0,18999853.0,18999853.0,0.0,0.145,normal
2023-03-31,EWY,61.4819,61.22,3344616774,54400000.0,0.0,0.0,48409254.0,48409254.0,-0.0,-0.426,normal
2023-04-03,EWY,60.5719,60.86,3295109293,54400000.0,0.0,0.0,-49507482.0,-49507481.0,1.0,0.476,normal
2023-04-04,EWY,60.3479,60.55,3282926032,54400000.0,0.0,0.0,-12183261.0,-12183261.0,-0.0,0.335,normal
2023-04-05,EWY,60.9812,60.62,3317378314,54400000.0,0.0,0.0,34452282.0,34452282.0,0.0,-0.592,normal
2023-04-06,EWY,59.9858,59.96,3263225181,54400000.0,0.0,0.0,-54153133.0,-54153133.0,-0.0,-0.043,normal
2023-04-10,EWY,61.546,61.26,3348100605,54400000.0,0.0,0.0,84875424.0,84875424.0,0.0,-0.465,normal
2023-04-11,EWY,62.1613,62.02,3381573197,54400000.0,0.0,0.0,33472592.0,33472592.0,0.0,-0.227,normal
2023-04-12,EWY,62.2013,62.16,3383750720,54400000.0,0.0,0.0,2177523.0,2177523.0,-0.0,-0.066,normal
2023-04-13,EWY,63.6941,64.01,3464959421,54400000.0,0.0,0.0,81208701.0,81208701.0,0.0,0.496,normal
2023-04-14,EWY,63.7873,63.35,3470030643,54400000.0,0.0,0.0,5071222.0,5071222.0,-0.0,-0.686,normal
2023-04-17,EWY,63.3199,62.83,3444602234,54400000.0,0.0,0.0,-25428410.0,-25428409.0,1.0,-0.774,normal
2023-04-18,EWY,63.0058,62.97,3427514106,54400000.0,0.0,0.0,-17088128.0,-17088128.0,-0.0,-0.057,normal
2023-04-19,EWY,62.713,62.36,3411584806,54400000.0,0.0,0.0,-15929299.0,-15929300.0,-1.0,-0.563,normal
2023-04-20,EWY,62.4378,62.16,3396617136,54400000.0,0.0,0.0,-14967670.0,-14967670.0,0.0,-0.445,normal
2023-04-21,EWY,61.813,61.56,3362624589,54400000.0,0.0,0.0,-33992547.0,-33992547.0,0.0,-0.409,normal
2023-04-24,EWY,61.2723,61.16,3333213664,54400000.0,0.0,0.0,-29410925.0,-29410925.0,-0.0,-0.183,normal
2023-04-25,EWY,59.9407,59.43,3260775059,54400000.0,0.0,0.0,-72438605.0,-72438605.0,-0.0,-0.852,normal
2023-04-26,EWY,59.8607,59.76,3256419414,54400000.0,0.0,0.0,-4355645.0,-4355645.0,-0.0,-0.168,normal
2023-04-27,EWY,60.8513,60.53,3310313277,54400000.0,0.0,0.0,53893862.0,53893863.0,1.0,-0.528,normal
2023-04-28,EWY,60.8823,60.67,3311997066,54400000.0,0.0,0.0,1683789.0,1683789.0,0.0,-0.349,normal
2023-05-01,EWY,60.9687,60.27,3316697008,54400000.0,0.0,0.0,4699942.0,4699942.0,-0.0,-1.146,normal
2023-05-02,EWY,60.4875,60.4,3290521251,54400000.0,0.0,0.0,-26175757.0,-26175757.0,-0.0,-0.145,normal
2023-05-03,EWY,60.2386,60.08,3276978970,54400000.0,0.0,0.0,-13542282.0,-13542281.0,1.0,-0.263,normal
2023-05-04,EWY,60.8442,60.56,3309924861,54400000.0,0.0,0.0,32945891.0,32945891.0,-0.0,-0.467,normal
2023-05-05,EWY,61.5956,61.59,3350801075,54400000.0,0.0,0.0,40876214.0,40876214.0,-0.0,-0.009,normal
2023-05-08,EWY,61.6281,61.55,3352567443,54400000.0,0.0,0.0,1766368.0,1766368.0,-0.0,-0.127,normal
2023-05-09,EWY,61.2649,60.98,3332812899,54400000.0,0.0,0.0,-19754544.0,-19754544.0,-0.0,-0.465,normal
2023-05-10,EWY,61.0187,61.06,3319418259,54400000.0,0.0,0.0,-13394640.0,-13394640.0,0.0,0.068,normal
2023-05-11,EWY,60.4334,60.06,3287576307,54400000.0,0.0,0.0,-31841952.0,-31841952.0,-0.0,-0.618,normal
2023-05-12,EWY,59.7537,59.27,3250600410,54400000.0,0.0,0.0,-36975898.0,-36975897.0,1.0,-0.809,normal
2023-05-15,EWY,60.0467,60.22,3266537923,54400000.0,0.0,0.0,15937514.0,15937513.0,-1.0,0.289,normal
2023-05-16,EWY,59.8709,59.59,3212076092,53650000.0,-750000.0,-44903207.0,-9558624.0,-54461831.0,0.0,-0.469,normal
2023-05-17,EWY,60.8441,60.73,3264285482,53650000.0,0.0,0.0,52209390.0,52209390.0,-0.0,-0.188,normal
2023-05-18,EWY,61.403,61.2,3294269877,53650000.0,0.0,0.0,29984395.0,29984395.0,0.0,-0.331,normal
2023-05-19,EWY,61.9982,62.05,3326205952,53650000.0,0.0,0.0,31936075.0,31936075.0,0.0,0.084,normal
2023-05-22,EWY,63.0102,63.11,3380499000,53650000.0,0.0,0.0,54293049.0,54293048.0,-1.0,0.158,normal
2023-05-23,EWY,62.9455,62.35,3377026129,53650000.0,0.0,0.0,-3472872.0,-3472871.0,1.0,-0.946,normal
2023-05-24,EWY,62.7959,62.35,3369002235,53650000.0,0.0,0.0,-8023894.0,-8023894.0,0.0,-0.71,normal
2023-05-25,EWY,62.4273,62.05,3349223948,53650000.0,0.0,0.0,-19778287.0,-19778287.0,0.0,-0.604,normal
2023-05-26,EWY,63.156,63.1,3388318703,53650000.0,0.0,0.0,39094755.0,39094755.0,-0.0,-0.089,normal
2023-05-30,EWY,63.2814,63.44,3395044749,53650000.0,0.0,0.0,6726047.0,6726046.0,-1.0,0.251,normal
2023-05-31,EWY,62.7432,62.78,3366172412,53650000.0,0.0,0.0,-28872338.0,-28872337.0,1.0,0.059,normal
2023-06-01,EWY,63.3675,63.76,3399668521,53650000.0,0.0,0.0,33496109.0,33496109.0,-0.0,0.619,normal
2023-06-02,EWY,65.0833,65.16,3491719045,53650000.0,0.0,0.0,92050524.0,92050524.0,0.0,0.118,normal
2023-06-05,EWY,64.8232,65.13,3477765968,53650000.0,0.0,0.0,-13953077.0,-13953077.0,0.0,0.473,normal
2023-06-06,EWY,65.1283,65.7,3513673997,53950000.0,300000.0,19538502.0,16369527.0,35908029.0,-0.0,0.878,normal
2023-06-07,EWY,64.8298,64.76,3497569059,53950000.0,0.0,0.0,-16104938.0,-16104938.0,0.0,-0.108,normal
2023-06-08,EWY,65.2007,65.66,3517575553,53950000.0,0.0,0.0,20006494.0,20006494.0,-0.0,0.705,normal
2023-06-09,EWY,66.3166,66.68,3577780948,53950000.0,0.0,0.0,60205395.0,60205395.0,0.0,0.548,normal
2023-06-12,EWY,66.3057,66.64,3577190843,53950000.0,0.0,0.0,-590105.0,-590105.0,0.0,0.504,normal
2023-06-13,EWY,67.3168,67.51,3631742925,53950000.0,0.0,0.0,54552082.0,54552082.0,-0.0,0.287,normal
2023-06-14,EWY,66.4258,66.88,3583671802,53950000.0,0.0,0.0,-48071122.0,-48071123.0,-1.0,0.684,normal
2023-06-15,EWY,66.5091,67.04,3588164434,53950000.0,0.0,0.0,4492632.0,4492632.0,-0.0,0.798,normal
2023-06-16,EWY,66.6271,66.48,3594530265,53950000.0,0.0,0.0,6365830.0,6365831.0,1.0,-0.221,normal
2023-06-20,EWY,65.5502,65.18,3536434153,53950000.0,0.0,0.0,-58096111.0,-58096112.0,-1.0,-0.565,normal
2023-06-21,EWY,64.4344,64.62,3476237445,53950000.0,0.0,0.0,-60196709.0,-60196708.0,1.0,0.288,normal
2023-06-22,EWY,64.8102,64.64,3496511585,53950000.0,0.0,0.0,20274140.0,20274140.0,-0.0,-0.263,normal
2023-06-23,EWY,63.4987,63.31,3467030603,54600000.0,650000.0,41274174.0,-70755155.0,-29480982.0,-1.0,-0.297,normal
2023-06-26,EWY,63.7183,63.9,3479018306,54600000.0,0.0,0.0,11987703.0,11987703.0,0.0,0.285,normal
2023-06-27,EWY,64.4444,64.57,3518663530,54600000.0,0.0,0.0,39645224.0,39645224.0,0.0,0.195,normal
2023-06-28,EWY,63.3389,63.28,3458305742,54600000.0,0.0,0.0,-60357788.0,-60357788.0,0.0,-0.093,normal
2023-06-29,EWY,62.66,62.72,3421235836,54600000.0,0.0,0.0,-37069906.0,-37069906.0,-0.0,0.096,normal
2023-06-30,EWY,63.2891,63.38,3455582130,54600000.0,0.0,0.0,34346294.0,34346294.0,0.0,0.144,normal
2023-07-03,EWY,64.5147,64.79,3522502074,54600000.0,0.0,0.0,66919944.0,66919944.0,0.0,0.427,normal
2023-07-05,EWY,64.2247,64.06,3506670094,54600000.0,0.0,0.0,-15831980.0,-15831980.0,-0.0,-0.257,normal
2023-07-06,EWY,63.3252,62.81,3457553190,54600000.0,0.0,0.0,-49116904.0,-49116904.0,0.0,-0.814,normal
2023-07-07,EWY,62.6855,63.14,3422625625,54600000.0,0.0,0.0,-34927565.0,-34927565.0,0.0,0.725,normal
2023-07-10,EWY,62.7449,63.22,3425870175,54600000.0,0.0,0.0,3244550.0,3244550.0,-0.0,0.757,normal
2023-07-11,EWY,64.2268,64.35,3506785519,54600000.0,0.0,0.0,80915344.0,80915344.0,0.0,0.192,normal
2023-07-12,EWY,65.1636,66.1,3557931632,54600000.0,0.0,0.0,51146113.0,51146113.0,-0.0,1.437,normal
2023-07-13,EWY,66.2232,66.97,3615786829,54600000.0,0.0,0.0,57855197.0,57855197.0,-0.0,1.128,normal
2023-07-14,EWY,67.3776,67.18,3783249545,56150000.0,1550000.0,104435206.0,63027510.0,167462716.0,0.0,-0.293,normal
2023-07-17,EWY,67.4491,67.54,3847972068,57050000.0,900000.0,60704204.0,4018319.0,64722523.0,-0.0,0.135,normal
2023-07-18,EWY,67.5638,67.34,3854514676,57050000.0,0.0,0.0,6542608.0,6542608.0,-0.0,-0.331,normal
2023-07-19,EWY,67.3222,67.12,3840731738,57050000.0,0.0,0.0,-13782938.0,-13782938.0,-0.0,-0.3,normal
2023-07-20,EWY,66.4846,66.0,3792946886,57050000.0,0.0,0.0,-47784852.0,-47784852.0,-0.0,-0.729,normal
2023-07-21,EWY,66.32,66.03,3783557997,57050000.0,0.0,0.0,-9388890.0,-9388889.0,1.0,-0.437,normal
2023-07-24,EWY,67.3149,67.3,3840312706,57050000.0,0.0,0.0,56754709.0,56754709.0,-0.0,-0.022,normal
2023-07-25,EWY,67.8225,67.9,3869271913,57050000.0,0.0,0.0,28959208.0,28959207.0,-1.0,0.114,normal
2023-07-26,EWY,66.9286,67.53,3818278855,57050000.0,0.0,0.0,-50993059.0,-50993058.0,1.0,0.898,normal
2023-07-27,EWY,66.5797,66.32,3798371200,57050000.0,0.0,0.0,-19907655.0,-19907655.0,-0.0,-0.39,normal
2023-07-28,EWY,67.3805,67.49,3931650249,58350000.0,1300000.0,87594607.0,45684442.0,133279049.0,-0.0,0.163,normal
2023-07-31,EWY,67.6562,67.57,3947741371,58350000.0,0.0,0.0,16091121.0,16091122.0,1.0,-0.128,normal
2023-08-01,EWY,67.9454,67.56,3964616424,58350000.0,0.0,0.0,16875053.0,16875053.0,-0.0,-0.567,normal
2023-08-02,EWY,65.4584,65.48,3819500441,58350000.0,0.0,0.0,-145115983.0,-145115983.0,0.0,0.033,normal
2023-08-03,EWY,65.4092,65.45,3816627695,58350000.0,0.0,0.0,-2872746.0,-2872746.0,-0.0,0.062,normal
2023-08-04,EWY,64.5537,64.83,3766707695,58350000.0,0.0,0.0,-49920000.0,-49920000.0,0.0,0.428,normal
2023-08-07,EWY,64.6349,64.65,3771444373,58350000.0,0.0,0.0,4736678.0,4736678.0,0.0,0.023,normal
2023-08-08,EWY,63.7615,63.77,3720484050,58350000.0,0.0,0.0,-50960323.0,-50960323.0,-0.0,0.013,normal
2023-08-09,EWY,64.2243,64.28,3747488605,58350000.0,0.0,0.0,27004555.0,27004555.0,-0.0,0.087,normal
2023-08-10,EWY,64.0428,63.86,3736896388,58350000.0,0.0,0.0,-10592217.0,-10592217.0,0.0,-0.285,normal
2023-08-11,EWY,63.3201,63.12,3694726260,58350000.0,0.0,0.0,-42170128.0,-42170128.0,0.0,-0.316,normal
2023-08-14,EWY,62.7728,62.56,3662795389,58350000.0,0.0,0.0,-31930870.0,-31930871.0,-1.0,-0.339,normal
2023-08-15,EWY,62.3404,62.01,3637565258,58350000.0,0.0,0.0,-25230132.0,-25230131.0,1.0,-0.53,normal
2023-08-16,EWY,60.9378,60.76,3555721972,58350000.0,0.0,0.0,-81843285.0,-81843286.0,-1.0,-0.292,normal
2023-08-17,EWY,60.7684,60.82,3545836899,58350000.0,0.0,0.0,-9885073.0,-9885073.0,0.0,0.085,normal
2023-08-18,EWY,60.7844,60.67,3546771841,58350000.0,0.0,0.0,934942.0,934942.0,-0.0,-0.188,normal
2023-08-21,EWY,60.9804,61.08,3558207332,58350000.0,0.0,0.0,11435491.0,11435491.0,-0.0,0.163,normal
2023-08-22,EWY,61.0665,60.78,3563230100,58350000.0,0.0,0.0,5022768.0,5022768.0,0.0,-0.469,normal
2023-08-23,EWY,61.1617,61.55,3568782569,58350000.0,0.0,0.0,5552469.0,5552469.0,-0.0,0.635,normal
2023-08-24,EWY,61.7929,61.51,3605614490,58350000.0,0.0,0.0,36831920.0,36831921.0,1.0,-0.458,normal
2023-08-25,EWY,62.0508,62.01,3620665639,58350000.0,0.0,0.0,15051149.0,15051149.0,-0.0,-0.066,normal
2023-08-28,EWY,62.5658,62.51,3650716764,58350000.0,0.0,0.0,30051125.0,30051125.0,-0.0,-0.089,normal
2023-08-29,EWY,63.1479,63.35,3684680373,58350000.0,0.0,0.0,33963609.0,33963609.0,-0.0,0.32,normal
2023-08-30,EWY,62.8778,62.94,3668917413,58350000.0,0.0,0.0,-15762961.0,-15762960.0,1.0,0.099,normal
2023-08-31,EWY,62.63,62.45,3654462309,58350000.0,0.0,0.0,-14455104.0,-14455104.0,-0.0,-0.287,normal
2023-09-01,EWY,63.1535,63.21,3685006608,58350000.0,0.0,0.0,30544299.0,30544299.0,-0.0,0.089,normal
2023-09-05,EWY,62.8627,62.76,3668040646,58350000.0,0.0,0.0,-16965963.0,-16965962.0,1.0,-0.163,normal
2023-09-06,EWY,62.206,62.02,3629719575,58350000.0,0.0,0.0,-38321071.0,-38321071.0,-0.0,-0.299,normal
2023-09-07,EWY,61.8621,61.74,3609650734,58350000.0,0.0,0.0,-20068841.0,-20068841.0,-0.0,-0.197,normal
2023-09-08,EWY,61.8983,61.79,3611768256,58350000.0,0.0,0.0,2117522.0,2117522.0,0.0,-0.175,normal
2023-09-11,EWY,62.3853,62.78,3640179863,58350000.0,0.0,0.0,28411607.0,28411607.0,0.0,0.633,normal
2023-09-12,EWY,61.7433,62.01,3602719338,58350000.0,0.0,0.0,-37460525.0,-37460525.0,-0.0,0.432,normal
2023-09-13,EWY,61.92,62.03,3613031125,58350000.0,0.0,0.0,10311787.0,10311787.0,-0.0,0.178,normal
2023-09-14,EWY,63.0993,62.84,3757560635,59550000.0,1200000.0,75719106.0,68810405.0,144529510.0,-1.0,-0.411,normal
2023-09-15,EWY,63.2001,63.12,3763566491,59550000.0,0.0,0.0,6005856.0,6005856.0,0.0,-0.127,normal
2023-09-18,EWY,63.0733,63.25,3756017397,59550000.0,0.0,0.0,-7549094.0,-7549094.0,-0.0,0.28,normal
2023-09-19,EWY,62.4212,62.58,3717184068,59550000.0,0.0,0.0,-38833329.0,-38833329.0,0.0,0.254,normal
2023-09-20,EWY,62.2193,62.14,3723826182,59850000.0,300000.0,18665795.0,-12023681.0,6642114.0,-0.0,-0.128,normal
2023-09-21,EWY,60.61,60.5,3627510954,59850000.0,0.0,0.0,-96315228.0,-96315228.0,0.0,-0.182,normal
2023-09-22,EWY,60.8464,60.8,3641656621,59850000.0,0.0,0.0,14145667.0,14145667.0,-0.0,-0.076,normal
2023-09-25,EWY,60.7052,60.62,3651416096,60150000.0,300000.0,18211552.0,-8452077.0,9759475.0,0.0,-0.14,normal
2023-09-26,EWY,59.05,58.7,3569569538,60450000.0,300000.0,17714985.0,-99561543.0,-81846558.0,-0.0,-0.593,normal
2023-09-27,EWY,59.1584,58.72,3576122439,60450000.0,0.0,0.0,6552901.0,6552901.0,0.0,-0.741,normal
2023-09-28,EWY,59.3552,59.27,3588021659,60450000.0,0.0,0.0,11899220.0,11899220.0,0.0,-0.143,normal
2023-09-29,EWY,59.2015,58.94,3578730675,60450000.0,0.0,0.0,-9290984.0,-9290984.0,-0.0,-0.442,normal
2023-10-02,EWY,59.0392,58.45,3568916799,60450000.0,0.0,0.0,-9813876.0,-9813876.0,0.0,-0.998,normal
2023-10-03,EWY,58.3159,57.86,3525197545,60450000.0,0.0,0.0,-43719254.0,-43719254.0,-0.0,-0.782,normal
2023-10-04,EWY,57.7035,57.75,3488179537,60450000.0,0.0,0.0,-37018008.0,-37018008.0,0.0,0.081,normal
2023-10-05,EWY,57.8466,57.98,3496826668,60450000.0,0.0,0.0,8647131.0,8647131.0,0.0,0.231,normal
2023-10-06,EWY,58.4655,58.61,3534240140,60450000.0,0.0,0.0,37413472.0,37413472.0,-0.0,0.247,normal
2023-10-09,EWY,58.5143,58.47,3537189858,60450000.0,0.0,0.0,2949718.0,2949718.0,-0.0,-0.076,normal
2023-10-10,EWY,58.1262,58.55,3513725949,60450000.0,0.0,0.0,-23463909.0,-23463909.0,0.0,0.729,normal
2023-10-11,EWY,59.541,59.56,3599253692,60450000.0,0.0,0.0,85527743.0,85527743.0,0.0,0.032,normal
2023-10-12,EWY,59.7174,59.03,3609916951,60450000.0,0.0,0.0,10663259.0,10663259.0,-0.0,-1.151,normal
2023-10-13,EWY,58.8914,58.76,3559982652,60450000.0,0.0,0.0,-49934299.0,-49934299.0,0.0,-0.223,normal
2023-10-16,EWY,58.8616,59.09,3558181906,60450000.0,0.0,0.0,-1800745.0,-1800746.0,-1.0,0.388,normal
2023-10-17,EWY,59.2163,59.04,3579622977,60450000.0,0.0,0.0,21441071.0,21441071.0,0.0,-0.298,normal
2023-10-18,EWY,59.0285,58.47,3568270588,60450000.0,0.0,0.0,-11352389.0,-11352389.0,0.0,-0.946,normal
2023-10-19,EWY,57.8179,57.71,3495090786,60450000.0,0.0,0.0,-73179803.0,-73179802.0,1.0,-0.187,normal
2023-10-20,EWY,57.0137,56.88,3446475747,60450000.0,0.0,0.0,-48615039.0,-48615039.0,-0.0,-0.234,normal
2023-10-23,EWY,56.8924,57.11,3439144673,60450000.0,0.0,0.0,-7331074.0,-7331074.0,-0.0,0.383,normal
2023-10-24,EWY,58.0189,57.86,3507240510,60450000.0,0.0,0.0,68095837.0,68095837.0,0.0,-0.274,normal
2023-10-25,EWY,56.6195,56.39,3422649138,60450000.0,0.0,0.0,-84591372.0,-84591372.0,0.0,-0.405,normal
2023-10-26,EWY,54.955,55.17,3322026848,60450000.0,0.0,0.0,-100622289.0,-100622290.0,-1.0,0.391,normal
2023-10-27,EWY,54.8288,54.64,3314402894,60450000.0,0.0,0.0,-7623954.0,-7623954.0,0.0,-0.344,normal
2023-10-30,EWY,55.8157,55.95,3374056466,60450000.0,0.0,0.0,59653571.0,59653572.0,1.0,0.241,normal
2023-10-31,EWY,55.0881,54.95,3330078607,60450000.0,0.0,0.0,-43977859.0,-43977859.0,-0.0,-0.251,normal
2023-11-01,EWY,55.7666,56.25,3371092784,60450000.0,0.0,0.0,41014176.0,41014177.0,1.0,0.867,normal
2023-11-02,EWY,57.604,58.05,3482161014,60450000.0,0.0,0.0,111068231.0,111068230.0,-1.0,0.774,normal
2023-11-03,EWY,59.0072,59.67,3566987537,60450000.0,0.0,0.0,84826523.0,84826523.0,0.0,1.123,normal
2023-11-06,EWY,63.0841,62.68,3813432576,60450000.0,0.0,0.0,246445038.0,246445039.0,1.0,-0.64,normal
2023-11-07,EWY,61.5727,61.65,3722068204,60450000.0,0.0,0.0,-91364372.0,-91364372.0,-0.0,0.126,normal
2023-11-08,EWY,60.3275,60.47,3646796166,60450000.0,0.0,0.0,-75272038.0,-75272038.0,-0.0,0.236,normal
2023-11-09,EWY,59.9946,59.87,3626673207,60450000.0,0.0,0.0,-20122959.0,-20122959.0,-0.0,-0.208,normal
2023-11-10,EWY,60.2787,60.3,3643847717,60450000.0,0.0,0.0,17174510.0,17174510.0,0.0,0.035,normal
2023-11-13,EWY,59.3286,59.69,3586411573,60450000.0,0.0,0.0,-57436144.0,-57436144.0,0.0,0.609,normal
2023-11-14,EWY,60.7112,61.89,3669991436,60450000.0,0.0,0.0,83579863.0,83579863.0,0.0,1.942,normal
2023-11-15,EWY,62.3052,62.34,3766351818,60450000.0,0.0,0.0,96360383.0,96360382.0,-1.0,0.056,normal
2023-11-16,EWY,62.7225,62.78,3791574641,60450000.0,0.0,0.0,25222823.0,25222823.0,0.0,0.092,normal
2023-11-17,EWY,62.109,62.25,3754486753,60450000.0,0.0,0.0,-37087889.0,-37087888.0,1.0,0.227,normal
2023-11-20,EWY,63.3243,63.51,3827956051,60450000.0,0.0,0.0,73469298.0,73469298.0,0.0,0.293,normal
2023-11-21,EWY,63.2318,62.88,3822362189,60450000.0,0.0,0.0,-5593862.0,-5593862.0,-0.0,-0.556,normal
2023-11-22,EWY,62.9057,62.91,3802650955,60450000.0,0.0,0.0,-19711234.0,-19711234.0,-0.0,0.007,normal
2023-11-24,EWY,62.1316,62.32,3755854676,60450000.0,0.0,0.0,-46796279.0,-46796279.0,0.0,0.303,normal
2023-11-27,EWY,62.2358,62.56,3762152176,60450000.0,0.0,0.0,6297500.0,6297500.0,0.0,0.521,normal
2023-11-28,EWY,63.2993,63.49,3826443169,60450000.0,0.0,0.0,64290993.0,64290993.0,-0.0,0.301,normal
2023-11-29,EWY,63.2827,63.38,3825437462,60450000.0,0.0,0.0,-1005707.0,-1005707.0,-0.0,0.154,normal
2023-11-30,EWY,63.6007,63.04,3844660683,60450000.0,0.0,0.0,19223221.0,19223221.0,0.0,-0.882,normal
2023-12-01,EWY,62.6769,63.32,3804487951,60700000.0,250000.0,15669226.0,-55841957.0,-40172732.0,-1.0,1.026,normal
2023-12-04,EWY,62.3015,62.05,3781698986,60700000.0,0.0,0.0,-22788965.0,-22788965.0,0.0,-0.404,normal
2023-12-05,EWY,61.791,61.54,3763073362,60900000.0,200000.0,12358205.0,-30983829.0,-18625624.0,1.0,-0.406,normal
2023-12-06,EWY,61.2854,61.14,3732282261,60900000.0,0.0,0.0,-30791101.0,-30791101.0,-0.0,-0.237,normal
2023-12-07,EWY,61.4011,61.8,3739328512,60900000.0,0.0,0.0,7046252.0,7046251.0,-1.0,0.65,normal
2023-12-08,EWY,62.5291,62.16,3808024078,60900000.0,0.0,0.0,68695565.0,68695566.0,1.0,-0.59,normal
2023-12-11,EWY,62.6276,62.71,3814020475,60900000.0,0.0,0.0,5996397.0,5996397.0,0.0,0.132,normal
2023-12-12,EWY,62.9227,63.05,3831993587,60900000.0,0.0,0.0,17973112.0,17973112.0,-0.0,0.202,normal
2023-12-13,EWY,62.6118,63.81,3813058924,60900000.0,0.0,0.0,-18934663.0,-18934663.0,-0.0,1.914,normal
2023-12-14,EWY,64.1916,64.65,3909269719,60900000.0,0.0,0.0,96210794.0,96210795.0,1.0,0.714,normal
2023-12-15,EWY,64.3879,63.94,3921221161,60900000.0,0.0,0.0,11951442.0,11951442.0,-0.0,-0.696,normal
2023-12-18,EWY,64.4435,64.19,3924607018,60900000.0,0.0,0.0,3385857.0,3385857.0,-0.0,-0.393,normal
2023-12-19,EWY,64.485,64.91,3927137109,60900000.0,0.0,0.0,2530090.0,2530091.0,1.0,0.659,normal
2023-12-20,EWY,63.3293,63.12,3856755040,60900000.0,0.0,0.0,-70382069.0,-70382069.0,0.0,-0.331,normal
2023-12-21,EWY,63.6055,64.12,3927641107,61750000.0,850000.0,54064695.0,16821372.0,70886067.0,-0.0,0.809,normal
2023-12-22,EWY,63.5602,63.97,3924841794,61750000.0,0.0,0.0,-2799313.0,-2799313.0,-0.0,0.645,normal
2023-12-26,EWY,64.0562,64.27,3955467386,61750000.0,0.0,0.0,30625592.0,30625592.0,0.0,0.334,normal
2023-12-27,EWY,64.6651,64.85,3993069802,61750000.0,0.0,0.0,37602416.0,37602416.0,0.0,0.286,normal
2023-12-28,EWY,65.9994,65.98,4075460110,61750000.0,0.0,0.0,82390308.0,82390308.0,0.0,-0.029,normal
2023-12-29,EWY,65.7593,65.53,4225036246,64250000.0,2500000.0,164398298.0,-14822161.0,149576136.0,-0.0,-0.349,normal
2024-01-02,EWY,65.1775,64.74,4187656688,64250000.0,0.0,0.0,-37379558.0,-37379558.0,-0.0,-0.671,normal
2024-01-03,EWY,63.5401,63.35,4082448341,64250000.0,0.0,0.0,-105208347.0,-105208347.0,0.0,-0.299,normal
2024-01-04,EWY,62.8129,62.72,4098539376,65250000.0,1000000.0,62812864.0,-46721829.0,16091035.0,0.0,-0.148,normal
2024-01-05,EWY,62.8801,62.88,4102929200,65250000.0,0.0,0.0,4389824.0,4389824.0,-0.0,-0.0,normal
2024-01-08,EWY,63.112,63.21,4118058065,65250000.0,0.0,0.0,15128865.0,15128865.0,0.0,0.155,normal
2024-01-09,EWY,62.0156,61.78,4046515486,65250000.0,0.0,0.0,-71542579.0,-71542579.0,0.0,-0.38,normal
2024-01-10,EWY,61.5439,61.42,4015739410,65250000.0,0.0,0.0,-30776076.0,-30776076.0,-0.0,-0.201,normal
2024-01-11,EWY,61.3983,61.53,4006242207,65250000.0,0.0,0.0,-9497203.0,-9497203.0,-0.0,0.214,normal
2024-01-12,EWY,61.2007,61.36,4060665715,66350000.0,1100000.0,67320758.0,-12897250.0,54423508.0,-0.0,0.26,normal
2024-01-16,EWY,59.4151,58.99,3942188767,66350000.0,0.0,0.0,-118476949.0,-118476948.0,1.0,-0.715,normal
2024-01-17,EWY,57.4708,57.46,3813184793,66350000.0,0.0,0.0,-129003973.0,-129003974.0,-1.0,-0.019,normal
2024-01-18,EWY,58.222,58.53,3863030231,66350000.0,0.0,0.0,49845438.0,49845438.0,0.0,0.529,normal
2024-01-19,EWY,59.1617,59.26,3925377203,66350000.0,0.0,0.0,62346972.0,62346972.0,0.0,0.166,normal
2024-01-22,EWY,58.3768,58.53,3893734294,66700000.0,350000.0,20431889.0,-52074797.0,-31642909.0,-1.0,0.262,normal
2024-01-23,EWY,59.1584,58.92,3945865480,66700000.0,0.0,0.0,52131186.0,52131186.0,0.0,-0.403,normal
2024-01-24,EWY,58.8234,59.12,3932346162,66850000.0,150000.0,8823514.0,-22342832.0,-13519318.0,0.0,0.504,normal
2024-01-25,EWY,58.9055,58.9,3990849928,67750000.0,900000.0,53014981.0,5488786.0,58503766.0,-1.0,-0.009,normal
2024-01-26,EWY,59.4297,59.5,4026361565,67750000.0,0.0,0.0,35511637.0,35511637.0,0.0,0.118,normal
2024-01-29,EWY,60.0166,60.16,4147145263,69100000.0,1350000.0,81022375.0,39761323.0,120783698.0,-0.0,0.239,normal
2024-01-30,EWY,59.9261,59.91,4152881433,69300000.0,200000.0,11985228.0,-6249058.0,5736170.0,1.0,-0.027,normal
2024-01-31,EWY,59.4702,59.47,4121287216,69300000.0,0.0,0.0,-31594217.0,-31594217.0,-0.0,-0.0,normal
2024-02-01,EWY,61.3681,61.3,4252808498,69300000.0,0.0,0.0,131521282.0,131521282.0,-0.0,-0.111,normal
2024-02-02,EWY,63.4632,62.61,4398002601,69300000.0,0.0,0.0,145194103.0,145194103.0,0.0,-1.345,normal
2024-02-05,EWY,62.392,62.13,4323762412,69300000.0,0.0,0.0,-74240189.0,-74240189.0,0.0,-0.42,normal
2024-02-06,EWY,62.2528,62.18,4314116614,69300000.0,0.0,0.0,-9645798.0,-9645798.0,-0.0,-0.117,normal
2024-02-07,EWY,63.5481,63.28,4403883815,69300000.0,0.0,0.0,89767201.0,89767201.0,0.0,-0.422,normal
2024-02-08,EWY,63.5689,63.28,4405323384,69300000.0,0.0,0.0,1439569.0,1439569.0,0.0,-0.454,normal
2024-02-09,EWY,63.8522,63.67,4424954342,69300000.0,0.0,0.0,19630958.0,19630958.0,0.0,-0.285,normal
2024-02-12,EWY,64.0048,64.45,4435531046,69300000.0,0.0,0.0,10576705.0,10576704.0,-1.0,0.696,normal
2024-02-13,EWY,63.4269,62.71,4395484586,69300000.0,0.0,0.0,-40046460.0,-40046460.0,0.0,-1.13,normal
2024-02-14,EWY,63.5653,63.87,4405074458,69300000.0,0.0,0.0,9589873.0,9589872.0,-1.0,0.479,normal
2024-02-15,EWY,63.3608,63.79,4390902955,69300000.0,0.0,0.0,-14171504.0,-14171503.0,1.0,0.677,normal
2024-02-16,EWY,63.7935,64.19,4420888510,69300000.0,0.0,0.0,29985556.0,29985555.0,-1.0,0.622,normal
2024-02-20,EWY,64.0696,64.3,4440021478,69300000.0,0.0,0.0,19132968.0,19132968.0,0.0,0.36,normal
2024-02-21,EWY,64.1646,64.3,4446609691,69300000.0,0.0,0.0,6588212.0,6588213.0,1.0,0.211,normal
2024-02-22,EWY,65.0851,65.13,4510399786,69300000.0,0.0,0.0,63790096.0,63790095.0,-1.0,0.069,normal
2024-02-23,EWY,64.8285,65.16,4492618238,69300000.0,0.0,0.0,-17781548.0,-17781548.0,0.0,0.511,normal
2024-02-26,EWY,64.0803,64.2,4440763889,69300000.0,0.0,0.0,-51854349.0,-51854349.0,-0.0,0.187,normal
2024-02-27,EWY,63.6753,63.62,4533678085,71200000.0,1900000.0,120982983.0,-28068787.0,92914196.0,0.0,-0.087,normal
2024-02-28,EWY,64.4277,64.15,4651681240,72200000.0,1000000.0,64427718.0,53575437.0,118003155.0,0.0,-0.431,normal
2024-02-29,EWY,64.6698,64.11,4669157972,72200000.0,0.0,0.0,17476732.0,17476732.0,0.0,-0.866,normal
2024-03-01,EWY,65.2659,64.93,4712194659,72200000.0,0.0,0.0,43036687.0,43036687.0,-0.0,-0.515,normal
2024-03-04,EWY,65.6217,65.6,4737885801,72200000.0,0.0,0.0,25691143.0,25691142.0,-1.0,-0.033,normal
2024-03-05,EWY,64.28,64.31,4641016433,72200000.0,0.0,0.0,-96869368.0,-96869368.0,0.0,0.047,normal
2024-03-06,EWY,64.6945,65.08,4670942756,72200000.0,0.0,0.0,29926322.0,29926323.0,1.0,0.596,normal
2024-03-07,EWY,65.4964,65.88,4728840585,72200000.0,0.0,0.0,57897830.0,57897829.0,-1.0,0.586,normal
2024-03-08,EWY,66.1091,66.27,4773078753,72200000.0,0.0,0.0,44238167.0,44238168.0,1.0,0.243,normal
2024-03-11,EWY,66.1964,66.23,4779381452,72200000.0,0.0,0.0,6302699.0,6302699.0,-0.0,0.051,normal
2024-03-12,EWY,67.2365,67.22,4854472556,72200000.0,0.0,0.0,75091105.0,75091104.0,-1.0,-0.025,normal
2024-03-13,EWY,66.9114,67.09,4831003297,72200000.0,0.0,0.0,-23469260.0,-23469259.0,1.0,0.267,normal
2024-03-14,EWY,67.2288,67.05,4853919577,72200000.0,0.0,0.0,22916280.0,22916280.0,0.0,-0.266,normal
2024-03-15,EWY,65.4075,65.59,4742041358,72500000.0,300000.0,19622240.0,-131500459.0,-111878219.0,0.0,0.279,normal
2024-03-18,EWY,65.7763,65.76,4768783345,72500000.0,0.0,0.0,26741987.0,26741987.0,-0.0,-0.025,normal
2024-03-19,EWY,65.1651,65.28,4724470910,72500000.0,0.0,0.0,-44312435.0,-44312435.0,-0.0,0.176,normal
2024-03-20,EWY,66.4041,66.83,4814300222,72500000.0,0.0,0.0,89829312.0,89829312.0,-0.0,0.641,normal
2024-03-21,EWY,68.0392,67.53,4932842580,72500000.0,0.0,0.0,118542358.0,118542358.0,0.0,-0.748,normal
2024-03-22,EWY,67.2424,67.05,4875072622,72500000.0,0.0,0.0,-57769958.0,-57769958.0,-0.0,-0.286,normal
2024-03-25,EWY,67.1982,67.52,4945789728,73600000.0,1100000.0,73918053.0,-3200947.0,70717106.0,0.0,0.479,normal
2024-03-26,EWY,67.4783,67.4,5145216944,76250000.0,2650000.0,178817376.0,20609840.0,199427216.0,0.0,-0.116,normal
2024-03-27,EWY,67.2972,67.3,5131413711,76250000.0,0.0,0.0,-13803233.0,-13803233.0,-0.0,0.004,normal
2024-03-28,EWY,67.2411,67.11,5137216526,76400000.0,150000.0,10086158.0,-4283344.0,5802815.0,1.0,-0.195,normal
2024-04-01,EWY,66.6908,66.6,5108514514,76600000.0,200000.0,13338158.0,-42040170.0,-28702012.0,-0.0,-0.136,normal
2024-04-02,EWY,66.6424,66.67,5104806691,76600000.0,0.0,0.0,-3707823.0,-3707823.0,0.0,0.041,normal
2024-04-03,EWY,66.1011,66.5,5063341119,76600000.0,0.0,0.0,-41465572.0,-41465572.0,-0.0,0.604,normal
2024-04-04,EWY,66.1058,66.11,5063704280,76600000.0,0.0,0.0,363161.0,363161.0,0.0,0.006,normal
2024-04-05,EWY,66.2095,66.1,5257035650,79400000.0,2800000.0,185386648.0,7944722.0,193331370.0,0.0,-0.165,normal
2024-04-08,EWY,66.0964,66.24,5248054319,79400000.0,0.0,0.0,-8981331.0,-8981331.0,0.0,0.217,normal
2024-04-09,EWY,65.4056,65.87,5193206387,79400000.0,0.0,0.0,-54847932.0,-54847932.0,0.0,0.71,normal
2024-04-10,EWY,64.6773,63.35,5135379049,79400000.0,0.0,0.0,-57827338.0,-57827338.0,-0.0,-2.052,normal
2024-04-11,EWY,65.2314,64.92,5179369428,79400000.0,0.0,0.0,43990379.0,43990379.0,0.0,-0.477,normal
2024-04-12,EWY,62.9257,62.61,4996298277,79400000.0,0.0,0.0,-183071151.0,-183071151.0,-0.0,-0.502,normal
2024-04-15,EWY,62.3059,62.26,4947091477,79400000.0,0.0,0.0,-49206800.0,-49206800.0,0.0,-0.074,normal
2024-04-16,EWY,61.3623,61.29,4872164397,79400000.0,0.0,0.0,-74927080.0,-74927080.0,0.0,-0.118,normal
2024-04-17,EWY,60.5124,60.88,4804687498,79400000.0,0.0,0.0,-67476899.0,-67476899.0,-0.0,0.607,normal
2024-04-18,EWY,62.147,61.8,4934470927,79400000.0,0.0,0.0,129783429.0,129783429.0,0.0,-0.558,normal
2024-04-19,EWY,60.9826,61.32,4842014470,79400000.0,0.0,0.0,-92456457.0,-92456457.0,-0.0,0.553,normal
2024-04-22,EWY,62.5873,62.68,4969434320,79400000.0,0.0,0.0,127419850.0,127419850.0,0.0,0.148,normal
2024-04-23,EWY,62.7734,62.99,4984205896,79400000.0,0.0,0.0,14771576.0,14771576.0,0.0,0.345,normal
2024-04-24,EWY,63.5776,63.16,5048061361,79400000.0,0.0,0.0,63855465.0,63855465.0,-0.0,-0.657,normal
2024-04-25,EWY,62.7516,62.9,4982474579,79400000.0,0.0,0.0,-65586782.0,-65586782.0,-0.0,0.236,normal
2024-04-26,EWY,63.4922,63.34,5041282983,79400000.0,0.0,0.0,58808404.0,58808404.0,0.0,-0.24,normal
2024-04-29,EWY,63.9784,64.02,5079881705,79400000.0,0.0,0.0,38598722.0,38598722.0,0.0,0.065,normal
2024-04-30,EWY,63.0511,63.05,5006259404,79400000.0,0.0,0.0,-73622300.0,-73622301.0,-1.0,-0.002,normal
2024-05-01,EWY,62.8094,63.09,4987063025,79400000.0,0.0,0.0,-19196379.0,-19196379.0,0.0,0.447,normal
2024-05-02,EWY,64.17,64.46,5095095300,79400000.0,0.0,0.0,108032275.0,108032275.0,-0.0,0.452,normal
2024-05-03,EWY,64.7311,65.18,5139645926,79400000.0,0.0,0.0,44550625.0,44550626.0,1.0,0.694,normal
2024-05-06,EWY,65.2045,65.75,5177238094,79400000.0,0.0,0.0,37592168.0,37592168.0,-0.0,0.837,normal
2024-05-07,EWY,65.5989,65.69,5208551310,79400000.0,0.0,0.0,31313216.0,31313216.0,-0.0,0.139,normal
2024-05-08,EWY,65.946,65.83,5236113512,79400000.0,0.0,0.0,27562201.0,27562202.0,1.0,-0.176,normal
2024-05-09,EWY,64.9135,65.1,5225535060,80500000.0,1100000.0,71404827.0,-81983279.0,-10578452.0,0.0,0.287,normal
2024-05-10,EWY,64.8528,64.88,5220648468,80500000.0,0.0,0.0,-4886591.0,-4886592.0,-1.0,0.042,normal
2024-05-13,EWY,64.9891,65.03,5387600535,82900000.0,2400000.0,155973960.0,10978107.0,166952067.0,0.0,0.063,normal
2024-05-14,EWY,65.3057,65.57,5413844022,82900000.0,0.0,0.0,26243487.0,26243487.0,-0.0,0.405,normal
2024-05-15,EWY,65.999,66.92,5471314862,82900000.0,0.0,0.0,57470840.0,57470840.0,0.0,1.395,normal
2024-05-16,EWY,66.5554,66.37,5517438930,82900000.0,0.0,0.0,46124068.0,46124068.0,0.0,-0.279,normal
2024-05-17,EWY,65.5443,65.46,5531942296,84400000.0,1500000.0,98316510.0,-83813144.0,14503366.0,-0.0,-0.129,normal
2024-05-20,EWY,65.4705,65.24,5564990120,85000000.0,600000.0,39282283.0,-6234459.0,33047824.0,0.0,-0.352,normal
2024-05-21,EWY,64.9027,64.85,5516725930,85000000.0,0.0,0.0,-48264190.0,-48264190.0,-0.0,-0.081,normal
2024-05-22,EWY,64.5433,64.54,5486181180,85000000.0,0.0,0.0,-30544750.0,-30544750.0,0.0,-0.005,normal
2024-05-23,EWY,64.0587,63.88,5444992305,85000000.0,0.0,0.0,-41188875.0,-41188875.0,-0.0,-0.279,normal
2024-05-24,EWY,64.0014,64.1,5440116790,85000000.0,0.0,0.0,-4875515.0,-4875515.0,0.0,0.154,normal
2024-05-28,EWY,64.8127,64.73,5509081540,85000000.0,0.0,0.0,68964750.0,68964750.0,-0.0,-0.128,normal
2024-05-29,EWY,63.4041,63.15,5389348500,85000000.0,0.0,0.0,-119733040.0,-119733040.0,0.0,-0.401,normal
2024-05-30,EWY,62.1665,62.49,5284152925,85000000.0,0.0,0.0,-105195575.0,-105195575.0,-0.0,0.52,normal
2024-05-31,EWY,61.8554,62.18,5257712485,85000000.0,0.0,0.0,-26440440.0,-26440440.0,0.0,0.525,normal
2024-06-03,EWY,63.046,63.21,5358905920,85000000.0,0.0,0.0,101193435.0,101193435.0,-0.0,0.26,normal
2024-06-04,EWY,63.0883,62.99,5362507965,85000000.0,0.0,0.0,3602045.0,3602045.0,-0.0,-0.156,normal
2024-06-05,EWY,64.159,64.18,5453517720,85000000.0,0.0,0.0,91009755.0,91009755.0,0.0,0.033,normal
2024-06-06,EWY,64.1212,64.69,5450298600,85000000.0,0.0,0.0,-3219120.0,-3219120.0,-0.0,0.887,normal
2024-06-07,EWY,64.587,63.66,5489896445,85000000.0,0.0,0.0,39597845.0,39597845.0,0.0,-1.435,normal
2024-06-10,EWY,64.2237,64.18,5459016795,85000000.0,0.0,0.0,-30879650.0,-30879650.0,0.0,-0.068,normal
2024-06-11,EWY,63.9671,63.78,5437200525,85000000.0,0.0,0.0,-21816270.0,-21816270.0,-0.0,-0.292,normal
2024-06-12,EWY,65.1897,65.37,5541122715,85000000.0,0.0,0.0,103922190.0,103922190.0,-0.0,0.277,normal
2024-06-13,EWY,65.1298,64.84,5536032830,85000000.0,0.0,0.0,-5089885.0,-5089885.0,0.0,-0.445,normal
2024-06-14,EWY,65.0264,64.52,5527240855,85000000.0,0.0,0.0,-8791975.0,-8791975.0,-0.0,-0.779,normal
2024-06-17,EWY,65.1925,65.04,5463135690,83800000.0,-1200000.0,-78231060.0,14125895.0,-64105165.0,0.0,-0.234,normal
2024-06-18,EWY,65.5381,65.63,5482261981,83650000.0,-150000.0,-9830715.0,28957006.0,19126291.0,-0.0,0.14,normal
2024-06-20,EWY,65.7553,65.36,5500431682,83650000.0,0.0,0.0,18169700.0,18169701.0,1.0,-0.601,normal
2024-06-21,EWY,65.328,65.12,5464690797,83650000.0,0.0,0.0,-35740885.0,-35740885.0,-0.0,-0.319,normal
2024-06-24,EWY,64.9774,64.98,5435357419,83650000.0,0.0,0.0,-29333378.0,-29333378.0,0.0,0.004,normal
2024-06-25,EWY,65.3039,65.03,5462671988,83650000.0,0.0,0.0,27314569.0,27314569.0,-0.0,-0.419,normal
2024-06-26,EWY,65.6575,65.24,5492247198,83650000.0,0.0,0.0,29575210.0,29575210.0,-0.0,-0.636,normal
2024-06-27,EWY,66.1639,65.79,5534609649,83650000.0,0.0,0.0,42362451.0,42362451.0,-0.0,-0.565,normal
2024-06-28,EWY,66.2905,66.09,5545196561,83650000.0,0.0,0.0,10586911.0,10586912.0,1.0,-0.302,normal
2024-07-01,EWY,66.5123,66.12,5563757241,83650000.0,0.0,0.0,18560680.0,18560680.0,-0.0,-0.59,normal
2024-07-02,EWY,66.2456,66.16,5541444691,83650000.0,0.0,0.0,-22312550.0,-22312550.0,0.0,-0.129,normal
2024-07-03,EWY,66.6633,66.85,5576384292,83650000.0,0.0,0.0,34939601.0,34939601.0,-0.0,0.28,normal
2024-07-05,EWY,68.994,68.96,5771345925,83650000.0,0.0,0.0,194961633.0,194961633.0,0.0,-0.049,normal
2024-07-08,EWY,68.4294,68.21,5724115211,83650000.0,0.0,0.0,-47230714.0,-47230714.0,-0.0,-0.321,normal
2024-07-09,EWY,68.4435,68.13,5725298273,83650000.0,0.0,0.0,1183062.0,1183062.0,0.0,-0.458,normal
2024-07-10,EWY,68.8486,68.8,5759189154,83650000.0,0.0,0.0,33890881.0,33890881.0,-0.0,-0.071,normal
2024-07-11,EWY,68.8365,68.85,5758173978,83650000.0,0.0,0.0,-1015176.0,-1015176.0,0.0,0.02,normal
2024-07-12,EWY,68.6379,68.65,5741559666,83650000.0,0.0,0.0,-16614312.0,-16614312.0,0.0,0.018,normal
2024-07-15,EWY,67.8634,67.61,5676772657,83650000.0,0.0,0.0,-64787009.0,-64787009.0,-0.0,-0.373,normal
2024-07-16,EWY,68.3835,68.23,5720276178,83650000.0,0.0,0.0,43503521.0,43503521.0,0.0,-0.224,normal
2024-07-17,EWY,67.2483,67.08,5625320462,83650000.0,0.0,0.0,-94955716.0,-94955716.0,-0.0,-0.25,normal
2024-07-18,EWY,66.3872,65.97,5553293295,83650000.0,0.0,0.0,-72027167.0,-72027167.0,0.0,-0.628,normal
2024-07-19,EWY,65.6759,65.23,5493790290,83650000.0,0.0,0.0,-59503005.0,-59503005.0,0.0,-0.679,normal
2024-07-22,EWY,65.8507,65.79,5508414485,83650000.0,0.0,0.0,14624195.0,14624195.0,0.0,-0.092,normal
2024-07-23,EWY,65.8195,65.49,5505803434,83650000.0,0.0,0.0,-2611051.0,-2611051.0,0.0,-0.501,normal
2024-07-24,EWY,64.6039,64.51,5404114646,83650000.0,0.0,0.0,-101688788.0,-101688788.0,-0.0,-0.145,normal
2024-07-25,EWY,64.1136,64.06,5363103309,83650000.0,0.0,0.0,-41011336.0,-41011337.0,-1.0,-0.084,normal
2024-07-26,EWY,65.0339,65.05,5440083309,83650000.0,0.0,0.0,76980000.0,76980000.0,0.0,0.025,normal
2024-07-29,EWY,65.4724,65.05,5476762328,83650000.0,0.0,0.0,36679019.0,36679019.0,-0.0,-0.645,normal
2024-07-30,EWY,64.5415,64.52,5398898399,83650000.0,0.0,0.0,-77863930.0,-77863929.0,1.0,-0.033,normal
2024-07-31,EWY,66.8598,66.55,5592820011,83650000.0,0.0,0.0,193921613.0,193921612.0,-1.0,-0.463,normal
2024-08-01,EWY,65.5495,65.32,5483217097,83650000.0,0.0,0.0,-109602914.0,-109602914.0,0.0,-0.35,normal
2024-08-02,EWY,63.5839,63.55,5318794908,83650000.0,0.0,0.0,-164422189.0,-164422189.0,0.0,-0.053,normal
2024-08-05,EWY,58.9513,60.11,4845795463,82200000.0,-1450000.0,-85479360.0,-387520085.0,-472999445.0,0.0,1.966,normal
2024-08-06,EWY,60.8968,59.44,4944822352,81200000.0,-1000000.0,-60896827.0,159923717.0,99026889.0,-1.0,-2.392,normal
2024-08-07,EWY,59.8177,59.96,4857194479,81200000.0,0.0,0.0,-87627873.0,-87627873.0,0.0,0.238,normal
2024-08-08,EWY,61.9068,61.47,4872061461,78700000.0,-2500000.0,-154766882.0,169633864.0,14866982.0,0.0,-0.706,normal
2024-08-09,EWY,61.9578,62.22,4876076263,78700000.0,0.0,0.0,4014802.0,4014802.0,0.0,0.423,normal
2024-08-12,EWY,62.4649,62.26,4915983852,78700000.0,0.0,0.0,39907590.0,39907589.0,-1.0,-0.328,normal
2024-08-13,EWY,63.5232,63.59,4999279382,78700000.0,0.0,0.0,83295529.0,83295530.0,1.0,0.105,normal
2024-08-14,EWY,63.8239,63.71,5022941874,78700000.0,0.0,0.0,23662493.0,23662492.0,-1.0,-0.178,normal
2024-08-15,EWY,64.7482,64.34,5095684284,78700000.0,0.0,0.0,72742410.0,72742410.0,0.0,-0.63,normal
2024-08-16,EWY,65.4056,65.54,5147419697,78700000.0,0.0,0.0,51735413.0,51735413.0,0.0,0.205,normal
2024-08-19,EWY,66.5282,66.28,5135974492,77200000.0,-1500000.0,-99792250.0,88347046.0,-11445205.0,-0.0,-0.373,normal
2024-08-20,EWY,66.3337,66.32,5120961563,77200000.0,0.0,0.0,-15012930.0,-15012929.0,1.0,-0.021,normal
2024-08-21,EWY,66.5153,66.39,5134980542,77200000.0,0.0,0.0,14018980.0,14018979.0,-1.0,-0.188,normal
2024-08-22,EWY,65.7591,65.13,5076605068,77200000.0,0.0,0.0,-58375475.0,-58375474.0,1.0,-0.957,normal
2024-08-23,EWY,66.6177,67.21,5142884433,77200000.0,0.0,0.0,66279365.0,66279365.0,-0.0,0.889,normal
2024-08-26,EWY,66.3079,66.09,5118966252,77200000.0,0.0,0.0,-23918181.0,-23918181.0,0.0,-0.329,normal
2024-08-27,EWY,66.167,66.18,5108093867,77200000.0,0.0,0.0,-10872385.0,-10872385.0,-0.0,0.02,normal
2024-08-28,EWY,65.3925,65.51,5048297372,77200000.0,0.0,0.0,-59796495.0,-59796495.0,0.0,0.18,normal
2024-08-29,EWY,65.4589,65.41,5053423297,77200000.0,0.0,0.0,5125926.0,5125925.0,-1.0,-0.075,normal
2024-08-30,EWY,65.6451,65.5,5067803727,77200000.0,0.0,0.0,14380430.0,14380430.0,-0.0,-0.221,normal
2024-09-03,EWY,63.543,63.24,4905518365,77200000.0,0.0,0.0,-162285362.0,-162285362.0,0.0,-0.477,normal
2024-09-04,EWY,62.8796,63.26,4854301337,77200000.0,0.0,0.0,-51217028.0,-51217028.0,-0.0,0.605,normal
2024-09-05,EWY,62.8742,62.84,4853884380,77200000.0,0.0,0.0,-416957.0,-416957.0,0.0,-0.054,normal
2024-09-06,EWY,61.3362,60.5,4716752088,76900000.0,-300000.0,-18400853.0,-118731438.0,-137132292.0,-0.0,-1.363,normal
2024-09-09,EWY,61.8221,61.65,4754118029,76900000.0,0.0,0.0,37365941.0,37365941.0,0.0,-0.278,normal
2024-09-10,EWY,61.373,61.28,4719584623,76900000.0,0.0,0.0,-34533406.0,-34533406.0,0.0,-0.152,normal
2024-09-11,EWY,61.6937,61.66,4744242377,76900000.0,0.0,0.0,24657754.0,24657754.0,-0.0,-0.055,normal
2024-09-12,EWY,62.7974,62.51,4829120675,76900000.0,0.0,0.0,84878298.0,84878298.0,-0.0,-0.458,normal
2024-09-13,EWY,63.4578,63.3,4879907896,76900000.0,0.0,0.0,50787221.0,50787221.0,0.0,-0.249,normal
2024-09-16,EWY,63.4931,63.52,4882616314,76900000.0,0.0,0.0,2708418.0,2708418.0,-0.0,0.042,normal
2024-09-17,EWY,63.5125,63.22,4884110250,76900000.0,0.0,0.0,1493936.0,1493936.0,-0.0,-0.461,normal
2024-09-18,EWY,63.4009,63.26,4875532286,76900000.0,0.0,0.0,-8577964.0,-8577964.0,0.0,-0.222,normal
2024-09-19,EWY,63.8262,63.91,4908233934,76900000.0,0.0,0.0,32701648.0,32701648.0,-0.0,0.131,normal
2024-09-20,EWY,63.5433,63.32,4886481000,76900000.0,0.0,0.0,-21752934.0,-21752934.0,-0.0,-0.351,normal
2024-09-23,EWY,63.8371,63.69,4909072682,76900000.0,0.0,0.0,22591682.0,22591682.0,-0.0,-0.23,normal
2024-09-24,EWY,64.5674,65.04,4965236828,76900000.0,0.0,0.0,56164146.0,56164146.0,0.0,0.732,normal
2024-09-25,EWY,63.5534,63.36,4887256691,76900000.0,0.0,0.0,-77980137.0,-77980137.0,0.0,-0.304,normal
2024-09-26,EWY,66.2237,67.08,5092605452,76900000.0,0.0,0.0,205348761.0,205348761.0,-0.0,1.293,normal
2024-09-27,EWY,66.1354,66.34,5085811183,76900000.0,0.0,0.0,-6794269.0,-6794269.0,-0.0,0.309,normal
2024-09-30,EWY,64.7312,63.96,4977830203,76900000.0,0.0,0.0,-107980981.0,-107980980.0,1.0,-1.191,normal
2024-10-01,EWY,64.4595,63.48,4956934089,76900000.0,0.0,0.0,-20896114.0,-20896114.0,-0.0,-1.52,normal
2024-10-02,EWY,63.8264,63.4,4908252621,76900000.0,0.0,0.0,-48681468.0,-48681468.0,0.0,-0.668,normal
2024-10-03,EWY,63.7252,62.7,4900469649,76900000.0,0.0,0.0,-7782972.0,-7782972.0,0.0,-1.609,normal
2024-10-04,EWY,63.5052,62.7,4883546112,76900000.0,0.0,0.0,-16923537.0,-16923537.0,-0.0,-1.268,normal
2024-10-07,EWY,63.2466,63.02,4863662925,76900000.0,0.0,0.0,-19883187.0,-19883187.0,0.0,-0.358,normal
2024-10-08,EWY,63.5446,63.39,4886583047,76900000.0,0.0,0.0,22920122.0,22920122.0,0.0,-0.243,normal
2024-10-09,EWY,64.049,63.56,4925368100,76900000.0,0.0,0.0,38785053.0,38785053.0,-0.0,-0.763,normal
2024-10-10,EWY,63.4176,63.31,4876813671,76900000.0,0.0,0.0,-48554429.0,-48554429.0,0.0,-0.17,normal
2024-10-11,EWY,63.707,63.39,4899066839,76900000.0,0.0,0.0,22253168.0,22253168.0,-0.0,-0.498,normal
2024-10-14,EWY,63.9539,63.57,4886080634,76400000.0,-500000.0,-31976968.0,18990763.0,-12986205.0,-0.0,-0.6,normal
2024-10-15,EWY,62.7347,62.1,4792934289,76400000.0,0.0,0.0,-93146345.0,-93146345.0,0.0,-1.012,normal
2024-10-16,EWY,63.1292,62.87,4794659094,75950000.0,-450000.0,-28408118.0,30132924.0,1724805.0,-1.0,-0.41,normal
2024-10-17,EWY,62.466,62.39,4744294675,75950000.0,0.0,0.0,-50364420.0,-50364419.0,1.0,-0.122,normal
2024-10-18,EWY,62.1106,62.07,4636553827,74650000.0,-1300000.0,-80743737.0,-26997111.0,-107740848.0,0.0,-0.065,normal
2024-10-21,EWY,61.9077,61.59,4593549559,74200000.0,-450000.0,-27858454.0,-15145813.0,-43004268.0,-1.0,-0.513,normal
2024-10-22,EWY,61.1161,60.88,4534817811,74200000.0,0.0,0.0,-58731749.0,-58731748.0,1.0,-0.386,normal
2024-10-23,EWY,61.1181,61.22,4534963020,74200000.0,0.0,0.0,145209.0,145209.0,-0.0,0.167,normal
2024-10-24,EWY,61.1419,61.24,4536731948,74200000.0,0.0,0.0,1768928.0,1768928.0,0.0,0.16,normal
2024-10-25,EWY,60.9731,61.14,4524204094,74200000.0,0.0,0.0,-12527854.0,-12527854.0,-0.0,0.274,normal
2024-10-28,EWY,61.7645,61.72,4582924713,74200000.0,0.0,0.0,58720619.0,58720619.0,0.0,-0.072,normal
2024-10-29,EWY,61.8714,61.68,4590861367,74200000.0,0.0,0.0,7936655.0,7936654.0,-1.0,-0.309,normal
2024-10-30,EWY,60.9048,60.8,4519133860,74200000.0,0.0,0.0,-71727508.0,-71727507.0,1.0,-0.172,normal
2024-10-31,EWY,59.6247,59.91,4424151701,74200000.0,0.0,0.0,-94982159.0,-94982159.0,-0.0,0.478,normal
2024-11-01,EWY,60.1101,60.02,4460169346,74200000.0,0.0,0.0,36017645.0,36017645.0,0.0,-0.15,normal
2024-11-04,EWY,61.3933,60.9,4555380040,74200000.0,0.0,0.0,95210695.0,95210694.0,-1.0,-0.803,normal
2024-11-05,EWY,61.4574,61.12,4560137002,74200000.0,0.0,0.0,4756962.0,4756962.0,0.0,-0.549,normal
2024-11-06,EWY,59.965,59.37,4449401368,74200000.0,0.0,0.0,-110735635.0,-110735634.0,1.0,-0.992,normal
2024-11-07,EWY,60.2587,60.72,4471197098,74200000.0,0.0,0.0,21795731.0,21795730.0,-1.0,0.765,normal
2024-11-08,EWY,60.069,59.2,4457121952,74200000.0,0.0,0.0,-14075146.0,-14075146.0,0.0,-1.447,normal
2024-11-11,EWY,58.9509,58.37,4374158561,74200000.0,0.0,0.0,-82963391.0,-82963391.0,0.0,-0.985,normal
2024-11-12,EWY,57.2981,56.85,4251518946,74200000.0,0.0,0.0,-122639615.0,-122639615.0,0.0,-0.782,normal
2024-11-13,EWY,56.081,55.88,4161207009,74200000.0,0.0,0.0,-90311936.0,-90311937.0,-1.0,-0.358,normal
2024-11-14,EWY,55.9713,55.72,4153073057,74200000.0,0.0,0.0,-8133952.0,-8133952.0,0.0,-0.449,normal
2024-11-15,EWY,56.0945,56.2,4142576166,73850000.0,-350000.0,-19633062.0,9136172.0,-10496891.0,-0.0,0.188,normal
2024-11-18,EWY,58.152,57.79,4294526677,73850000.0,0.0,0.0,151950511.0,151950511.0,0.0,-0.623,normal
2024-11-19,EWY,57.9154,57.53,4204658258,72600000.0,-1250000.0,-72394254.0,-17474165.0,-89868419.0,0.0,-0.665,normal
2024-11-20,EWY,57.7877,57.39,4134712511,71550000.0,-1050000.0,-60677123.0,-9268624.0,-69945747.0,-0.0,-0.688,normal
2024-11-21,EWY,58.3756,58.01,4176777400,71550000.0,0.0,0.0,42064889.0,42064889.0,0.0,-0.626,normal
2024-11-22,EWY,58.3332,58.13,4100823538,70300000.0,-1250000.0,-72916492.0,-3037369.0,-75953862.0,-0.0,-0.348,normal
2024-11-25,EWY,58.945,58.74,4093728375,69450000.0,-850000.0,-50103227.0,43008064.0,-7095163.0,0.0,-0.348,normal
2024-11-26,EWY,58.9877,58.6,4028858886,68300000.0,-1150000.0,-67835838.0,2966348.0,-64869489.0,0.0,-0.657,normal
2024-11-27,EWY,57.9777,58.14,3959878959,68300000.0,0.0,0.0,-68979926.0,-68979927.0,-1.0,0.28,normal
2024-11-29,EWY,57.3166,57.43,3914721526,68300000.0,0.0,0.0,-45157433.0,-45157433.0,-0.0,0.198,normal
2024-12-02,EWY,56.8317,56.71,3881604495,68300000.0,0.0,0.0,-33117031.0,-33117031.0,-0.0,-0.214,normal
2024-12-03,EWY,56.3938,55.81,3851696198,68300000.0,0.0,0.0,-29908297.0,-29908297.0,-0.0,-1.035,normal
2024-12-04,EWY,56.5343,56.21,3861290846,68300000.0,0.0,0.0,9594647.0,9594648.0,1.0,-0.574,normal
2024-12-05,EWY,55.6763,55.52,3802688695,68300000.0,0.0,0.0,-58602151.0,-58602151.0,0.0,-0.281,normal
2024-12-06,EWY,55.2121,54.96,3770986088,68300000.0,0.0,0.0,-31702606.0,-31702607.0,-1.0,-0.457,normal
2024-12-09,EWY,53.3728,53.67,3645359098,68300000.0,0.0,0.0,-125626990.0,-125626990.0,0.0,0.557,normal
2024-12-10,EWY,54.6625,53.93,3733445950,68300000.0,0.0,0.0,88086851.0,88086852.0,1.0,-1.34,normal
2024-12-11,EWY,55.6467,55.5,3800668517,68300000.0,0.0,0.0,67222568.0,67222567.0,-1.0,-0.264,normal
2024-12-12,EWY,55.7858,55.48,3810167203,68300000.0,0.0,0.0,9498686.0,9498686.0,0.0,-0.548,normal
2024-12-13,EWY,56.2064,55.99,3822033092,68000000.0,-300000.0,-16861911.0,28727800.0,11865889.0,0.0,-0.385,normal
2024-12-16,EWY,56.182,55.58,3727673112,66350000.0,-1650000.0,-92700236.0,-1659744.0,-94359980.0,-0.0,-1.071,normal
2024-12-17,EWY,53.4821,53.57,3489707678,65250000.0,-1100000.0,-58830321.0,-179135114.0,-237965434.0,1.0,0.164,normal
2024-12-18,EWY,53.1137,52.11,3407245972,64150000.0,-1100000.0,-58425106.0,-24036599.0,-82461706.0,-0.0,-1.89,normal
2024-12-19,EWY,52.521,52.59,3369219327,64150000.0,0.0,0.0,-38026645.0,-38026645.0,-0.0,0.132,normal
2024-12-20,EWY,52.7462,52.34,3325649612,63050000.0,-1100000.0,-58020850.0,14451135.0,-43569715.0,0.0,-0.77,normal
2024-12-23,EWY,52.7803,52.77,3275018422,62050000.0,-1000000.0,-52780313.0,2149122.0,-50631190.0,1.0,-0.019,normal
2024-12-24,EWY,52.9394,52.71,3284888095,62050000.0,0.0,0.0,9869673.0,9869673.0,-0.0,-0.433,normal
2024-12-26,EWY,52.0342,51.97,3228720124,62050000.0,0.0,0.0,-56167970.0,-56167971.0,-1.0,-0.123,normal
2024-12-27,EWY,51.5659,51.46,3199665274,62050000.0,0.0,0.0,-29054850.0,-29054850.0,0.0,-0.205,normal
2024-12-30,EWY,51.2858,51.19,3182282401,62050000.0,0.0,0.0,-17382873.0,-17382873.0,0.0,-0.187,normal
2024-12-31,EWY,50.8523,50.89,3155383354,62050000.0,0.0,0.0,-26899047.0,-26899047.0,0.0,0.074,normal
2025-01-02,EWY,51.2417,51.12,3179545686,62050000.0,0.0,0.0,24162332.0,24162332.0,-0.0,-0.237,normal
2025-01-03,EWY,53.0067,52.84,3289063811,62050000.0,0.0,0.0,109518126.0,109518125.0,-1.0,-0.314,normal
2025-01-06,EWY,54.1294,54.4,3358726912,62050000.0,0.0,0.0,69663101.0,69663101.0,0.0,0.5,normal
2025-01-07,EWY,53.7426,53.72,3334725290,62050000.0,0.0,0.0,-24001623.0,-24001622.0,1.0,-0.042,normal
2025-01-08,EWY,54.7374,54.32,3396452754,62050000.0,0.0,0.0,61727464.0,61727464.0,-0.0,-0.762,normal
2025-01-10,EWY,53.9596,53.52,3348192560,62050000.0,0.0,0.0,-48260194.0,-48260194.0,0.0,-0.815,normal
2025-01-13,EWY,53.8532,53.49,3341588330,62050000.0,0.0,0.0,-6604230.0,-6604230.0,-0.0,-0.674,normal
2025-01-14,EWY,53.8005,54.0,3179607127,59100000.0,-2950000.0,-158711354.0,-3269849.0,-161981203.0,-0.0,0.371,normal
2025-01-15,EWY,54.8433,54.79,3241237966,59100000.0,0.0,0.0,61630839.0,61630839.0,-0.0,-0.097,normal
2025-01-16,EWY,54.7543,54.54,3235981317,59100000.0,0.0,0.0,-5256650.0,-5256649.0,1.0,-0.392,normal
2025-01-17,EWY,55.0736,54.83,3254849819,59100000.0,0.0,0.0,18868502.0,18868502.0,-0.0,-0.442,normal
2025-01-21,EWY,55.6214,55.68,3287224444,59100000.0,0.0,0.0,32374625.0,32374625.0,-0.0,0.105,normal
2025-01-22,EWY,56.3384,56.11,3329598376,59100000.0,0.0,0.0,42373932.0,42373932.0,0.0,-0.405,normal
2025-01-23,EWY,55.8519,55.67,3300847290,59100000.0,0.0,0.0,-28751086.0,-28751086.0,0.0,-0.326,normal
2025-01-24,EWY,56.0151,55.9,3310490814,59100000.0,0.0,0.0,9643524.0,9643524.0,-0.0,-0.205,normal
2025-01-27,EWY,55.0534,54.55,3253657772,59100000.0,0.0,0.0,-56833042.0,-56833042.0,0.0,-0.914,normal
2025-01-28,EWY,55.1966,54.3,3262116341,59100000.0,0.0,0.0,8458569.0,8458569.0,-0.0,-1.624,normal
2025-01-29,EWY,55.0907,54.42,3255860784,59100000.0,0.0,0.0,-6255558.0,-6255557.0,1.0,-1.218,normal
2025-01-30,EWY,55.3825,55.27,3273108232,59100000.0,0.0,0.0,17247448.0,17247448.0,-0.0,-0.203,normal
2025-01-31,EWY,54.3743,53.97,3213521248,59100000.0,0.0,0.0,-59586984.0,-59586984.0,0.0,-0.744,normal
2025-02-03,EWY,53.4175,53.38,3156975077,59100000.0,0.0,0.0,-56546171.0,-56546171.0,-0.0,-0.07,normal
2025-02-04,EWY,54.1333,54.35,3199278916,59100000.0,0.0,0.0,42303839.0,42303839.0,-0.0,0.4,normal
2025-02-05,EWY,55.246,54.96,3265035940,59100000.0,0.0,0.0,65757024.0,65757024.0,0.0,-0.518,normal
2025-02-06,EWY,55.3697,55.22,3272351043,59100000.0,0.0,0.0,7315102.0,7315103.0,1.0,-0.27,normal
2025-02-07,EWY,54.5091,54.14,3221486155,59100000.0,0.0,0.0,-50864888.0,-50864888.0,-0.0,-0.677,normal
2025-02-10,EWY,55.2121,55.14,3263035878,59100000.0,0.0,0.0,41549723.0,41549723.0,-0.0,-0.131,normal
2025-02-11,EWY,55.2924,55.07,3223547095,58300000.0,-800000.0,-44233922.0,4745139.0,-39488783.0,0.0,-0.402,normal
2025-02-12,EWY,55.2116,55.16,3218834764,58300000.0,0.0,0.0,-4712331.0,-4712331.0,-0.0,-0.093,normal
2025-02-13,EWY,56.4798,56.35,3292773856,58300000.0,0.0,0.0,73939092.0,73939092.0,0.0,-0.23,normal
2025-02-14,EWY,56.5141,56.68,3294770806,58300000.0,0.0,0.0,1996950.0,1996950.0,0.0,0.294,normal
2025-02-18,EWY,57.3435,57.44,3343128032,58300000.0,0.0,0.0,48357226.0,48357226.0,-0.0,0.168,normal
2025-02-19,EWY,58.4676,58.28,3408658573,58300000.0,0.0,0.0,65530541.0,65530541.0,0.0,-0.321,normal
2025-02-20,EWY,58.2528,58.46,3396135733,58300000.0,0.0,0.0,-12522840.0,-12522840.0,-0.0,0.356,normal
2025-02-21,EWY,57.4114,57.59,3347084853,58300000.0,0.0,0.0,-49050880.0,-49050880.0,-0.0,0.311,normal
2025-02-24,EWY,57.8941,57.47,3375226088,58300000.0,0.0,0.0,28141235.0,28141235.0,-0.0,-0.733,normal
2025-02-25,EWY,57.5951,57.55,3357792581,58300000.0,0.0,0.0,-17433507.0,-17433507.0,0.0,-0.078,normal
2025-02-26,EWY,57.7736,57.81,3368198140,58300000.0,0.0,0.0,10405559.0,10405559.0,0.0,0.063,normal
2025-02-27,EWY,56.5202,55.95,3295125095,58300000.0,0.0,0.0,-73073045.0,-73073045.0,0.0,-1.009,normal
2025-02-28,EWY,54.808,54.67,3195308032,58300000.0,0.0,0.0,-99817062.0,-99817063.0,-1.0,-0.252,normal
2025-03-03,EWY,54.4806,54.32,3162596276,58050000.0,-250000.0,-13620139.0,-19091618.0,-32711756.0,1.0,-0.295,normal
2025-03-04,EWY,54.5632,54.57,3167390916,58050000.0,0.0,0.0,4794640.0,4794640.0,0.0,0.013,normal
2025-03-05,EWY,55.7602,56.05,3236879030,58050000.0,0.0,0.0,69488114.0,69488114.0,0.0,0.52,normal
2025-03-06,EWY,55.6439,54.94,3230130136,58050000.0,0.0,0.0,-6748893.0,-6748894.0,-1.0,-1.265,normal
2025-03-07,EWY,55.7492,55.68,3236241060,58050000.0,0.0,0.0,6110924.0,6110924.0,0.0,-0.124,normal
2025-03-10,EWY,54.4809,54.09,3162613691,58050000.0,0.0,0.0,-73627369.0,-73627369.0,0.0,-0.717,normal
2025-03-11,EWY,54.2347,54.69,3148324799,58050000.0,0.0,0.0,-14288891.0,-14288892.0,-1.0,0.84,normal
2025-03-12,EWY,55.945,55.95,3247606902,58050000.0,0.0,0.0,99282102.0,99282103.0,1.0,0.009,normal
2025-03-13,EWY,55.5525,55.22,3224821464,58050000.0,0.0,0.0,-22785438.0,-22785438.0,-0.0,-0.599,normal
2025-03-14,EWY,56.1556,56.14,3259832000,58050000.0,0.0,0.0,35010535.0,35010536.0,1.0,-0.028,normal
2025-03-17,EWY,57.7858,57.86,3253339470,56300000.0,-1750000.0,-101125117.0,94632588.0,-6492530.0,-1.0,0.128,normal
2025-03-18,EWY,56.6899,56.97,3049916889,53800000.0,-2500000.0,-141724762.0,-61697819.0,-203422581.0,0.0,0.494,normal
2025-03-19,EWY,57.6219,57.24,3100055799,53800000.0,0.0,0.0,50138910.0,50138910.0,0.0,-0.663,normal
2025-03-20,EWY,57.197,56.73,3077201236,53800000.0,0.0,0.0,-22854563.0,-22854563.0,-0.0,-0.817,normal
2025-03-21,EWY,57.4134,56.86,3088838607,53800000.0,0.0,0.0,11637370.0,11637371.0,1.0,-0.964,normal
2025-03-24,EWY,57.295,57.31,3082471968,53800000.0,0.0,0.0,-6366638.0,-6366639.0,-1.0,0.026,normal
2025-03-25,EWY,56.8802,57.07,3060152769,53800000.0,0.0,0.0,-22319199.0,-22319199.0,-0.0,0.334,normal
2025-03-26,EWY,56.9932,56.81,3066231739,53800000.0,0.0,0.0,6078970.0,6078970.0,0.0,-0.321,normal
2025-03-27,EWY,56.682,56.49,3049490632,53800000.0,0.0,0.0,-16741107.0,-16741107.0,0.0,-0.339,normal
2025-03-28,EWY,54.8478,54.79,2950813308,53800000.0,0.0,0.0,-98677324.0,-98677324.0,-0.0,-0.105,normal
2025-03-31,EWY,54.2181,54.04,2916936416,53800000.0,0.0,0.0,-33876892.0,-33876892.0,-0.0,-0.329,normal
2025-04-01,EWY,54.7247,54.85,2944188752,53800000.0,0.0,0.0,27252336.0,27252336.0,-0.0,0.229,normal
2025-04-02,EWY,54.8009,54.63,2948287183,53800000.0,0.0,0.0,4098430.0,4098431.0,1.0,-0.312,normal
2025-04-03,EWY,53.0588,53.14,2854563171,53800000.0,0.0,0.0,-93724012.0,-93724012.0,-0.0,0.153,normal
2025-04-04,EWY,52.3851,51.25,2818317304,53800000.0,0.0,0.0,-36245867.0,-36245867.0,0.0,-2.167,normal
2025-04-07,EWY,51.3529,50.78,2693461651,52450000.0,-1350000.0,-69326468.0,-55529186.0,-124855653.0,0.0,-1.116,normal
2025-04-08,EWY,49.3465,48.92,2588223348,52450000.0,0.0,0.0,-105238303.0,-105238303.0,-0.0,-0.864,normal
2025-04-09,EWY,51.959,53.28,2725246928,52450000.0,0.0,0.0,137023579.0,137023580.0,1.0,2.542,normal
2025-04-10,EWY,52.1864,51.82,2737177047,52450000.0,0.0,0.0,11930120.0,11930119.0,-1.0,-0.702,normal
2025-04-11,EWY,53.444,54.31,2803136122,52450000.0,0.0,0.0,65959074.0,65959075.0,1.0,1.621,normal
2025-04-14,EWY,54.3719,54.35,2797433432,51450000.0,-1000000.0,-54371884.0,48669194.0,-5702690.0,-0.0,-0.04,normal
2025-04-15,EWY,54.5991,54.38,2809124621,51450000.0,0.0,0.0,11691189.0,11691189.0,-0.0,-0.401,normal
2025-04-16,EWY,53.3576,54.06,2745247954,51450000.0,0.0,0.0,-63876667.0,-63876667.0,0.0,1.316,normal
2025-04-17,EWY,54.5655,54.31,2807392814,51450000.0,0.0,0.0,62144860.0,62144860.0,-0.0,-0.468,normal
2025-04-21,EWY,54.6256,54.39,2810486708,51450000.0,0.0,0.0,3093894.0,3093894.0,-0.0,-0.431,normal
2025-04-22,EWY,55.2961,54.81,2844985580,51450000.0,0.0,0.0,34498871.0,34498872.0,1.0,-0.879,normal
2025-04-23,EWY,55.7186,55.6,2866723565,51450000.0,0.0,0.0,21737985.0,21737985.0,-0.0,-0.213,normal
2025-04-24,EWY,56.1154,55.95,2887139337,51450000.0,0.0,0.0,20415772.0,20415772.0,0.0,-0.295,normal
2025-04-25,EWY,55.7778,55.81,2869767090,51450000.0,0.0,0.0,-17372247.0,-17372247.0,-0.0,0.058,normal
2025-04-28,EWY,55.3801,55.65,2849305373,51450000.0,0.0,0.0,-20461716.0,-20461717.0,-1.0,0.487,normal
2025-04-29,EWY,55.9602,56.1,2879151570,51450000.0,0.0,0.0,29846196.0,29846197.0,1.0,0.25,normal
2025-04-30,EWY,56.3655,56.19,2900007393,51450000.0,0.0,0.0,20855823.0,20855823.0,-0.0,-0.311,normal
2025-05-01,EWY,56.7384,55.6,2919191194,51450000.0,0.0,0.0,19183801.0,19183801.0,-0.0,-2.006,normal
2025-05-02,EWY,57.5293,57.71,2959883668,51450000.0,0.0,0.0,40692474.0,40692474.0,0.0,0.314,normal
2025-05-05,EWY,57.8449,58.38,2976119230,51450000.0,0.0,0.0,16235562.0,16235562.0,-0.0,0.925,normal
2025-05-06,EWY,57.5282,58.5,2959824810,51450000.0,0.0,0.0,-16294421.0,-16294420.0,1.0,1.689,normal
2025-05-07,EWY,57.7338,57.79,2970404319,51450000.0,0.0,0.0,10579509.0,10579509.0,-0.0,0.097,normal
2025-05-08,EWY,57.6676,57.2,2966998740,51450000.0,0.0,0.0,-3405578.0,-3405579.0,-1.0,-0.811,normal
2025-05-09,EWY,57.4871,57.69,2957712118,51450000.0,0.0,0.0,-9286622.0,-9286622.0,0.0,0.353,normal
2025-05-12,EWY,58.484,58.04,3008999742,51450000.0,0.0,0.0,51287624.0,51287624.0,0.0,-0.759,normal
2025-05-13,EWY,58.2202,58.12,2995427746,51450000.0,0.0,0.0,-13571996.0,-13571996.0,-0.0,-0.172,normal
2025-05-14,EWY,58.1874,58.61,2993741216,51450000.0,0.0,0.0,-1686531.0,-1686530.0,1.0,0.726,normal
2025-05-15,EWY,59.0598,58.8,3038626761,51450000.0,0.0,0.0,44885546.0,44885545.0,-1.0,-0.44,normal
2025-05-16,EWY,59.1867,58.79,3045155509,51450000.0,0.0,0.0,6528748.0,6528748.0,0.0,-0.67,normal
2025-05-19,EWY,58.7062,58.82,3020431572,51450000.0,0.0,0.0,-24723937.0,-24723937.0,0.0,0.194,normal
2025-05-20,EWY,58.3232,58.4,3000729926,51450000.0,0.0,0.0,-19701646.0,-19701646.0,-0.0,0.132,normal
2025-05-21,EWY,58.6054,59.1,3015247161,51450000.0,0.0,0.0,14517235.0,14517235.0,0.0,0.844,normal
2025-05-22,EWY,58.5741,58.29,3013637342,51450000.0,0.0,0.0,-1609819.0,-1609819.0,0.0,-0.485,normal
2025-05-23,EWY,58.5076,58.96,3010215454,51450000.0,0.0,0.0,-3421888.0,-3421888.0,0.0,0.773,normal
2025-05-27,EWY,60.1242,59.98,3093391479,51450000.0,0.0,0.0,83176025.0,83176025.0,-0.0,-0.24,normal
2025-05-28,EWY,60.5673,60.75,3116185064,51450000.0,0.0,0.0,22793585.0,22793585.0,0.0,0.302,normal
2025-05-29,EWY,61.4086,61.8,3159474528,51450000.0,0.0,0.0,43289464.0,43289464.0,-0.0,0.637,normal
2025-05-30,EWY,60.7618,60.63,3223414286,53050000.0,1600000.0,97218904.0,-33279146.0,63939758.0,0.0,-0.217,normal
2025-06-02,EWY,61.771,61.74,3366517702,54500000.0,1450000.0,89567902.0,53535514.0,143103416.0,0.0,-0.05,normal
2025-06-03,EWY,61.5806,61.89,3356141610,54500000.0,0.0,0.0,-10376092.0,-10376092.0,-0.0,0.502,normal
2025-06-04,EWY,63.5043,63.98,3460985658,54500000.0,0.0,0.0,104844048.0,104844048.0,0.0,0.749,normal
2025-06-05,EWY,64.7836,65.36,3530708380,54500000.0,0.0,0.0,69722722.0,69722722.0,-0.0,0.89,normal
2025-06-06,EWY,65.1465,65.57,3745924555,57500000.0,3000000.0,195439542.0,19776633.0,215216175.0,0.0,0.65,normal
2025-06-09,EWY,66.2692,66.48,3810478022,57500000.0,0.0,0.0,64553468.0,64553467.0,-1.0,0.318,normal
2025-06-10,EWY,66.1978,66.16,4051306217,61200000.0,3700000.0,244931912.0,-4103718.0,240828195.0,1.0,-0.057,normal
2025-06-11,EWY,66.3924,66.99,4063215064,61200000.0,0.0,0.0,11908847.0,11908847.0,0.0,0.9,normal
2025-06-12,EWY,67.5092,67.69,4161941070,61650000.0,450000.0,30379132.0,68346875.0,98726006.0,-1.0,0.268,normal
2025-06-13,EWY,66.317,66.42,4254235742,64150000.0,2500000.0,165792508.0,-73497835.0,92294672.0,-0.0,0.155,normal
2025-06-16,EWY,67.9418,68.19,4406028648,64850000.0,700000.0,47559292.0,104233614.0,151792906.0,0.0,0.365,normal
2025-06-17,EWY,67.081,66.63,4470949850,66650000.0,1800000.0,120745832.0,-55824631.0,64921202.0,1.0,-0.672,normal
2025-06-18,EWY,67.8682,67.87,4557351376,67150000.0,500000.0,33934113.0,52467413.0,86401526.0,-0.0,0.003,normal
2025-06-20,EWY,69.2024,68.53,4646938407,67150000.0,0.0,0.0,89587031.0,89587031.0,0.0,-0.972,normal
2025-06-23,EWY,68.9896,69.42,4632653587,67150000.0,0.0,0.0,-14284820.0,-14284820.0,-0.0,0.624,normal
2025-06-24,EWY,72.0351,72.65,4837156159,67150000.0,0.0,0.0,204502572.0,204502572.0,0.0,0.854,normal
2025-06-25,EWY,72.1765,72.37,4897173897,67850000.0,700000.0,50523533.0,9494204.0,60017738.0,1.0,0.268,normal
2025-06-26,EWY,71.9342,71.94,4880736691,67850000.0,0.0,0.0,-16437205.0,-16437206.0,-1.0,0.008,normal
2025-06-27,EWY,71.2215,70.74,4832380403,67850000.0,0.0,0.0,-48356288.0,-48356288.0,-0.0,-0.676,normal
2025-06-30,EWY,71.6652,71.78,4880403116,68100000.0,250000.0,17916311.0,30106402.0,48022713.0,0.0,0.16,normal
2025-07-01,EWY,71.5989,71.64,4875885839,68100000.0,0.0,0.0,-4517277.0,-4517277.0,0.0,0.057,normal
2025-07-02,EWY,71.5497,71.95,4872535455,68100000.0,0.0,0.0,-3350384.0,-3350384.0,-0.0,0.559,normal
2025-07-03,EWY,72.7518,72.7,4954398057,68100000.0,0.0,0.0,81862601.0,81862602.0,1.0,-0.071,normal
2025-07-07,EWY,70.4322,70.07,4796430913,68100000.0,0.0,0.0,-157967144.0,-157967144.0,-0.0,-0.514,normal
2025-07-08,EWY,72.2191,72.08,4972282074,68850000.0,750000.0,54164293.0,121686869.0,175851161.0,-0.0,-0.193,normal
2025-07-09,EWY,72.0844,72.08,4963011353,68850000.0,0.0,0.0,-9270721.0,-9270721.0,0.0,-0.006,normal
2025-07-10,EWY,73.3541,73.14,5050430060,68850000.0,0.0,0.0,87418707.0,87418707.0,-0.0,-0.292,normal
2025-07-11,EWY,72.7422,72.56,5033760102,69200000.0,350000.0,25459769.0,-42129728.0,-16669958.0,1.0,-0.251,normal
2025-07-14,EWY,73.5528,73.2,5089856320,69200000.0,0.0,0.0,56096219.0,56096218.0,-1.0,-0.48,normal
2025-07-15,EWY,73.3914,73.07,5119050429,69750000.0,550000.0,40365272.0,-11171164.0,29194109.0,0.0,-0.438,normal
2025-07-16,EWY,72.9568,73.08,5121566096,70200000.0,450000.0,32830552.0,-30314884.0,2515667.0,-0.0,0.169,normal
2025-07-17,EWY,72.8747,73.06,5115801834,70200000.0,0.0,0.0,-5764262.0,-5764262.0,0.0,0.254,normal
2025-07-18,EWY,72.4179,72.39,5083738124,70200000.0,0.0,0.0,-32063710.0,-32063710.0,-0.0,-0.039,normal
2025-07-21,EWY,73.5354,73.87,5162182834,70200000.0,0.0,0.0,78444709.0,78444710.0,1.0,0.455,normal
2025-07-22,EWY,72.3901,72.89,5121599646,70750000.0,550000.0,39814556.0,-80397743.0,-40583188.0,-0.0,0.691,normal
2025-07-23,EWY,73.5947,73.85,5206824388,70750000.0,0.0,0.0,85224742.0,85224742.0,-0.0,0.347,normal
2025-07-24,EWY,73.5917,73.31,5206613270,70750000.0,0.0,0.0,-211118.0,-211118.0,-0.0,-0.383,normal
2025-07-25,EWY,73.3198,73.21,5224033256,71250000.0,500000.0,36659882.0,-19239896.0,17419986.0,-0.0,-0.15,normal
2025-07-28,EWY,73.1311,72.71,5247155708,71750000.0,500000.0,36565545.0,-13443094.0,23122452.0,1.0,-0.576,normal
2025-07-29,EWY,73.3072,73.49,5259793107,71750000.0,0.0,0.0,12637399.0,12637399.0,-0.0,0.249,normal
2025-07-30,EWY,74.2641,73.68,5328448099,71750000.0,0.0,0.0,68654992.0,68654992.0,0.0,-0.786,normal
2025-07-31,EWY,73.4468,72.81,5269806465,71750000.0,0.0,0.0,-58641634.0,-58641634.0,-0.0,-0.867,normal
2025-08-01,EWY,69.9063,70.65,5015780110,71750000.0,0.0,0.0,-254026355.0,-254026355.0,-0.0,1.064,normal
2025-08-04,EWY,72.3161,72.33,5188678596,71750000.0,0.0,0.0,172898486.0,172898486.0,-0.0,0.019,normal
2025-08-05,EWY,72.7598,72.89,5220515865,71750000.0,0.0,0.0,31837269.0,31837269.0,0.0,0.179,normal
2025-08-06,EWY,72.9579,73.18,5234725953,71750000.0,0.0,0.0,14210087.0,14210088.0,1.0,0.304,normal
2025-08-07,EWY,73.7661,73.44,5292716312,71750000.0,0.0,0.0,57990359.0,57990359.0,0.0,-0.442,normal
2025-08-08,EWY,73.5891,73.5,5280020867,71750000.0,0.0,0.0,-12695445.0,-12695445.0,0.0,-0.121,normal
2025-08-11,EWY,73.1819,73.03,5250802114,71750000.0,0.0,0.0,-29218752.0,-29218753.0,-1.0,-0.208,normal
2025-08-12,EWY,73.6938,74.1,5287528930,71750000.0,0.0,0.0,36726816.0,36726816.0,0.0,0.551,normal
2025-08-13,EWY,74.6211,74.72,5354060696,71750000.0,0.0,0.0,66531766.0,66531766.0,-0.0,0.133,normal
2025-08-14,EWY,74.3691,73.66,5335981131,71750000.0,0.0,0.0,-18079565.0,-18079565.0,0.0,-0.953,normal
2025-08-15,EWY,74.5218,73.39,5346942235,71750000.0,0.0,0.0,10961104.0,10961104.0,-0.0,-1.519,normal
2025-08-18,EWY,72.8967,72.8,5230338297,71750000.0,0.0,0.0,-116603939.0,-116603938.0,1.0,-0.133,normal
2025-08-19,EWY,71.8866,71.44,5244130899,72950000.0,1200000.0,86263976.0,-72471374.0,13792602.0,0.0,-0.621,normal
2025-08-20,EWY,71.3259,71.36,5203224478,72950000.0,0.0,0.0,-40906421.0,-40906421.0,-0.0,0.048,normal
2025-08-21,EWY,71.1852,71.22,5192962164,72950000.0,0.0,0.0,-10262314.0,-10262314.0,0.0,0.049,normal
2025-08-22,EWY,73.1669,73.51,5337522802,72950000.0,0.0,0.0,144560638.0,144560638.0,0.0,0.469,normal
2025-08-25,EWY,73.4012,72.73,5354616227,72950000.0,0.0,0.0,17093425.0,17093425.0,-0.0,-0.914,normal
2025-08-26,EWY,72.6827,72.39,5302206540,72950000.0,0.0,0.0,-52409687.0,-52409687.0,0.0,-0.403,normal
2025-08-27,EWY,72.6237,72.47,5152650876,70950000.0,-2000000.0,-145247382.0,-4308281.0,-149555664.0,-1.0,-0.212,normal
2025-08-28,EWY,73.3971,73.64,5207523252,70950000.0,0.0,0.0,54872375.0,54872376.0,1.0,0.331,normal
2025-08-29,EWY,72.4374,72.24,5085107235,70200000.0,-750000.0,-54328069.0,-68087948.0,-122416017.0,-0.0,-0.273,normal
2025-09-02,EWY,72.3083,71.92,5076043151,70200000.0,0.0,0.0,-9064084.0,-9064084.0,-0.0,-0.537,normal
2025-09-03,EWY,73.1574,72.91,5135647655,70200000.0,0.0,0.0,59604503.0,59604504.0,1.0,-0.338,normal
2025-09-04,EWY,73.5121,73.07,5160549490,70200000.0,0.0,0.0,24901835.0,24901835.0,-0.0,-0.601,normal
2025-09-05,EWY,73.2724,73.63,5143724095,70200000.0,0.0,0.0,-16825396.0,-16825395.0,1.0,0.488,normal
2025-09-08,EWY,73.8802,74.19,5186390391,70200000.0,0.0,0.0,42666296.0,42666296.0,-0.0,0.419,normal
2025-09-09,EWY,74.9407,74.92,5260839948,70200000.0,0.0,0.0,74449557.0,74449557.0,-0.0,-0.028,normal
2025-09-10,EWY,76.5324,76.65,5372575042,70200000.0,0.0,0.0,111735094.0,111735094.0,0.0,0.154,normal
2025-09-11,EWY,77.2403,77.86,5422269341,70200000.0,0.0,0.0,49694299.0,49694299.0,-0.0,0.802,normal
2025-09-12,EWY,78.5502,78.66,5514223619,70200000.0,0.0,0.0,91954278.0,91954278.0,-0.0,0.14,normal
2025-09-15,EWY,79.1211,79.19,5554299816,70200000.0,0.0,0.0,40076197.0,40076197.0,-0.0,0.087,normal
2025-09-16,EWY,80.6689,80.69,5662953481,70200000.0,0.0,0.0,108653665.0,108653665.0,0.0,0.026,normal
2025-09-17,EWY,79.6986,79.83,5594842352,70200000.0,0.0,0.0,-68111129.0,-68111129.0,-0.0,0.165,normal
2025-09-18,EWY,80.9273,80.75,5681093301,70200000.0,0.0,0.0,86250949.0,86250949.0,-0.0,-0.219,normal
2025-09-19,EWY,80.1741,80.05,5628221399,70200000.0,0.0,0.0,-52871902.0,-52871902.0,0.0,-0.155,normal
2025-09-22,EWY,81.3682,81.56,5712047149,70200000.0,0.0,0.0,83825750.0,83825750.0,0.0,0.236,normal
2025-09-23,EWY,81.2226,81.45,5701826380,70200000.0,0.0,0.0,-10220769.0,-10220769.0,0.0,0.28,normal
2025-09-24,EWY,80.6157,80.04,5659224316,70200000.0,0.0,0.0,-42602063.0,-42602064.0,-1.0,-0.714,normal
2025-09-25,EWY,80.5817,79.89,5656833725,70200000.0,0.0,0.0,-2390591.0,-2390591.0,-0.0,-0.858,normal
2025-09-26,EWY,78.3066,78.87,5497124233,70200000.0,0.0,0.0,-159709493.0,-159709492.0,1.0,0.72,normal
2025-09-29,EWY,80.1915,80.24,5629443791,70200000.0,0.0,0.0,132319559.0,132319558.0,-1.0,0.06,normal
2025-09-30,EWY,79.9123,80.1,5609846198,70200000.0,0.0,0.0,-19597594.0,-19597593.0,1.0,0.235,normal
2025-10-01,EWY,81.0913,81.89,5725046627,70600000.0,400000.0,32436525.0,82763905.0,115200429.0,-0.0,0.985,normal
2025-10-02,EWY,83.2571,83.53,5877954155,70600000.0,0.0,0.0,152907527.0,152907528.0,1.0,0.328,normal
2025-10-03,EWY,83.4482,83.85,5891443979,70600000.0,0.0,0.0,13489824.0,13489824.0,-0.0,0.481,normal
2025-10-06,EWY,84.7728,84.78,5984957138,70600000.0,0.0,0.0,93513159.0,93513159.0,-0.0,0.009,normal
2025-10-07,EWY,84.7963,83.35,5986618709,70600000.0,0.0,0.0,1661571.0,1661571.0,-0.0,-1.706,normal
2025-10-08,EWY,85.5888,84.19,6042567303,70600000.0,0.0,0.0,55948594.0,55948594.0,0.0,-1.634,normal
2025-10-09,EWY,84.8276,83.43,5988828489,70600000.0,0.0,0.0,-53738814.0,-53738814.0,-0.0,-1.648,normal
2025-10-10,EWY,81.4596,80.72,5751049172,70600000.0,0.0,0.0,-237779317.0,-237779317.0,0.0,-0.908,normal
2025-10-13,EWY,83.8788,83.62,5955392386,71000000.0,400000.0,33551506.0,170791708.0,204343214.0,0.0,-0.308,normal
2025-10-14,EWY,82.5512,82.69,5861134561,71000000.0,0.0,0.0,-94257825.0,-94257825.0,-0.0,0.168,normal
2025-10-15,EWY,85.0581,85.17,6039126165,71000000.0,0.0,0.0,177991604.0,177991604.0,0.0,0.132,normal
2025-10-16,EWY,87.252,87.88,6194891929,71000000.0,0.0,0.0,155765764.0,155765764.0,0.0,0.72,normal
2025-10-17,EWY,88.2844,88.52,6268190909,71000000.0,0.0,0.0,73298980.0,73298980.0,-0.0,0.267,normal
2025-10-20,EWY,90.238,90.43,6465555853,71650000.0,650000.0,58654729.0,138710215.0,197364944.0,0.0,0.213,normal
2025-10-21,EWY,89.0701,88.64,6381873167,71650000.0,0.0,0.0,-83682686.0,-83682686.0,0.0,-0.483,normal
2025-10-22,EWY,89.6566,89.45,6423898471,71650000.0,0.0,0.0,42025304.0,42025304.0,-0.0,-0.231,normal
2025-10-23,EWY,89.3157,90.07,6399472771,71650000.0,0.0,0.0,-24425700.0,-24425700.0,-0.0,0.845,normal
2025-10-24,EWY,91.5577,92.05,6560105981,71650000.0,0.0,0.0,160633210.0,160633210.0,0.0,0.538,normal
2025-10-27,EWY,94.5647,94.31,6775562188,71650000.0,0.0,0.0,215456207.0,215456207.0,-0.0,-0.269,normal
2025-10-28,EWY,93.5667,94.45,6718086906,71800000.0,150000.0,14035000.0,-71510282.0,-57475282.0,-0.0,0.944,normal
2025-10-29,EWY,95.5197,96.9,6901301576,72250000.0,450000.0,42983885.0,140230785.0,183214670.0,-0.0,1.445,normal
2025-10-30,EWY,95.9642,95.26,6933415979,72250000.0,0.0,0.0,32114403.0,32114403.0,0.0,-0.734,normal
2025-10-31,EWY,96.9016,97.0,7039899932,72650000.0,400000.0,38760633.0,67723321.0,106483953.0,-1.0,0.102,normal
2025-11-03,EWY,100.9352,100.78,7332940972,72650000.0,0.0,0.0,293041040.0,293041040.0,0.0,-0.154,normal
2025-11-04,EWY,96.4993,95.76,7054098318,73100000.0,450000.0,43424682.0,-322267336.0,-278842654.0,0.0,-0.766,normal
2025-11-05,EWY,94.5354,96.62,6957806029,73600000.0,500000.0,47267704.0,-143559993.0,-96292289.0,0.0,2.205,normal
2025-11-06,EWY,93.2218,93.51,6861120874,73600000.0,0.0,0.0,-96685155.0,-96685155.0,0.0,0.309,normal
2025-11-07,EWY,91.243,91.8,6738296141,73850000.0,250000.0,22810752.0,-145635485.0,-122824733.0,-0.0,0.611,normal
2025-11-10,EWY,95.3208,95.67,7082338561,74300000.0,450000.0,42894379.0,301148041.0,344042420.0,0.0,0.366,normal
2025-11-11,EWY,95.1502,95.29,7069657928,74300000.0,0.0,0.0,-12680632.0,-12680633.0,-1.0,0.147,normal
2025-11-12,EWY,95.8796,95.92,7162205746,74700000.0,400000.0,38351838.0,54195980.0,92547818.0,-0.0,0.042,normal
2025-11-13,EWY,94.4397,94.07,7101866794,75200000.0,500000.0,47219859.0,-107558812.0,-60338952.0,1.0,-0.392,normal
2025-11-14,EWY,93.2609,94.13,7013220357,75200000.0,0.0,0.0,-88646437.0,-88646437.0,-0.0,0.932,normal
2025-11-17,EWY,94.0125,93.02,7093246671,75450000.0,250000.0,23503137.0,56523178.0,80026314.0,-0.0,-1.056,normal
2025-11-18,EWY,91.0616,91.59,6916126773,75950000.0,500000.0,45530788.0,-222650686.0,-177119898.0,-0.0,0.58,normal
2025-11-19,EWY,90.8479,90.56,6899896030,75950000.0,0.0,0.0,-16230743.0,-16230743.0,-0.0,-0.317,normal
2025-11-20,EWY,89.5415,88.53,6800673355,75950000.0,0.0,0.0,-99222675.0,-99222675.0,-0.0,-1.13,normal
2025-11-21,EWY,88.0071,89.22,6684141599,75950000.0,0.0,0.0,-116531756.0,-116531756.0,-0.0,1.378,normal
2025-11-24,EWY,88.6888,90.3,6735912841,75950000.0,0.0,0.0,51771242.0,51771242.0,0.0,1.817,normal
2025-11-25,EWY,89.0806,89.79,6845847799,76850000.0,900000.0,80172583.0,29762375.0,109934958.0,0.0,0.796,normal
2025-11-26,EWY,91.6156,91.55,7040660320,76850000.0,0.0,0.0,194812521.0,194812521.0,-0.0,-0.072,normal
2025-11-28,EWY,90.2546,90.87,7017292429,77750000.0,900000.0,81229108.0,-104597000.0,-23367891.0,0.0,0.682,normal
2025-12-01,EWY,90.2704,90.62,7018519868,77750000.0,0.0,0.0,1227439.0,1227439.0,-0.0,0.387,normal
2025-12-02,EWY,92.623,92.07,7201435218,77750000.0,0.0,0.0,182915350.0,182915350.0,0.0,-0.597,normal
2025-12-03,EWY,92.7571,93.0,7211863203,77750000.0,0.0,0.0,10427985.0,10427985.0,-0.0,0.262,normal
2025-12-04,EWY,91.8683,91.87,7142758614,77750000.0,0.0,0.0,-69104589.0,-69104589.0,-0.0,0.002,normal
2025-12-05,EWY,94.132,94.3,7318766343,77750000.0,0.0,0.0,176007729.0,176007729.0,0.0,0.178,normal
2025-12-08,EWY,95.4919,95.07,7539084558,78950000.0,1200000.0,114590266.0,105727949.0,220318215.0,1.0,-0.442,normal
2025-12-09,EWY,95.2066,95.57,7659373464,80450000.0,1500000.0,142809946.0,-22521040.0,120288906.0,-0.0,0.382,normal
2025-12-10,EWY,95.8202,96.75,7708734366,80450000.0,0.0,0.0,49360902.0,49360902.0,0.0,0.97,normal
2025-12-11,EWY,94.8631,94.96,7631735590,80450000.0,0.0,0.0,-76998775.0,-76998776.0,-1.0,0.102,normal
2025-12-12,EWY,93.2722,92.67,7503747203,80450000.0,0.0,0.0,-127988388.0,-127988387.0,1.0,-0.646,normal
2025-12-15,EWY,92.5487,92.73,7445543317,80450000.0,0.0,0.0,-58203886.0,-58203886.0,-0.0,0.196,normal
2025-12-16,EWY,88.8935,89.52,7151484086,80450000.0,0.0,0.0,-294059231.0,-294059231.0,0.0,0.705,normal
2025-12-17,EWY,88.8536,88.58,7219357194,81250000.0,800000.0,71082902.0,-3209794.0,67873108.0,0.0,-0.308,normal
2025-12-18,EWY,89.6731,90.07,7398027368,82500000.0,1250000.0,112091324.0,66578850.0,178670174.0,0.0,0.443,normal
2025-12-19,EWY,90.0061,91.34,7425499538,82500000.0,0.0,0.0,27472170.0,27472170.0,-0.0,1.482,normal
2025-12-22,EWY,91.5093,91.75,7549520302,82500000.0,0.0,0.0,124020765.0,124020764.0,-1.0,0.263,normal
2025-12-23,EWY,92.2057,92.7,7606973385,82500000.0,0.0,0.0,57453082.0,57453083.0,1.0,0.536,normal
2025-12-24,EWY,93.8399,94.6,7741794555,82500000.0,0.0,0.0,134821170.0,134821170.0,-0.0,0.81,normal
2025-12-26,EWY,95.2918,95.84,7861575893,82500000.0,0.0,0.0,119781338.0,119781338.0,0.0,0.575,normal
2025-12-29,EWY,98.8461,98.72,8214114982,83100000.0,600000.0,59307689.0,293231400.0,352539089.0,-0.0,-0.128,normal
2025-12-30,EWY,98.3342,98.62,8205991994,83450000.0,350000.0,34416983.0,-42539970.0,-8122988.0,-0.0,0.291,normal
2025-12-31,EWY,98.2183,97.22,8196313129,83450000.0,0.0,0.0,-9678865.0,-9678865.0,-0.0,-1.016,normal
2026-01-02,EWY,101.4921,102.22,8469517164,83450000.0,0.0,0.0,273204034.0,273204035.0,1.0,0.717,normal
2026-01-05,EWY,105.0232,104.83,8869211689,84450000.0,1000000.0,105023229.0,294671296.0,399694525.0,-0.0,-0.184,normal
2026-01-06,EWY,106.1954,107.61,9116875605,85850000.0,1400000.0,148673568.0,98990348.0,247663916.0,-0.0,1.332,normal
2026-01-07,EWY,106.9784,107.03,9184094181,85850000.0,0.0,0.0,67218575.0,67218576.0,1.0,0.048,normal
2026-01-08,EWY,107.182,106.59,9287318134,86650000.0,800000.0,85745580.0,17478373.0,103223953.0,-0.0,-0.552,normal
2026-01-09,EWY,109.1139,108.89,9563830706,87650000.0,1000000.0,109113870.0,167398702.0,276512572.0,0.0,-0.205,normal
2026-01-12,EWY,108.2275,108.93,9486138359,87650000.0,0.0,0.0,-77692346.0,-77692347.0,-1.0,0.649,normal
2026-01-13,EWY,108.4401,107.54,9662015227,89100000.0,1450000.0,157238183.0,18638685.0,175876868.0,0.0,-0.83,normal
2026-01-14,EWY,108.0892,109.64,9722626868,89950000.0,850000.0,91875851.0,-31264210.0,60611641.0,-1.0,1.435,normal
2026-01-15,EWY,110.9497,111.05,9979929653,89950000.0,0.0,0.0,257302785.0,257302785.0,0.0,0.09,normal
2026-01-16,EWY,111.2253,112.22,10132629203,91100000.0,1150000.0,127909150.0,24790400.0,152699550.0,-0.0,0.894,normal
2026-01-20,EWY,110.9602,110.97,10313747894,92950000.0,1850000.0,205276316.0,-24157625.0,181118691.0,-1.0,0.009,normal
2026-01-21,EWY,114.4539,115.66,10638490842,92950000.0,0.0,0.0,324742947.0,324742948.0,1.0,1.054,normal
2026-01-22,EWY,115.4424,115.99,10868899324,94150000.0,1200000.0,138530846.0,91877636.0,230408482.0,-0.0,0.474,normal
2026-01-23,EWY,115.6954,117.97,10927427035,94450000.0,300000.0,34708609.0,23819103.0,58527711.0,-1.0,1.966,normal
2026-01-26,EWY,117.0676,117.32,11238492960,96000000.0,1550000.0,181454834.0,129611090.0,311065925.0,0.0,0.216,normal
2026-01-27,EWY,120.6379,122.7,11719972374,97150000.0,1150000.0,138733590.0,342745824.0,481479414.0,0.0,1.709,normal
2026-01-28,EWY,124.2954,125.56,12075299762,97150000.0,0.0,0.0,355327388.0,355327388.0,0.0,1.017,normal
2026-01-29,EWY,124.2998,124.5,12162734452,97850000.0,700000.0,87009853.0,424837.0,87434690.0,0.0,0.161,normal
2026-01-30,EWY,124.046,122.41,12199924493,98350000.0,500000.0,62023002.0,-24832960.0,37190041.0,-1.0,-1.319,normal
2026-02-02,EWY,119.0022,120.93,11757416372,98800000.0,450000.0,53550986.0,-496059107.0,-442508121.0,0.0,1.62,normal
2026-02-03,EWY,124.7519,124.32,12325492166,98800000.0,0.0,0.0,568075794.0,568075794.0,-0.0,-0.346,normal
2026-02-04,EWY,125.1651,120.26,12366308916,98800000.0,0.0,0.0,40816750.0,40816750.0,0.0,-3.919,normal
2026-02-05,EWY,119.4994,120.21,11842387468,99100000.0,300000.0,35849811.0,-559771259.0,-523921448.0,0.0,0.595,normal
2026-02-06,EWY,122.4642,124.71,12136205887,99100000.0,0.0,0.0,293818419.0,293818419.0,0.0,1.834,normal
2026-02-09,EWY,126.2196,126.05,12508364243,99100000.0,0.0,0.0,372158356.0,372158356.0,-0.0,-0.134,normal
2026-02-10,EWY,124.626,124.45,12400287199,99500000.0,400000.0,49850401.0,-157927445.0,-108077044.0,-0.0,-0.141,normal
2026-02-11,EWY,128.0704,130.6,12915895806,100850000.0,1350000.0,172894986.0,342713621.0,515608607.0,0.0,1.975,normal
2026-02-12,EWY,129.7641,130.8,13372185456,103050000.0,2200000.0,285480912.0,170808737.0,456289650.0,0.0,0.798,normal
2026-02-13,EWY,132.1593,133.97,13823861002,104600000.0,1550000.0,204846889.0,246828658.0,451675546.0,-0.0,1.37,normal
2026-02-17,EWY,131.6603,130.68,14015241277,106450000.0,1850000.0,243571596.0,-52191321.0,191380275.0,-0.0,-0.745,normal
2026-02-18,EWY,132.8892,132.93,14146053424,106450000.0,0.0,0.0,130812147.0,130812147.0,0.0,0.031,normal
2026-02-19,EWY,134.374,135.21,14304111448,106450000.0,0.0,0.0,158058024.0,158058024.0,-0.0,0.622,normal
2026-02-20,EWY,141.005,141.88,15009977247,106450000.0,0.0,0.0,705865798.0,705865799.0,1.0,0.621,normal
2026-02-23,EWY,139.6829,139.3,15400041489,110250000.0,3800000.0,530795081.0,-140730839.0,390064242.0,-0.0,-0.274,normal
2026-02-24,EWY,144.9739,144.55,16440034930,113400000.0,3150000.0,456667637.0,583325804.0,1039993441.0,-0.0,-0.292,normal
2026-02-25,EWY,147.8948,148.89,17155792856,116000000.0,2600000.0,384526392.0,331231534.0,715757926.0,0.0,0.673,normal
2026-02-26,EWY,151.2514,150.41,17961107312,118750000.0,2750000.0,415941432.0,389373024.0,805314456.0,-0.0,-0.556,normal
2026-02-27,EWY,151.0508,151.37,17952391740,118850000.0,100000.0,15105084.0,-23820656.0,-8715572.0,1.0,0.211,normal
2026-03-02,EWY,150.5654,147.54,17932336758,119100000.0,250000.0,37641345.0,-57696327.0,-20054982.0,-0.0,-2.009,normal
2026-03-03,EWY,133.4003,132.34,15887981209,119100000.0,0.0,0.0,-2044355549.0,-2044355549.0,0.0,-0.795,normal
2026-03-04,EWY,125.5992,134.37,15027941289,119650000.0,550000.0,69079546.0,-929119466.0,-860039920.0,-0.0,6.983,normal
2026-03-05,EWY,131.1711,125.74,15884814518,121100000.0,1450000.0,190198027.0,666675203.0,856873229.0,-1.0,-4.14,normal
2026-03-06,EWY,126.6648,126.73,16004102660,126350000.0,5250000.0,664990415.0,-545702273.0,119288142.0,-0.0,0.051,normal
2026-03-09,EWY,128.3138,133.89,16327931686,127250000.0,900000.0,115482424.0,208346601.0,323829026.0,0.0,4.346,normal
2026-03-10,EWY,132.8483,130.3,17084291637,128600000.0,1350000.0,179345208.0,577014743.0,756359951.0,0.0,-1.918,normal
2026-03-11,EWY,132.6344,132.85,17501103670,131950000.0,3350000.0,444325103.0,-27513070.0,416812033.0,0.0,0.163,normal
2026-03-12,EWY,126.3314,123.5,16669424403,131950000.0,0.0,0.0,-831679267.0,-831679267.0,-0.0,-2.241,normal
2026-03-13,EWY,125.7692,124.15,16614115547,132100000.0,150000.0,18865385.0,-74174241.0,-55308856.0,0.0,-1.288,normal
2026-03-16,EWY,131.3006,133.1,17364506598,132250000.0,150000.0,19695093.0,730695958.0,750391051.0,-0.0,1.37,normal
2026-03-17,EWY,133.6637,134.43,17677029483,132250000.0,0.0,0.0,312522885.0,312522885.0,0.0,0.573,normal
2026-03-18,EWY,133.38,131.88,17546142420,131550000.0,-700000.0,-93366018.0,-37521044.0,-130887063.0,-1.0,-1.125,normal
2026-03-19,EWY,133.459,134.82,17556525004,131550000.0,0.0,0.0,10382584.0,10382584.0,0.0,1.02,normal
2026-03-20,EWY,127.5572,125.78,16780148213,131550000.0,0.0,0.0,-776376791.0,-776376791.0,0.0,-1.393,normal
2026-03-23,EWY,129.7956,133.81,17074606707,131550000.0,0.0,0.0,294458494.0,294458494.0,-0.0,3.093,normal
2026-03-24,EWY,129.4151,128.75,17024557589,131550000.0,0.0,0.0,-50049118.0,-50049118.0,0.0,-0.514,normal
2026-03-25,EWY,129.8813,127.74,17027438168,131100000.0,-450000.0,-58446584.0,61327163.0,2880579.0,0.0,-1.649,normal
2026-03-26,EWY,120.3193,119.99,15773864687,131100000.0,0.0,0.0,-1253573480.0,-1253573481.0,-1.0,-0.274,normal
2026-03-27,EWY,119.2698,120.98,15636270256,131100000.0,0.0,0.0,-137594432.0,-137594431.0,1.0,1.434,normal
2026-03-30,EWY,117.2087,116.43,15342612547,130900000.0,-200000.0,-23441730.0,-270215978.0,-293657709.0,-0.0,-0.664,normal
2026-03-31,EWY,120.3068,123.01,15736128524,130800000.0,-100000.0,-12030679.0,405546657.0,393515977.0,-1.0,2.247,normal
2026-04-01,EWY,127.9491,126.22,16665366368,130250000.0,-550000.0,-70371988.0,999609832.0,929237844.0,1.0,-1.351,normal
2026-04-02,EWY,123.3542,122.87,16073047830,130300000.0,50000.0,6167708.0,-598486246.0,-592318538.0,-0.0,-0.393,normal
2026-04-06,EWY,126.9073,125.94,16536023926,130300000.0,0.0,0.0,462976096.0,462976096.0,-0.0,-0.762,normal
2026-04-07,EWY,127.6566,127.19,16633658238,130300000.0,0.0,0.0,97634311.0,97634312.0,1.0,-0.365,normal
2026-04-08,EWY,140.2946,140.07,18280391722,130300000.0,0.0,0.0,1646733485.0,1646733484.0,-1.0,-0.16,normal
2026-04-09,EWY,139.2644,139.29,18146148323,130300000.0,0.0,0.0,-134243399.0,-134243399.0,0.0,0.018,normal
2026-04-10,EWY,138.3647,138.73,18001251893,130100000.0,-200000.0,-27672947.0,-117223483.0,-144896430.0,-0.0,0.264,normal
2026-04-13,EWY,140.4203,141.23,18268683242,130100000.0,0.0,0.0,267431348.0,267431349.0,1.0,0.577,normal
2026-04-14,EWY,142.9397,146.68,18596449116,130100000.0,0.0,0.0,327765874.0,327765874.0,0.0,2.617,normal
2026-04-15,EWY,145.9948,144.92,19037721529,130400000.0,300000.0,43798439.0,397473974.0,441272413.0,-0.0,-0.736,normal
2026-04-16,EWY,147.6752,147.47,19419284198,131500000.0,1100000.0,162442682.0,219119987.0,381562669.0,0.0,-0.139,normal
2026-04-17,EWY,148.7369,152.33,19558897879,131500000.0,0.0,0.0,139613681.0,139613681.0,-0.0,2.416,normal
2026-04-20,EWY,148.0259,150.09,19524611725,131900000.0,400000.0,59210346.0,-93496500.0,-34286154.0,-0.0,1.394,normal
2026-04-21,EWY,150.7701,146.79,19969497361,132450000.0,550000.0,82923545.0,361962090.0,444885636.0,1.0,-2.64,normal
2026-04-22,EWY,153.57,155.8,20424810133,133000000.0,550000.0,84463501.0,370849272.0,455312772.0,-0.0,1.452,normal
2026-04-23,EWY,152.7887,150.59,20320903218,133000000.0,0.0,0.0,-103906915.0,-103906915.0,-0.0,-1.439,normal
2026-04-24,EWY,153.3803,154.57,20407251177,133050000.0,50000.0,7669016.0,78678943.0,86347959.0,0.0,0.776,normal
2026-04-27,EWY,158.0095,156.73,21023159318,133050000.0,0.0,0.0,615908141.0,615908141.0,-0.0,-0.81,normal
2026-04-28,EWY,156.8235,154.37,20865362817,133050000.0,0.0,0.0,-157796502.0,-157796501.0,1.0,-1.565,normal
2026-04-29,EWY,158.4671,153.96,21084043131,133050000.0,0.0,0.0,218680315.0,218680314.0,-1.0,-2.844,normal
2026-04-30,EWY,158.1884,160.76,21046964890,133050000.0,0.0,0.0,-37078241.0,-37078241.0,-0.0,1.626,normal
2026-05-01,EWY,158.3062,162.0,20912255493,132100000.0,-950000.0,-150390937.0,15681539.0,-134709397.0,0.0,2.333,normal
2026-05-04,EWY,166.1242,163.59,21861949852,131600000.0,-500000.0,-83062120.0,1032756479.0,949694359.0,-0.0,-1.526,normal
2026-05-05,EWY,172.8393,173.47,22572811666,130600000.0,-1000000.0,-172839293.0,883701106.0,710861814.0,1.0,0.365,normal
2026-05-06,EWY,182.0757,181.98,23669839830,130000000.0,-600000.0,-109245415.0,1206273579.0,1097028164.0,-0.0,-0.053,normal
2026-05-07,EWY,181.9228,176.75,23240635784,127750000.0,-2250000.0,-409326266.0,-19877780.0,-429204046.0,0.0,-2.843,normal
2026-05-08,EWY,181.997,190.2,22958922181,126150000.0,-1600000.0,-291195208.0,9481605.0,-281713603.0,0.0,4.507,normal
2026-05-11,EWY,191.689,192.85,24181562935,126150000.0,0.0,0.0,1222640754.0,1222640754.0,0.0,0.606,normal
2026-05-12,EWY,182.4501,178.5,22915734444,125600000.0,-550000.0,-100347563.0,-1165480927.0,-1265828491.0,-0.0,-2.165,normal
2026-05-13,EWY,190.4031,188.63,23914624336,125600000.0,0.0,0.0,998889892.0,998889892.0,0.0,-0.931,normal
2026-05-14,EWY,193.1873,190.52,24264325006,125600000.0,0.0,0.0,349700670.0,349700670.0,0.0,-1.381,normal
2026-05-15,EWY,177.4603,178.86,22022827698,124100000.0,-1500000.0,-266190504.0,-1975306804.0,-2241497308.0,-0.0,0.789,normal
2026-05-18,EWY,177.8505,176.1,22071243079,124100000.0,0.0,0.0,48415381.0,48415381.0,-0.0,-0.984,normal
2026-05-19,EWY,171.9229,174.02,21335627174,124100000.0,0.0,0.0,-735615905.0,-735615905.0,-0.0,1.22,normal
2026-05-20,EWY,175.9991,180.11,21515893887,122250000.0,-1850000.0,-325598394.0,505865107.0,180266713.0,0.0,2.336,normal
2026-05-21,EWY,187.1989,186.42,22885064914,122250000.0,0.0,0.0,1369171027.0,1369171027.0,0.0,-0.416,normal
2026-05-22,EWY,185.265,182.03,22648649551,122250000.0,0.0,0.0,-236415363.0,-236415363.0,-0.0,-1.746,normal
2026-05-26,EWY,197.7095,200.65,23922844902,121000000.0,-1250000.0,-247136828.0,1521332179.0,1274195351.0,-0.0,1.487,normal
2026-05-27,EWY,199.3033,198.29,23796810080,119400000.0,-1600000.0,-318885227.0,192850405.0,-126034822.0,0.0,-0.508,normal
2026-05-28,EWY,203.5956,206.41,24075179109,118250000.0,-1150000.0,-234134934.0,512503963.0,278369029.0,0.0,1.382,normal
2026-05-29,EWY,205.6271,205.83,24140622362,117400000.0,-850000.0,-174783041.0,240226294.0,65443253.0,-0.0,0.099,normal
2026-06-01,EWY,216.8096,216.7,25453452440,117400000.0,0.0,0.0,1312830079.0,1312830078.0,-1.0,-0.051,normal
2026-06-02,EWY,214.3959,214.53,25170075960,117400000.0,0.0,0.0,-283376481.0,-283376480.0,1.0,0.063,normal
2026-06-03,EWY,216.6636,212.96,25436307227,117400000.0,0.0,0.0,266231267.0,266231267.0,-0.0,-1.709,normal
2026-06-04,EWY,206.896,203.97,24310281058,117500000.0,100000.0,20689601.0,-1146715770.0,-1126026169.0,0.0,-1.414,normal
2026-06-05,EWY,180.1646,175.19,21169337328,117500000.0,0.0,0.0,-3140943730.0,-3140943730.0,0.0,-2.761,normal
2026-06-08,EWY,180.3146,185.64,21304172471,118150000.0,650000.0,117204504.0,17630640.0,134835143.0,-1.0,2.953,normal
2026-06-09,EWY,187.2432,184.05,22122785970,118150000.0,0.0,0.0,818613499.0,818613499.0,-0.0,-1.705,normal
2026-06-10,EWY,177.674,178.45,21027721924,118350000.0,200000.0,35534807.0,-1130598853.0,-1095064046.0,0.0,0.437,normal
2026-06-11,EWY,194.37,198.94,23003690092,118350000.0,0.0,0.0,1975968168.0,1975968168.0,0.0,2.351,normal
2026-06-12,EWY,197.5046,197.45,23374663729,118350000.0,0.0,0.0,370973637.0,370973637.0,-0.0,-0.028,normal
2026-06-15,EWY,210.0946,211.45,24864698987,118350000.0,0.0,0.0,1490035258.0,1490035258.0,0.0,0.645,normal
2026-06-16,EWY,204.804,205.91,24412634893,119200000.0,850000.0,174083386.0,-626147481.0,-452064094.0,0.0,0.54,normal
2026-06-17,EWY,204.5851,205.08,24580902168,120150000.0,950000.0,194355864.0,-26088589.0,168267275.0,-0.0,0.242,normal
2026-06-18,EWY,218.019,219.2,26260392284,120450000.0,300000.0,65405709.0,1614084407.0,1679490116.0,0.0,0.542,normal
2026-06-22,EWY,216.9393,219.02,26141185168,120500000.0,50000.0,10846965.0,-130054081.0,-119207116.0,-0.0,0.959,normal
2026-06-23,EWY,191.9808,192.2,23133683267,120500000.0,0.0,0.0,-3007501901.0,-3007501901.0,0.0,0.114,normal
2026-06-24,EWY,197.7873,197.26,23882810679,120750000.0,250000.0,49446813.0,699680599.0,749127412.0,0.0,-0.267,normal
2026-06-25,EWY,205.2576,205.0,24846433327,121050000.0,300000.0,61577282.0,902045366.0,963622648.0,-0.0,-0.126,normal
2026-06-26,EWY,196.9948,197.28,23846216182,121050000.0,0.0,0.0,-1000217145.0,-1000217145.0,0.0,0.145,normal
2026-06-29,EWY,199.2623,197.5,24120703352,121050000.0,0.0,0.0,274487170.0,274487170.0,0.0,-0.884,normal
2026-06-30,EWY,202.1304,201.9,24467889157,121050000.0,0.0,0.0,347185805.0,347185805.0,0.0,-0.114,normal
2026-07-01,EWY,189.5321,185.5,22867049433,120650000.0,-400000.0,-75812845.0,-1525026878.0,-1600839724.0,-1.0,-2.127,normal
2026-07-02,EWY,178.1336,180.14,21367122081,119950000.0,-700000.0,-124693501.0,-1375233851.0,-1499927352.0,0.0,1.126,normal
2026-07-06,EWY,191.0543,189.85,22659040573,118600000.0,-1350000.0,-257923312.0,1549841803.0,1291918492.0,0.0,-0.63,normal
2026-07-07,EWY,180.9009,181.29,21454841996,118600000.0,0.0,0.0,-1204198577.0,-1204198577.0,0.0,0.215,normal
2026-07-08,EWY,179.7553,182.72,21318977750,118600000.0,0.0,0.0,-135864246.0,-135864246.0,0.0,1.649,normal
2026-07-09,EWY,181.9012,184.75,21573484573,118600000.0,0.0,0.0,254506824.0,254506823.0,-1.0,1.566,normal
2026-07-10,EWY,183.8828,183.52,21845274145,118800000.0,200000.0,36776556.0,235013016.0,271789572.0,0.0,-0.197,normal
2026-07-13,EWY,165.9015,168.02,19899879527,119950000.0,1150000.0,190786673.0,-2136181291.0,-1945394618.0,-0.0,1.277,normal
2026-07-14,EWY,173.3231,176.98,21197411950,122300000.0,2350000.0,407309224.0,890223199.0,1297532423.0,0.0,2.11,normal
2026-07-15,EWY,173.6548,171.64,22054163918,127000000.0,4700000.0,816177720.0,40574248.0,856751968.0,0.0,-1.16,normal
2026-07-16,EWY,164.2404,163.36,21917887786,133450000.0,6450000.0,1059350890.0,-1195627022.0,-136276132.0,0.0,-0.536,normal
2026-07-17,EWY,164.4172,162.54,22434727076,136450000.0,3000000.0,493251603.0,23587688.0,516839290.0,-1.0,-1.142,normal
2026-07-20,EWY,161.4163,162.86,22025254544,136450000.0,0.0,0.0,-409472532.0,-409472532.0,0.0,0.894,normal
2026-07-21,EWY,172.6855,172.9,23562940568,136450000.0,0.0,0.0,1537686024.0,1537686024.0,-0.0,0.124,normal
2026-07-22,EWY,169.6531,170.43,23437570930,138150000.0,1700000.0,288410210.0,-413779849.0,-125369638.0,1.0,0.458,normal
2026-07-23,EWY,173.4647,173.86,24163629228,139300000.0,1150000.0,199484376.0,526573922.0,726058298.0,0.0,0.228,normal
2026-07-24,EWY,163.929,162.96,23261527405,141900000.0,2600000.0,426215442.0,-1328317299.0,-902101823.0,34.0,-0.591,official
2026-07-27,EWY,161.9548,162.96,23070463341,142450000.0,550000.0,89075148.0,-280139122.0,-191064064.0,-90.0,0.621,official
2026-07-28,EWY,151.6538,161.2,21633419122,142650000.0,200000.0,30330766.0,-1467375028.0,-1437044219.0,43.0,6.295,official
2026-07-29,EWY,141.2827,151.45,20153983675,142650000.0,0.0,0.0,-1479435418.0,-1479435447.0,-29.0,7.196,official
2026-07-30,EWY,156.4786,144.21,22720686063,145200000.0,2550000.0,399020313.0,2167682011.0,2566702388.0,64.0,-7.84,official
2026-07-31,EWY,162.6548,161.21,24414486201,150100000.0,4900000.0,797008544.0,896791645.0,1693800138.0,-52.0,-0.888,official
2026-08-03,EWY,162.7535,157.1,25169833219,154650000.0,4550000.0,740528557.0,14818472.0,755347018.0,-11.0,-3.474,official
2026-07-23,DRAM,57.2134,58.3,25910761453,452879246.0,,,,,,1.899,estimated
2026-07-24,DRAM,54.53,53.2,24917064816,456920000.0,,,,,,-2.44,official
2026-07-27,DRAM,54.34,52.43,24990525542,459870000.0,2950000.0,160303000.0,-86814800.0,73460726.0,-27474.0,-3.52,official
2026-07-28,DRAM,48.01,47.77,22076961038,459850000.0,-20000.0,-960200.0,-2910977100.0,-2913564504.0,-1627204.0,-0.5,official
2026-07-29,DRAM,44.77,44.85,20605948768,460300000.0,450000.0,20146500.0,-1489914000.0,-1471012270.0,-1244770.0,0.19,official
2026-07-30,DRAM,47.48,52.34,21955832220,462450000.0,2150000.0,102082000.0,1247413000.0,1349883452.0,388452.0,10.24,official
2026-07-31,DRAM,53.1,50.37,24554744628,462450000.0,0.0,0.0,2598969000.0,2598912408.0,-56592.0,-5.14,official
2026-08-03,DRAM,51.04,51.13,23922303533,468660000.0,6210000.0,316958400.0,-952647000.0,-632441095.0,3247505.0,0.17,official
2026-06-24,RAM,23.7,23.79,,,,,,,,0.38,partial
2026-06-25,RAM,28.38,28.71,,,,,,,,1.163,partial
2026-06-26,RAM,24.66,24.82,,,,,,,,0.649,partial
2026-06-29,RAM,24.67,24.74,,,,,,,,0.284,partial
2026-06-30,RAM,25.96,26.0,,,,,,,,0.154,partial
2026-07-01,RAM,20.11,20.24,,,,,,,,0.646,partial
2026-07-02,RAM,16.87,16.96,,,,,,,,0.533,partial
2026-07-06,RAM,19.17,19.11,,,,,,,,-0.313,partial
2026-07-07,RAM,16.69,16.73,,,,,,,,0.24,partial
2026-07-08,RAM,17.48,17.45,,,,,,,,-0.172,partial
2026-07-09,RAM,18.76,18.79,,,,,,,,0.16,partial
2026-07-10,RAM,17.97,18.0,,,,,,,,0.167,partial
2026-07-13,RAM,14.69,14.67,,,,,,,,-0.136,partial
2026-07-14,RAM,16.7,16.72,,,,,,,,0.12,partial
2026-07-15,RAM,14.6,14.59,,,,,,,,-0.069,partial
2026-07-16,RAM,12.0,12.05,,,,,,,,0.417,partial
2026-07-17,RAM,12.16,12.16,,,,,,,,0.0,partial
2026-07-20,RAM,12.32,12.34,,,,,,,,0.162,partial
2026-07-21,RAM,15.0,15.02,,,,,,,,0.133,partial
2026-07-22,RAM,14.44,14.42,,,,,,,,-0.139,partial
2026-07-23,RAM,14.45,14.71,,,,,,,,1.799,partial
2026-07-24,RAM,12.1,12.17,,,,,,,,0.579,partial
2026-07-27,RAM,11.74,11.71,,,,,,,,-0.256,partial
2026-07-28,RAM,9.65,9.61,437840656,45390000.0,,,,,,-0.38,official
2026-07-29,RAM,8.46,8.4,390989608,46220000.0,830000.0,7021800.0,-54014100.0,-46851048.0,141252.0,-0.7,official
2026-07-30,RAM,11.27,11.13,516903386,45860000.0,-360000.0,-4057200.0,129878200.0,125913778.0,92778.0,-1.25,official
2026-07-31,RAM,10.41,10.44,469326300,45070000.0,-790000.0,-8223900.0,-39439600.0,-47577086.0,86414.0,0.26,official
2026-08-03,RAM,10.73,10.71,500445543,46660000.0,1590000.0,17060700.0,14422400.0,31119243.0,-363857.0,-0.14,official
